Date,DOY,t,hour,air_temperature,humidity,soil_temperature,Wind,PARi,ambient_CO2,day
19/10/1976,292,0,12,13.2,0.72,12.6,5.555555556,549.44,331,0
19/10/1976,292,1,13,13.6,0.7,12.9,5.583333333,464.6,331,0
19/10/1976,292,2,14,13.6,0.71,12.8,4.805555556,274.72,331,0
19/10/1976,292,3,15,13.3,0.72,12.5,4.416666667,171.7,331,0
19/10/1976,292,4,16,12.9,0.74,12.2,4.111111111,96.96,331,0
19/10/1976,292,5,17,12.2,0.77,11.7,4.472222222,12.12,331,0
19/10/1976,292,6,18,11.4,0.81,11.2,4.722222222,0,331,0
19/10/1976,292,7,19,11,0.85,10.9,4.583333333,0,331,0
19/10/1976,292,8,20,10.8,0.87,10.9,4.416666667,0,331,0
19/10/1976,292,9,21,10.5,0.9,10.7,4.416666667,0,331,0
19/10/1976,292,10,22,10,0.92,10.5,4.333333333,0,331,0
19/10/1976,292,11,23,9.6,0.93,10.2,4.583333333,0,331,0
20/10/1976,293,12,24,9.4,0.93,10,4.416666667,0,331,1
20/10/1976,293,13,1,9.1,0.93,9.8,4.416666667,0,331,1
20/10/1976,293,14,2,9,0.93,9.7,4.222222222,0,331,1
20/10/1976,293,15,3,9.1,0.93,9.7,3.611111111,0,331,1
20/10/1976,293,16,4,9,0.94,9.6,3.388888889,0,331,1
20/10/1976,293,17,5,9.2,0.94,9.6,3.583333333,0,331,1
20/10/1976,293,18,6,9.6,0.95,9.8,3.805555556,0,331,1
20/10/1976,293,19,7,10.3,0.94,10.1,4.027777778,20.2,331,1
20/10/1976,293,20,8,10.9,0.93,10.5,4.055555556,98.98,331,1
20/10/1976,293,21,9,11.6,0.91,11,3.944444444,157.56,331,1
20/10/1976,293,22,10,12.1,0.9,11.3,4.194444444,173.72,331,1
20/10/1976,293,23,11,12.9,0.88,11.8,4.805555556,187.86,331,1
20/10/1976,293,24,12,13.6,0.85,12.2,4.833333333,282.8,331,1
20/10/1976,293,25,13,14.2,0.82,12.7,4.972222222,327.24,331,1
20/10/1976,293,26,14,14.7,0.77,13.1,4.972222222,432.28,331,1
20/10/1976,293,27,15,14.6,0.77,13.1,4.527777778,280.78,331,1
20/10/1976,293,28,16,13.8,0.79,12.7,4,139.38,331,1
20/10/1976,293,29,17,12.8,0.83,12.1,3.333333333,8.08,331,1
20/10/1976,293,30,18,12.2,0.86,11.7,3.138888889,0,331,1
20/10/1976,293,31,19,11.8,0.88,11.4,3.111111111,0,331,1
20/10/1976,293,32,20,11.6,0.89,11.2,3.416666667,0,331,1
20/10/1976,293,33,21,11.5,0.9,11.2,3.5,0,331,1
20/10/1976,293,34,22,11.1,0.91,10.9,3.638888889,0,331,1
20/10/1976,293,35,23,10.6,0.93,10.7,3.444444444,0,331,1
21/10/1976,294,36,24,10.2,0.94,10.5,3.361111111,0,331,2
21/10/1976,294,37,1,9.9,0.94,10.3,3.444444444,0,331,2
21/10/1976,294,38,2,9.5,0.95,10.1,3.444444444,0,331,2
21/10/1976,294,39,3,9.3,0.95,10,3.305555556,0,331,2
21/10/1976,294,40,4,9,0.95,9.8,3.611111111,0,331,2
21/10/1976,294,41,5,8.7,0.95,9.6,4.027777778,0,331,2
21/10/1976,294,42,6,8.3,0.96,9.4,4.5,0,331,2
21/10/1976,294,43,7,8.9,0.96,9.6,4.805555556,18.18,331,2
21/10/1976,294,44,8,9.8,0.93,10,5.694444444,109.08,331,2
21/10/1976,294,45,9,10.7,0.9,10.6,6.333333333,161.6,331,2
21/10/1976,294,46,10,11.5,0.85,11.1,6.277777778,236.34,331,2
21/10/1976,294,47,11,12.3,0.8,11.6,6.083333333,381.78,331,2
21/10/1976,294,48,12,12.7,0.76,12.1,5.916666667,476.72,331,2
21/10/1976,294,49,13,12.9,0.74,12.3,6.583333333,547.42,331,2
21/10/1976,294,50,14,13.1,0.72,12.5,6.305555556,418.14,331,2
21/10/1976,294,51,15,12.8,0.72,12.4,5.722222222,343.4,331,2
21/10/1976,294,52,16,12,0.73,11.9,5.805555556,151.5,331,2
21/10/1976,294,53,17,11.1,0.75,11.2,6.222222222,8.08,331,2
21/10/1976,294,54,18,10.8,0.75,10.8,6.527777778,0,331,2
21/10/1976,294,55,19,10.9,0.78,10.7,7.222222222,0,331,2
21/10/1976,294,56,20,10.7,0.79,10.6,7.638888889,0,331,2
21/10/1976,294,57,21,10.7,0.8,10.6,7.805555556,0,331,2
21/10/1976,294,58,22,10.8,0.81,10.6,7.166666667,0,331,2
21/10/1976,294,59,23,11,0.81,10.5,6.805555556,0,331,2
22/10/1976,295,60,24,11.1,0.82,10.6,6.5,0,331,3
22/10/1976,295,61,1,11,0.85,10.6,6.055555556,0,331,3
22/10/1976,295,62,2,10.7,0.87,10.5,5.333333333,0,331,3
22/10/1976,295,63,3,10.5,0.89,10.4,5.027777778,0,331,3
22/10/1976,295,64,4,10.3,0.91,10.3,4.888888889,0,331,3
22/10/1976,295,65,5,10.1,0.92,10.2,4.694444444,0,331,3
22/10/1976,295,66,6,9.7,0.94,10,4.694444444,0,331,3
22/10/1976,295,67,7,9.8,0.95,10.1,4.583333333,22.22,331,3
22/10/1976,295,68,8,10.3,0.95,10.3,5.027777778,155.54,331,3
22/10/1976,295,69,9,11.5,0.89,11.2,6.111111111,303,331,3
22/10/1976,295,70,10,12.3,0.84,11.8,5.5,327.24,331,3
22/10/1976,295,71,11,12.7,0.82,12.2,5,329.26,331,3
22/10/1976,295,72,12,13.1,0.78,12.6,4.833333333,339.36,331,3
22/10/1976,295,73,13,13.8,0.71,13.2,4.305555556,399.96,331,3
22/10/1976,295,74,14,13.9,0.69,13.3,3.777777778,272.7,331,3
22/10/1976,295,75,15,13.6,0.73,12.9,3.722222222,143.42,331,3
22/10/1976,295,76,16,12.8,0.78,12.5,3.083333333,50.5,331,3
22/10/1976,295,77,17,12,0.84,11.9,3.277777778,2.02,331,3
22/10/1976,295,78,18,11.5,0.9,11.6,3.5,0,331,3
22/10/1976,295,79,19,10.9,0.92,11.3,3.777777778,0,331,3
22/10/1976,295,80,20,10.9,0.94,11.2,4.333333333,0,331,3
22/10/1976,295,81,21,11,0.94,11.2,4.888888889,0,331,3
22/10/1976,295,82,22,11.3,0.93,11.2,5.277777778,0,331,3
22/10/1976,295,83,23,11.5,0.91,11.2,5.333333333,0,331,3
23/10/1976,296,84,24,11.3,0.9,11.1,5.361111111,0,331,4
23/10/1976,296,85,1,11.1,0.9,11,5.416666667,0,331,4
23/10/1976,296,86,2,10.8,0.89,10.9,5.75,0,331,4
23/10/1976,296,87,3,10.5,0.88,10.7,5.777777778,0,331,4
23/10/1976,296,88,4,10.2,0.87,10.4,5.555555556,0,331,4
23/10/1976,296,89,5,9.9,0.85,10.2,5.694444444,0,331,4
23/10/1976,296,90,6,9.6,0.85,10,5.833333333,0,331,4
23/10/1976,296,91,7,9.4,0.86,9.9,5.972222222,24.24,331,4
23/10/1976,296,92,8,10.1,0.84,10.2,6.361111111,179.78,331,4
23/10/1976,296,93,9,11.3,0.8,10.9,6.194444444,379.76,331,4
23/10/1976,296,94,10,12.2,0.76,11.6,6.194444444,490.86,331,4
23/10/1976,296,95,11,13,0.73,12.2,6.333333333,492.88,331,4
23/10/1976,296,96,12,14,0.7,12.8,6.138888889,450.46,331,4
23/10/1976,296,97,13,14.9,0.66,13.4,6.083333333,466.62,331,4
23/10/1976,296,98,14,15.4,0.65,13.8,6.277777778,458.54,331,4
23/10/1976,296,99,15,15.2,0.64,13.7,5.916666667,315.12,331,4
23/10/1976,296,100,16,14.6,0.64,13.2,5.694444444,107.06,331,4
23/10/1976,296,101,17,13.9,0.65,12.6,5.75,6.06,331,4
23/10/1976,296,102,18,13.6,0.66,12.3,5.722222222,0,331,4
23/10/1976,296,103,19,13,0.7,12.2,5.361111111,0,331,4
23/10/1976,296,104,20,12.6,0.74,12,5,0,331,4
23/10/1976,296,105,21,12.2,0.78,11.8,4.694444444,0,331,4
23/10/1976,296,106,22,12,0.8,11.7,4.305555556,0,331,4
23/10/1976,296,107,23,11.8,0.82,11.5,3.833333333,0,331,4
24/10/1976,297,108,24,11.5,0.84,11.4,3.694444444,0,331,5
24/10/1976,297,109,1,11.2,0.86,11.2,3.5,0,331,5
24/10/1976,297,110,2,10.9,0.89,11.1,3.305555556,0,331,5
24/10/1976,297,111,3,10.7,0.9,11,3.333333333,0,331,5
24/10/1976,297,112,4,10.6,0.92,10.9,3.138888889,0,331,5
24/10/1976,297,113,5,10.5,0.92,10.8,3,0,331,5
24/10/1976,297,114,6,10.4,0.92,10.7,2.944444444,0,331,5
24/10/1976,297,115,7,10.4,0.94,10.8,3.055555556,4.04,331,5
24/10/1976,297,116,8,10.4,0.94,10.8,2.722222222,24.24,331,5
24/10/1976,297,117,9,10.6,0.93,11,3.055555556,54.54,331,5
24/10/1976,297,118,10,10.8,0.9,11.2,2.972222222,103.02,331,5
24/10/1976,297,119,11,11.5,0.86,11.6,2.25,292.9,331,5
24/10/1976,297,120,12,12.6,0.79,12.8,2.277777778,626.2,331,5
24/10/1976,297,121,13,13,0.73,13.4,2.722222222,723.16,331,5
24/10/1976,297,122,14,13.1,0.71,13.5,2.555555556,521.16,331,5
24/10/1976,297,123,15,12.9,0.71,13.1,1.388888889,288.86,331,5
24/10/1976,297,124,16,12.4,0.74,12.4,0.805555556,119.18,331,5
24/10/1976,297,125,17,11.3,0.8,11.5,1.861111111,6.06,331,5
24/10/1976,297,126,18,10.5,0.85,10.9,2.138888889,0,331,5
24/10/1976,297,127,19,9.9,0.86,10.6,2.388888889,0,331,5
24/10/1976,297,128,20,10,0.86,10.5,2.694444444,0,331,5
24/10/1976,297,129,21,9.9,0.87,10.4,3.138888889,0,331,5
24/10/1976,297,130,22,9.7,0.88,10.2,4.166666667,0,331,5
24/10/1976,297,131,23,9.6,0.88,10.1,4.583333333,0,331,5
25/10/1976,298,132,24,9.7,0.87,10.2,4.805555556,0,331,6
25/10/1976,298,133,1,9.6,0.87,10.1,5.111111111,0,331,6
25/10/1976,298,134,2,9.5,0.89,10,5.416666667,0,331,6
25/10/1976,298,135,3,9.4,0.89,10,5.611111111,0,331,6
25/10/1976,298,136,4,9.4,0.91,10,5.416666667,0,331,6
25/10/1976,298,137,5,9.3,0.93,9.9,5.388888889,0,331,6
25/10/1976,298,138,6,9.2,0.94,9.8,5.25,0,331,6
25/10/1976,298,139,7,9.3,0.94,9.8,5.111111111,18.18,331,6
25/10/1976,298,140,8,10,0.91,10.2,5,175.74,331,6
25/10/1976,298,141,9,11.1,0.86,10.9,5.083333333,379.76,331,6
25/10/1976,298,142,10,12.4,0.81,11.8,5.055555556,529.24,331,6
25/10/1976,298,143,11,13.5,0.75,12.7,4.805555556,553.48,331,6
25/10/1976,298,144,12,14.2,0.73,13.3,4.583333333,561.56,331,6
25/10/1976,298,145,13,14.8,0.71,13.8,4.055555556,559.54,331,6
25/10/1976,298,146,14,14.9,0.72,13.9,3.833333333,490.86,331,6
25/10/1976,298,147,15,14.5,0.75,13.7,3.75,280.78,331,6
25/10/1976,298,148,16,13.6,0.79,13,4.25,70.7,331,6
25/10/1976,298,149,17,12.7,0.83,12.3,5.055555556,2.02,331,6
25/10/1976,298,150,18,12.5,0.84,12,5.083333333,0,331,6
25/10/1976,298,151,19,11.9,0.87,11.6,4.75,0,331,6
25/10/1976,298,152,20,11.5,0.88,11.3,5,0,331,6
25/10/1976,298,153,21,11.1,0.88,11.1,5.055555556,0,331,6
25/10/1976,298,154,22,10.6,0.9,10.8,4.944444444,0,331,6
25/10/1976,298,155,23,10,0.9,10.5,4.694444444,0,331,6
26/10/1976,299,156,24,9.5,0.91,10.2,4.083333333,0,331,7
26/10/1976,299,157,1,9.1,0.91,9.9,4.305555556,0,331,7
26/10/1976,299,158,2,8.8,0.91,9.7,3.888888889,0,331,7
26/10/1976,299,159,3,8.5,0.91,9.6,3.75,0,331,7
26/10/1976,299,160,4,8.2,0.92,9.4,3.722222222,0,331,7
26/10/1976,299,161,5,7.9,0.92,9.1,3.555555556,0,331,7
26/10/1976,299,162,6,7.5,0.93,8.9,3.194444444,0,331,7
26/10/1976,299,163,7,7,0.93,8.6,3.138888889,16.16,331,7
26/10/1976,299,164,8,7.8,0.9,9,3.305555556,161.6,331,7
26/10/1976,299,165,9,8.9,0.86,9.9,3.277777778,375.72,331,7
26/10/1976,299,166,10,10.1,0.82,10.8,3.611111111,577.72,331,7
26/10/1976,299,167,11,11.2,0.78,11.8,3.361111111,696.9,331,7
26/10/1976,299,168,12,12,0.76,12.5,3.166666667,739.32,331,7
26/10/1976,299,169,13,12.5,0.74,12.9,3.277777778,670.64,331,7
26/10/1976,299,170,14,12.8,0.74,12.9,3.222222222,523.18,331,7
26/10/1976,299,171,15,12.7,0.75,12.6,2.694444444,325.22,331,7
26/10/1976,299,172,16,12,0.8,11.9,2.083333333,115.14,331,7
26/10/1976,299,173,17,10.8,0.85,11,2.305555556,2.02,331,7
26/10/1976,299,174,18,9.9,0.89,10.4,2.611111111,0,331,7
26/10/1976,299,175,19,8.4,0.91,9.7,2.472222222,0,331,7
26/10/1976,299,176,20,7.9,0.92,9.3,2.361111111,0,331,7
26/10/1976,299,177,21,7.3,0.93,8.9,2.5,0,331,7
26/10/1976,299,178,22,7,0.93,8.6,2.805555556,0,331,7
26/10/1976,299,179,23,6.6,0.94,8.4,2.611111111,0,331,7
27/10/1976,300,180,24,6.4,0.94,8.2,2.5,0,331,8
27/10/1976,300,181,1,6,0.95,8,2.611111111,0,331,8
27/10/1976,300,182,2,5.9,0.95,7.9,2.916666667,0,331,8
27/10/1976,300,183,3,5.8,0.95,7.8,2.805555556,0,331,8
27/10/1976,300,184,4,5.7,0.95,7.7,2.805555556,0,331,8
27/10/1976,300,185,5,5.7,0.94,7.6,2.888888889,0,331,8
27/10/1976,300,186,6,5.5,0.95,7.5,2.888888889,0,331,8
27/10/1976,300,187,7,5,0.95,7.4,3.305555556,12.12,331,8
27/10/1976,300,188,8,5.6,0.92,7.8,3.305555556,117.16,331,8
27/10/1976,300,189,9,6.5,0.9,8.4,3.305555556,212.1,331,8
27/10/1976,300,190,10,7.4,0.87,9,3.833333333,309.06,331,8
27/10/1976,300,191,11,8,0.85,9.6,3.805555556,385.82,331,8
27/10/1976,300,192,12,8.4,0.84,9.9,3.5,363.6,331,8
27/10/1976,300,193,13,8.7,0.83,10.1,3.111111111,298.96,331,8
27/10/1976,300,194,14,8.8,0.83,10.1,3.111111111,250.48,331,8
27/10/1976,300,195,15,8.6,0.83,9.9,3.111111111,147.46,331,8
27/10/1976,300,196,16,8.3,0.83,9.6,3.305555556,40.4,331,8
27/10/1976,300,197,17,8.1,0.85,9.3,3.305555556,0,331,8
27/10/1976,300,198,18,7.9,0.85,9,3.305555556,0,331,8
27/10/1976,300,199,19,7,0.86,8.7,3.305555556,0,331,8
27/10/1976,300,200,20,6.9,0.86,8.5,3.611111111,0,331,8
27/10/1976,300,201,21,6.7,0.86,8.4,3.416666667,0,331,8
27/10/1976,300,202,22,6.6,0.87,8.2,3.444444444,0,331,8
27/10/1976,300,203,23,6.5,0.87,8.2,3.444444444,0,331,8
28/10/1976,301,204,24,6.5,0.87,8.1,3.416666667,0,331,9
28/10/1976,301,205,1,6.4,0.87,8,3.5,0,331,9
28/10/1976,301,206,2,6.5,0.87,7.9,3.305555556,0,331,9
28/10/1976,301,207,3,6.4,0.87,7.9,3.25,0,331,9
28/10/1976,301,208,4,6.4,0.87,7.9,3.333333333,0,331,9
28/10/1976,301,209,5,6.4,0.87,7.8,3.583333333,0,331,9
28/10/1976,301,210,6,6.4,0.87,7.7,4.055555556,0,331,9
28/10/1976,301,211,7,5.8,0.86,7.6,4.25,4.04,331,9
28/10/1976,301,212,8,5.9,0.84,7.6,4.305555556,60.6,331,9
28/10/1976,301,213,9,6.2,0.83,7.8,4.222222222,129.28,331,9
28/10/1976,301,214,10,6.5,0.83,8.1,4.833333333,155.54,331,9
28/10/1976,301,215,11,6.9,0.83,8.4,5.027777778,240.38,331,9
28/10/1976,301,216,12,7.2,0.82,8.7,4.916666667,305.02,331,9
28/10/1976,301,217,13,7.4,0.82,8.8,4.805555556,226.24,331,9
28/10/1976,301,218,14,7.5,0.82,8.8,4.805555556,169.68,331,9
28/10/1976,301,219,15,7.5,0.82,8.7,5,96.96,331,9
28/10/1976,301,220,16,7.5,0.82,8.5,4.916666667,36.36,331,9
28/10/1976,301,221,17,7.5,0.82,8.3,4.416666667,0,331,9
28/10/1976,301,222,18,7.5,0.82,8.2,4.388888889,0,331,9
28/10/1976,301,223,19,6.7,0.81,8,4.388888889,0,331,9
28/10/1976,301,224,20,6.8,0.81,7.8,4.416666667,0,331,9
28/10/1976,301,225,21,6.8,0.81,7.8,4.416666667,0,331,9
28/10/1976,301,226,22,6.9,0.8,7.7,4.5,0,331,9
28/10/1976,301,227,23,7,0.8,7.7,4.5,0,331,9
29/10/1976,302,228,24,7.1,0.8,7.7,4.305555556,0,331,10
29/10/1976,302,229,1,7.1,0.8,7.7,4.5,0,331,10
29/10/1976,302,230,2,7.1,0.8,7.7,4.611111111,0,331,10
29/10/1976,302,231,3,7.1,0.8,7.7,4.416666667,0,331,10
29/10/1976,302,232,4,7.1,0.8,7.7,4.222222222,0,331,10
29/10/1976,302,233,5,7.1,0.81,7.7,4.138888889,0,331,10
29/10/1976,302,234,6,7,0.82,7.6,3.833333333,0,331,10
29/10/1976,302,235,7,7,0.84,7.7,3.777777778,4.04,331,10
29/10/1976,302,236,8,7.4,0.84,7.9,3.833333333,52.52,331,10
29/10/1976,302,237,9,8.2,0.82,8.3,3.527777778,133.32,331,10
29/10/1976,302,238,10,8.8,0.81,8.7,3.444444444,139.38,331,10
29/10/1976,302,239,11,9.2,0.82,9,3.416666667,157.56,331,10
29/10/1976,302,240,12,9.9,0.81,9.5,3.388888889,226.24,331,10
29/10/1976,302,241,13,10.6,0.8,10,3.666666667,238.36,331,10
29/10/1976,302,242,14,11,0.81,10.2,2.694444444,177.76,331,10
29/10/1976,302,243,15,11,0.83,10.2,2,115.14,331,10
29/10/1976,302,244,16,10.5,0.86,9.9,1.888888889,34.34,331,10
29/10/1976,302,245,17,9.9,0.9,9.5,2.333333333,0,331,10
29/10/1976,302,246,18,9.3,0.92,9.2,2.611111111,0,331,10
29/10/1976,302,247,19,9.9,0.9,9.3,2.472222222,0,331,10
29/10/1976,302,248,20,10,0.9,9.4,2.111111111,0,331,10
29/10/1976,302,249,21,10,0.9,9.4,2.111111111,0,331,10
29/10/1976,302,250,22,9.8,0.91,9.4,2,0,331,10
29/10/1976,302,251,23,9.7,0.92,9.3,1.888888889,0,331,10
30/10/1976,303,252,24,9.4,0.93,9.1,2.027777778,0,331,11
30/10/1976,303,253,1,9.2,0.93,9,2.111111111,0,331,11
30/10/1976,303,254,2,9,0.94,8.9,2.75,0,331,11
30/10/1976,303,255,3,8.6,0.95,8.7,2.972222222,0,331,11
30/10/1976,303,256,4,8.3,0.95,8.6,2.694444444,0,331,11
30/10/1976,303,257,5,8.2,0.95,8.5,3.277777778,0,331,11
30/10/1976,303,258,6,7.8,0.96,8.3,4.027777778,0,331,11
30/10/1976,303,259,7,6.7,0.97,8,4.472222222,8.08,331,11
30/10/1976,303,260,8,7.2,0.94,8.2,4.222222222,147.46,331,11
30/10/1976,303,261,9,8.2,0.9,8.8,4.694444444,351.48,331,11
30/10/1976,303,262,10,9.3,0.85,9.5,4.333333333,537.32,331,11
30/10/1976,303,263,11,10.2,0.82,10.2,4.805555556,581.76,331,11
30/10/1976,303,264,12,10.7,0.8,10.9,5.055555556,606,331,11
30/10/1976,303,265,13,11,0.78,11.2,5.416666667,478.74,331,11
30/10/1976,303,266,14,10.7,0.78,11.1,5.972222222,337.34,331,11
30/10/1976,303,267,15,10.2,0.76,10.7,6.277777778,167.66,331,11
30/10/1976,303,268,16,9.8,0.76,10.3,6.055555556,34.34,331,11
30/10/1976,303,269,17,9.3,0.77,9.9,5.888888889,0,331,11
30/10/1976,303,270,18,9,0.76,9.6,5.833333333,0,331,11
30/10/1976,303,271,19,8.1,0.78,9.3,5.722222222,0,331,11
30/10/1976,303,272,20,8,0.78,9,5.777777778,0,331,11
30/10/1976,303,273,21,8,0.77,8.9,5.444444444,0,331,11
30/10/1976,303,274,22,7.9,0.78,8.8,5.111111111,0,331,11
30/10/1976,303,275,23,7.7,0.79,8.7,4.833333333,0,331,11
31/10/1976,304,276,24,7.7,0.79,8.5,4.416666667,0,331,12
31/10/1976,304,277,1,7.7,0.79,8.4,4.222222222,0,331,12
31/10/1976,304,278,2,7.5,0.79,8.3,3.861111111,0,331,12
31/10/1976,304,279,3,7.4,0.8,8.2,3.722222222,0,331,12
31/10/1976,304,280,4,7,0.83,7.9,3.333333333,0,331,12
31/10/1976,304,281,5,6.5,0.86,7.6,3.194444444,0,331,12
31/10/1976,304,282,6,6.4,0.86,7.4,2.888888889,0,331,12
31/10/1976,304,283,7,6.2,0.87,7.2,2.611111111,6.06,331,12
31/10/1976,304,284,8,6.8,0.85,7.5,2.805555556,98.98,331,12
31/10/1976,304,285,9,7.9,0.8,8.3,2.694444444,268.66,331,12
31/10/1976,304,286,10,8.6,0.74,9.2,2.972222222,464.6,331,12
31/10/1976,304,287,11,9,0.71,9.7,2.833333333,519.14,331,12
31/10/1976,304,288,12,9.4,0.68,10.3,2.277777778,557.52,331,12
31/10/1976,304,289,13,9.4,0.67,10.4,1.722222222,446.42,331,12
31/10/1976,304,290,14,9.3,0.68,10.4,1.833333333,343.4,331,12
31/10/1976,304,291,15,8.9,0.71,9.9,1.777777778,173.72,331,12
31/10/1976,304,292,16,8.3,0.76,9.2,1.666666667,54.54,331,12
31/10/1976,304,293,17,7.8,0.79,8.6,1.583333333,0,331,12
31/10/1976,304,294,18,7,0.86,8.1,1.305555556,0,331,12
31/10/1976,304,295,19,6.2,0.89,7.6,1.444444444,0,331,12
31/10/1976,304,296,20,5.3,0.92,7,1.777777778,0,331,12
31/10/1976,304,297,21,4.9,0.92,6.5,1.972222222,0,331,12
31/10/1976,304,298,22,4.9,0.92,6.3,2.416666667,0,331,12
31/10/1976,304,299,23,5.1,0.92,6.3,2.944444444,0,331,12
01/11/1976,305,300,24,5,0.92,6.2,3.416666667,0,331,13
01/11/1976,305,301,1,5.1,0.92,6.3,3.777777778,0,331,13
01/11/1976,305,302,2,5.2,0.92,6.3,3.916666667,0,331,13
01/11/1976,305,303,3,5.1,0.92,6.3,4.194444444,0,331,13
01/11/1976,305,304,4,5.1,0.91,6.2,4.388888889,0,331,13
01/11/1976,305,305,5,5,0.91,6.2,4.694444444,0,331,13
01/11/1976,305,306,6,5,0.91,6.1,4.972222222,0,331,13
01/11/1976,305,307,7,5.7,0.89,6.4,5.083333333,6.06,331,13
01/11/1976,305,308,8,6.3,0.88,6.7,5.611111111,94.94,331,13
01/11/1976,305,309,9,7.2,0.86,7.4,5.805555556,216.14,331,13
01/11/1976,305,310,10,8.1,0.84,8.1,6.861111111,313.1,331,13
01/11/1976,305,311,11,9,0.8,8.7,7.055555556,385.82,331,13
01/11/1976,305,312,12,9.7,0.77,9.2,7,339.36,331,13
01/11/1976,305,313,13,10,0.76,9.4,7.055555556,193.92,331,13
01/11/1976,305,314,14,10.1,0.76,9.4,6.888888889,149.48,331,13
01/11/1976,305,315,15,10.2,0.76,9.4,7.222222222,123.22,331,13
01/11/1976,305,316,16,9.9,0.78,9.3,7.416666667,44.44,331,13
01/11/1976,305,317,17,9.7,0.79,9.1,7.527777778,0,331,13
01/11/1976,305,318,18,9.5,0.8,9,7.833333333,0,331,13
01/11/1976,305,319,19,9.3,0.84,8.9,7.861111111,0,331,13
01/11/1976,305,320,20,9.3,0.85,8.9,7.972222222,0,331,13
01/11/1976,305,321,21,9.4,0.86,8.9,8.277777778,0,331,13
01/11/1976,305,322,22,9.3,0.9,8.9,8.611111111,0,331,13
01/11/1976,305,323,23,9.7,0.92,9,8.055555556,0,331,13
02/11/1976,306,324,24,9.9,0.93,9.1,6.083333333,0,331,14
02/11/1976,306,325,1,9.9,0.92,9.1,4.75,0,331,14
02/11/1976,306,326,2,9.7,0.91,9,4.472222222,0,331,14
02/11/1976,306,327,3,9.4,0.91,8.9,4.694444444,0,331,14
02/11/1976,306,328,4,8.8,0.92,8.6,5.277777778,0,331,14
02/11/1976,306,329,5,8.3,0.92,8.4,5.777777778,0,331,14
02/11/1976,306,330,6,7.9,0.92,8.2,6.416666667,0,331,14
02/11/1976,306,331,7,8.1,0.92,8.1,7.055555556,4.04,331,14
02/11/1976,306,332,8,8.7,0.9,8.4,8.083333333,109.08,331,14
02/11/1976,306,333,9,9.3,0.89,8.8,8.861111111,185.84,331,14
02/11/1976,306,334,10,9.8,0.85,9.3,7.611111111,300.98,331,14
02/11/1976,306,335,11,10.2,0.85,9.7,7.5,406.02,331,14
02/11/1976,306,336,12,10.5,0.85,10.1,7.361111111,496.92,331,14
02/11/1976,306,337,13,10.5,0.84,10.4,7.027777778,436.32,331,14
02/11/1976,306,338,14,10,0.79,10.1,6.111111111,238.36,331,14
02/11/1976,306,339,15,9.1,0.81,9.7,6.083333333,113.12,331,14
02/11/1976,306,340,16,8.7,0.84,9.2,4.666666667,30.3,331,14
02/11/1976,306,341,17,8.3,0.87,8.9,4.388888889,0,331,14
02/11/1976,306,342,18,8,0.88,8.6,4.694444444,0,331,14
02/11/1976,306,343,19,7.7,0.88,8.4,4.833333333,0,331,14
02/11/1976,306,344,20,7.5,0.88,8.2,4.694444444,0,331,14
02/11/1976,306,345,21,7.3,0.88,8,4.916666667,0,331,14
02/11/1976,306,346,22,7.1,0.89,7.9,4.722222222,0,331,14
02/11/1976,306,347,23,6.9,0.89,7.8,4.777777778,0,331,14
03/11/1976,307,348,24,6.7,0.9,7.6,4.972222222,0,331,15
03/11/1976,307,349,1,6.3,0.91,7.4,4.861111111,0,331,15
03/11/1976,307,350,2,6.1,0.92,7.3,4.666666667,0,331,15
03/11/1976,307,351,3,5.8,0.93,7.1,4.472222222,0,331,15
03/11/1976,307,352,4,5.6,0.94,6.9,4.166666667,0,331,15
03/11/1976,307,353,5,5.4,0.95,6.8,4.055555556,0,331,15
03/11/1976,307,354,6,5.1,0.96,6.6,3.555555556,0,331,15
03/11/1976,307,355,7,4.8,0.96,6.5,3.083333333,4.04,331,15
03/11/1976,307,356,8,5.3,0.95,6.6,2.944444444,84.84,331,15
03/11/1976,307,357,9,6.2,0.9,7.3,2.666666667,214.12,331,15
03/11/1976,307,358,10,7,0.86,8,2.027777778,278.76,331,15
03/11/1976,307,359,11,7.5,0.83,8.6,1.666666667,298.96,331,15
03/11/1976,307,360,12,7.8,0.8,8.8,1.138888889,309.06,331,15
03/11/1976,307,361,13,7.9,0.79,8.8,0.694444444,220.18,331,15
03/11/1976,307,362,14,7.9,0.78,8.9,1.277777778,210.08,331,15
03/11/1976,307,363,15,7.8,0.79,8.6,1.75,133.32,331,15
03/11/1976,307,364,16,7.5,0.82,8.2,2.222222222,38.38,331,15
03/11/1976,307,365,17,7,0.84,7.6,2.666666667,0,331,15
03/11/1976,307,366,18,6.5,0.87,7.3,2.888888889,0,331,15
03/11/1976,307,367,19,6.3,0.89,7.2,2.777777778,0,331,15
03/11/1976,307,368,20,6.1,0.89,7.1,2.472222222,0,331,15
03/11/1976,307,369,21,6,0.9,7,2.222222222,0,331,15
03/11/1976,307,370,22,6.1,0.9,7,1.916666667,0,331,15
03/11/1976,307,371,23,6,0.9,7,2.25,0,331,15
04/11/1976,308,372,24,6.1,0.9,7,2.416666667,0,331,16
04/11/1976,308,373,1,6.2,0.9,6.9,2.611111111,0,331,16
04/11/1976,308,374,2,6,0.91,6.8,2.277777778,0,331,16
04/11/1976,308,375,3,5.6,0.92,6.6,1.888888889,0,331,16
04/11/1976,308,376,4,5.6,0.92,6.5,1.75,0,331,16
04/11/1976,308,377,5,5.5,0.9,6.2,2.277777778,0,331,16
04/11/1976,308,378,6,5.7,0.88,6.1,2.527777778,0,331,16
04/11/1976,308,379,7,5.7,0.89,6.1,2.555555556,2.02,331,16
04/11/1976,308,380,8,6.5,0.88,6.4,2.805555556,84.84,331,16
04/11/1976,308,381,9,8.2,0.83,7.4,3.388888889,232.3,331,16
04/11/1976,308,382,10,9.6,0.77,8.2,4.5,420.16,331,16
04/11/1976,308,383,11,10.1,0.71,8.9,5.25,500.96,331,16
04/11/1976,308,384,12,10.3,0.68,9.3,5.5,567.62,331,16
04/11/1976,308,385,13,10.2,0.68,9.6,5.611111111,537.32,331,16
04/11/1976,308,386,14,9.9,0.68,9.6,5.222222222,442.38,331,16
04/11/1976,308,387,15,9.2,0.69,9.2,4.972222222,258.56,331,16
04/11/1976,308,388,16,8.1,0.74,8.5,4.194444444,58.58,331,16
04/11/1976,308,389,17,7.2,0.78,7.8,4.25,0,331,16
04/11/1976,308,390,18,6.8,0.8,7.4,4.694444444,0,331,16
04/11/1976,308,391,19,6.4,0.82,7.1,5.277777778,0,331,16
04/11/1976,308,392,20,6.1,0.83,6.9,5.694444444,0,331,16
04/11/1976,308,393,21,5.8,0.84,6.7,6.111111111,0,331,16
04/11/1976,308,394,22,5.5,0.84,6.5,6.305555556,0,331,16
04/11/1976,308,395,23,5.3,0.84,6.3,6.444444444,0,331,16
05/11/1976,309,396,24,5.1,0.83,6.2,6.416666667,0,331,17
05/11/1976,309,397,1,4.9,0.83,6,6.416666667,0,331,17
05/11/1976,309,398,2,4.8,0.82,5.9,6.75,0,331,17
05/11/1976,309,399,3,4.9,0.8,5.8,7.416666667,0,331,17
05/11/1976,309,400,4,4.8,0.79,5.8,7.805555556,0,331,17
05/11/1976,309,401,5,5.1,0.78,5.8,8.305555556,0,331,17
05/11/1976,309,402,6,5.5,0.76,6,8.805555556,0,331,17
05/11/1976,309,403,7,5.9,0.76,6.3,9.305555556,0,331,17
05/11/1976,309,404,8,6.3,0.77,6.5,9.638888889,18.18,331,17
05/11/1976,309,405,9,6.4,0.8,6.5,9.583333333,18.18,331,17
05/11/1976,309,406,10,6.7,0.82,6.6,9.138888889,40.4,331,17
05/11/1976,309,407,11,7.2,0.83,6.9,8.805555556,68.68,331,17
05/11/1976,309,408,12,7.9,0.84,7.4,7.833333333,157.56,331,17
05/11/1976,309,409,13,8.4,0.84,7.8,6.944444444,216.14,331,17
05/11/1976,309,410,14,8.9,0.84,8.2,6.111111111,246.44,331,17
05/11/1976,309,411,15,8.8,0.84,8.2,5.722222222,167.66,331,17
05/11/1976,309,412,16,8.3,0.87,7.9,5.138888889,48.48,331,17
05/11/1976,309,413,17,7.5,0.9,7.5,5.388888889,0,331,17
05/11/1976,309,414,18,6.9,0.92,7.1,5.583333333,0,331,17
05/11/1976,309,415,19,6.3,0.94,6.8,5.638888889,0,331,17
05/11/1976,309,416,20,6,0.94,6.6,5.472222222,0,331,17
05/11/1976,309,417,21,5.9,0.94,6.5,5.361111111,0,331,17
05/11/1976,309,418,22,5.8,0.95,6.4,5.222222222,0,331,17
05/11/1976,309,419,23,5.6,0.95,6.3,5.111111111,0,331,17
06/11/1976,310,420,24,5.4,0.95,6.2,5.111111111,0,331,18
06/11/1976,310,421,1,5.3,0.95,6.1,5.055555556,0,331,18
06/11/1976,310,422,2,5.2,0.96,6,5.111111111,0,331,18
06/11/1976,310,423,3,5.1,0.96,6,4.888888889,0,331,18
06/11/1976,310,424,4,4.9,0.96,5.9,4.75,0,331,18
06/11/1976,310,425,5,4.9,0.95,5.8,4.75,0,331,18
06/11/1976,310,426,6,4.9,0.95,5.8,4.694444444,0,331,18
06/11/1976,310,427,7,5.2,0.93,5.8,4.722222222,2.02,331,18
06/11/1976,310,428,8,5.9,0.9,6.2,4.833333333,46.46,331,18
06/11/1976,310,429,9,6.6,0.88,6.6,5.305555556,119.18,331,18
06/11/1976,310,430,10,7.3,0.86,7,5.583333333,135.34,331,18
06/11/1976,310,431,11,8.3,0.83,7.7,5.722222222,143.42,331,18
06/11/1976,310,432,12,9,0.8,8.2,5.888888889,127.26,331,18
06/11/1976,310,433,13,9.5,0.78,8.5,5.805555556,165.64,331,18
06/11/1976,310,434,14,9.7,0.74,8.6,6,228.26,331,18
06/11/1976,310,435,15,9.6,0.72,8.6,5.888888889,131.3,331,18
06/11/1976,310,436,16,9.1,0.72,8.3,5.805555556,34.34,331,18
06/11/1976,310,437,17,8.6,0.73,8,5.722222222,0,331,18
06/11/1976,310,438,18,8.4,0.74,7.8,5.583333333,0,331,18
06/11/1976,310,439,19,7.8,0.76,7.5,5.611111111,0,331,18
06/11/1976,310,440,20,7.6,0.76,7.4,5.416666667,0,331,18
06/11/1976,310,441,21,7.5,0.76,7.3,5.472222222,0,331,18
06/11/1976,310,442,22,7.3,0.78,7.2,4.916666667,0,331,18
06/11/1976,310,443,23,7.1,0.81,7,4.472222222,0,331,18
07/11/1976,311,444,24,7.2,0.84,7.1,4.444444444,0,331,19
07/11/1976,311,445,1,7.5,0.85,7.2,4.333333333,0,331,19
07/11/1976,311,446,2,7.8,0.86,7.3,4.361111111,0,331,19
07/11/1976,311,447,3,8.2,0.87,7.5,4.305555556,0,331,19
07/11/1976,311,448,4,8.4,0.88,7.7,4.027777778,0,331,19
07/11/1976,311,449,5,8.4,0.9,7.8,3.777777778,0,331,19
07/11/1976,311,450,6,8.5,0.92,7.9,3.527777778,0,331,19
07/11/1976,311,451,7,8.4,0.95,8,3.361111111,0,331,19
07/11/1976,311,452,8,8.7,0.96,8.1,3.222222222,12.12,331,19
07/11/1976,311,453,9,9.2,0.95,8.4,3.388888889,36.36,331,19
07/11/1976,311,454,10,9.8,0.94,8.7,3.694444444,72.72,331,19
07/11/1976,311,455,11,10.2,0.93,9,3.527777778,137.36,331,19
07/11/1976,311,456,12,10.6,0.89,9.3,4,173.72,331,19
07/11/1976,311,457,13,10.6,0.86,9.5,4.333333333,204.02,331,19
07/11/1976,311,458,14,10.4,0.85,9.4,4.583333333,216.14,331,19
07/11/1976,311,459,15,10,0.86,9.3,4.388888889,165.64,331,19
07/11/1976,311,460,16,9.3,0.9,8.9,4.194444444,38.38,331,19
07/11/1976,311,461,17,8.8,0.91,8.6,4.611111111,0,331,19
07/11/1976,311,462,18,8.4,0.91,8.3,5.055555556,0,331,19
07/11/1976,311,463,19,8.1,0.9,8.1,5.138888889,0,331,19
07/11/1976,311,464,20,7.7,0.89,7.9,4.916666667,0,331,19
07/11/1976,311,465,21,7.2,0.9,7.7,4.861111111,0,331,19
07/11/1976,311,466,22,6.8,0.9,7.4,4.861111111,0,331,19
07/11/1976,311,467,23,6.6,0.9,7.2,5,0,331,19
08/11/1976,312,468,24,6.5,0.9,7.1,5.305555556,0,331,20
08/11/1976,312,469,1,6.3,0.91,6.9,5.277777778,0,331,20
08/11/1976,312,470,2,6,0.92,6.8,5,0,331,20
08/11/1976,312,471,3,6,0.92,6.7,5.083333333,0,331,20
08/11/1976,312,472,4,5.8,0.93,6.5,5.388888889,0,331,20
08/11/1976,312,473,5,5.8,0.93,6.5,5.888888889,0,331,20
08/11/1976,312,474,6,5.9,0.93,6.5,6.25,0,331,20
08/11/1976,312,475,7,6.5,0.93,6.8,6.305555556,0,331,20
08/11/1976,312,476,8,7,0.9,7.1,6.416666667,50.5,331,20
08/11/1976,312,477,9,7.4,0.88,7.4,7.472222222,129.28,331,20
08/11/1976,312,478,10,7.9,0.83,7.8,7.527777778,222.2,331,20
08/11/1976,312,479,11,8.7,0.78,8.2,6.916666667,278.76,331,20
08/11/1976,312,480,12,9.1,0.77,8.6,6.694444444,260.58,331,20
08/11/1976,312,481,13,9.3,0.78,8.8,5.5,183.82,331,20
08/11/1976,312,482,14,9.4,0.78,8.8,5.333333333,115.14,331,20
08/11/1976,312,483,15,9.1,0.78,8.7,6.138888889,78.78,331,20
08/11/1976,312,484,16,8.6,0.81,8.5,5,18.18,331,20
08/11/1976,312,485,17,8,0.85,8.1,4.472222222,0,331,20
08/11/1976,312,486,18,7.5,0.88,7.7,4.25,0,331,20
08/11/1976,312,487,19,7.5,0.89,7.5,4.388888889,0,331,20
08/11/1976,312,488,20,7.9,0.88,7.6,5.194444444,0,331,20
08/11/1976,312,489,21,8.1,0.88,7.6,5.833333333,0,331,20
08/11/1976,312,490,22,8.1,0.87,7.6,6.305555556,0,331,20
08/11/1976,312,491,23,7.7,0.88,7.5,6.333333333,0,331,20
09/11/1976,313,492,24,7.7,0.88,7.5,6,0,331,21
09/11/1976,313,493,1,7.6,0.88,7.4,5.833333333,0,331,21
09/11/1976,313,494,2,7.7,0.88,7.5,5.444444444,0,331,21
09/11/1976,313,495,3,7.7,0.88,7.5,5.138888889,0,331,21
09/11/1976,313,496,4,7.6,0.89,7.5,5.027777778,0,331,21
09/11/1976,313,497,5,7.4,0.9,7.4,5.166666667,0,331,21
09/11/1976,313,498,6,7.4,0.9,7.4,5.638888889,0,331,21
09/11/1976,313,499,7,7.2,0.92,7.4,6.138888889,0,331,21
09/11/1976,313,500,8,7.1,0.93,7.4,6.277777778,48.48,331,21
09/11/1976,313,501,9,7.4,0.91,7.6,6.777777778,153.52,331,21
09/11/1976,313,502,10,7.7,0.87,7.9,7.777777778,274.72,331,21
09/11/1976,313,503,11,8.1,0.82,8.2,8.194444444,309.06,331,21
09/11/1976,313,504,12,8.4,0.79,8.5,7.861111111,345.42,331,21
09/11/1976,313,505,13,8.5,0.78,8.5,6.888888889,248.46,331,21
09/11/1976,313,506,14,8.6,0.78,8.6,6.277777778,240.38,331,21
09/11/1976,313,507,15,8.4,0.78,8.5,5.277777778,153.52,331,21
09/11/1976,313,508,16,8.2,0.8,8.2,4.555555556,32.32,331,21
09/11/1976,313,509,17,8.2,0.81,8.1,4.083333333,0,331,21
09/11/1976,313,510,18,8.2,0.81,8,3.5,0,331,21
09/11/1976,313,511,19,8,0.82,7.9,3.305555556,0,331,21
09/11/1976,313,512,20,7.9,0.83,7.9,2.75,0,331,21
09/11/1976,313,513,21,7.3,0.87,7.6,2.555555556,0,331,21
09/11/1976,313,514,22,7,0.89,7.3,2.777777778,0,331,21
09/11/1976,313,515,23,6.6,0.9,7.1,3.25,0,331,21
10/11/1976,314,516,24,6.5,0.91,6.9,3.5,0,331,22
10/11/1976,314,517,1,6.8,0.9,7,3.527777778,0,331,22
10/11/1976,314,518,2,6.9,0.9,7.1,3.444444444,0,331,22
10/11/1976,314,519,3,7,0.92,7.2,3.694444444,0,331,22
10/11/1976,314,520,4,7.2,0.92,7.3,3.805555556,0,331,22
10/11/1976,314,521,5,7.4,0.91,7.3,4.361111111,0,331,22
10/11/1976,314,522,6,7.5,0.92,7.4,4.361111111,0,331,22
10/11/1976,314,523,7,7.9,0.92,7.6,4.361111111,0,331,22
10/11/1976,314,524,8,8.4,0.92,7.8,4.694444444,18.18,331,22
10/11/1976,314,525,9,9.2,0.92,8.1,4.75,24.24,331,22
10/11/1976,314,526,10,10.3,0.91,8.6,6.138888889,66.66,331,22
10/11/1976,314,527,11,11.3,0.89,9.1,7.027777778,193.92,331,22
10/11/1976,314,528,12,11.7,0.89,9.5,7.555555556,222.2,331,22
10/11/1976,314,529,13,11.6,0.89,9.7,6.527777778,141.4,331,22
10/11/1976,314,530,14,11.5,0.89,9.8,6.305555556,139.38,331,22
10/11/1976,314,531,15,11.2,0.87,9.7,6.472222222,105.04,331,22
10/11/1976,314,532,16,10.7,0.88,9.5,6.277777778,26.26,331,22
10/11/1976,314,533,17,10.2,0.89,9.2,6.083333333,0,331,22
10/11/1976,314,534,18,9.8,0.9,9,5.333333333,0,331,22
10/11/1976,314,535,19,8.9,0.93,8.7,4.361111111,0,331,22
10/11/1976,314,536,20,8.7,0.93,8.6,3.166666667,0,331,22
10/11/1976,314,537,21,8.6,0.92,8.5,2.388888889,0,331,22
10/11/1976,314,538,22,8.3,0.92,8.3,1.722222222,0,331,22
10/11/1976,314,539,23,7.8,0.93,7.9,1.833333333,0,331,22
11/11/1976,315,540,24,7.3,0.93,7.6,2,0,331,23
11/11/1976,315,541,1,6.7,0.93,7.1,2.166666667,0,331,23
11/11/1976,315,542,2,6.2,0.94,6.9,2.194444444,0,331,23
11/11/1976,315,543,3,5.4,0.95,6.4,1.972222222,0,331,23
11/11/1976,315,544,4,5.7,0.93,5.9,1.833333333,0,331,23
11/11/1976,315,545,5,5.6,0.93,5.6,1.638888889,0,331,23
11/11/1976,315,546,6,4.9,0.95,5.5,1.972222222,0,331,23
11/11/1976,315,547,7,4.9,0.97,5.5,2.222222222,0,331,23
11/11/1976,315,548,8,5.6,0.96,6,1.722222222,30.3,331,23
11/11/1976,315,549,9,7,0.95,6.8,1.694444444,92.92,331,23
11/11/1976,315,550,10,8.3,0.91,7.7,1.638888889,143.42,331,23
11/11/1976,315,551,11,8.6,0.91,8,1.666666667,145.44,331,23
11/11/1976,315,552,12,8.7,0.89,8.2,1.722222222,185.84,331,23
11/11/1976,315,553,13,9,0.88,8.5,1.972222222,197.96,331,23
11/11/1976,315,554,14,9,0.88,8.6,1.5,185.84,331,23
11/11/1976,315,555,15,8.3,0.89,8.3,1.388888889,141.4,331,23
11/11/1976,315,556,16,7.5,0.89,7.7,1.694444444,28.28,331,23
11/11/1976,315,557,17,6.9,0.92,7.3,1.527777778,0,331,23
11/11/1976,315,558,18,6.1,0.93,6.9,1.805555556,0,331,23
11/11/1976,315,559,19,6.1,0.94,6.8,2.138888889,0,331,23
11/11/1976,315,560,20,5.8,0.95,6.6,2.277777778,0,331,23
11/11/1976,315,561,21,5.3,0.96,6.3,2.611111111,0,331,23
11/11/1976,315,562,22,5.1,0.96,6.1,3.027777778,0,331,23
11/11/1976,315,563,23,4.7,0.95,5.9,3.166666667,0,331,23
12/11/1976,316,564,24,4.4,0.95,5.7,3.333333333,0,331,24
12/11/1976,316,565,1,4,0.94,5.4,3.638888889,0,331,24
12/11/1976,316,566,2,3.9,0.93,5.3,3.694444444,0,331,24
12/11/1976,316,567,3,3.7,0.93,5.2,3.805555556,0,331,24
12/11/1976,316,568,4,3.8,0.93,5.1,4.111111111,0,331,24
12/11/1976,316,569,5,3.9,0.92,5.1,4.333333333,0,331,24
12/11/1976,316,570,6,4,0.92,5.2,4.444444444,0,331,24
12/11/1976,316,571,7,3.2,0.94,4.9,4.361111111,0,331,24
12/11/1976,316,572,8,3.5,0.94,5,4.416666667,66.66,331,24
12/11/1976,316,573,9,4.4,0.91,5.5,4.166666667,234.32,331,24
12/11/1976,316,574,10,5.3,0.87,6.1,4.333333333,404,331,24
12/11/1976,316,575,11,6,0.83,6.7,4.416666667,513.08,331,24
12/11/1976,316,576,12,6.5,0.78,7.1,4.75,545.4,331,24
12/11/1976,316,577,13,6.8,0.74,7.4,5.166666667,509.04,331,24
12/11/1976,316,578,14,6.8,0.73,7.3,4.944444444,371.68,331,24
12/11/1976,316,579,15,6.5,0.75,7,4.027777778,181.8,331,24
12/11/1976,316,580,16,6.1,0.76,6.6,3.805555556,30.3,331,24
12/11/1976,316,581,17,5.9,0.78,6.3,3.722222222,0,331,24
12/11/1976,316,582,18,5.9,0.79,6.2,3.75,0,331,24
12/11/1976,316,583,19,6,0.81,6.2,3.833333333,0,331,24
12/11/1976,316,584,20,5.9,0.82,6.2,3.694444444,0,331,24
12/11/1976,316,585,21,5.7,0.83,6,3.638888889,0,331,24
12/11/1976,316,586,22,5.6,0.84,6,3.555555556,0,331,24
12/11/1976,316,587,23,5.3,0.85,5.8,3.305555556,0,331,24
13/11/1976,317,588,24,5.2,0.86,5.8,3.305555556,0,331,25
13/11/1976,317,589,1,5.1,0.86,5.7,3.305555556,0,331,25
13/11/1976,317,590,2,5,0.86,5.7,3.305555556,0,331,25
13/11/1976,317,591,3,5,0.87,5.7,3.138888889,0,331,25
13/11/1976,317,592,4,5,0.87,5.7,3.166666667,0,331,25
13/11/1976,317,593,5,4.9,0.88,5.6,3.111111111,0,331,25
13/11/1976,317,594,6,4.8,0.91,5.6,3.027777778,0,331,25
13/11/1976,317,595,7,4.9,0.91,5.5,3.166666667,0,331,25
13/11/1976,317,596,8,5.1,0.91,5.6,3.5,28.28,331,25
13/11/1976,317,597,9,5.7,0.91,5.9,3.388888889,78.78,331,25
13/11/1976,317,598,10,5.9,0.91,6.2,3.888888889,137.36,331,25
13/11/1976,317,599,11,6.4,0.9,6.5,3.916666667,197.96,331,25
13/11/1976,317,600,12,6.9,0.88,6.7,3.75,226.24,331,25
13/11/1976,317,601,13,7.3,0.88,7,4.055555556,167.66,331,25
13/11/1976,317,602,14,7.2,0.9,7,4.305555556,157.56,331,25
13/11/1976,317,603,15,7.2,0.9,6.9,4.138888889,76.76,331,25
13/11/1976,317,604,16,6.9,0.9,6.7,4.361111111,12.12,331,25
13/11/1976,317,605,17,6.8,0.91,6.6,4.5,0,331,25
13/11/1976,317,606,18,6.7,0.92,6.6,4.333333333,0,331,25
13/11/1976,317,607,19,6.8,0.9,6.6,4.055555556,0,331,25
13/11/1976,317,608,20,6.7,0.9,6.6,3.666666667,0,331,25
13/11/1976,317,609,21,6.6,0.91,6.5,3.388888889,0,331,25
13/11/1976,317,610,22,6.4,0.91,6.5,3.388888889,0,331,25
13/11/1976,317,611,23,6.3,0.91,6.4,3.222222222,0,331,25
14/11/1976,318,612,24,6,0.91,6.2,3.416666667,0,331,26
14/11/1976,318,613,1,5.7,0.92,6,3.555555556,0,331,26
14/11/1976,318,614,2,5.6,0.92,6,3.472222222,0,331,26
14/11/1976,318,615,3,5.5,0.92,5.9,3.333333333,0,331,26
14/11/1976,318,616,4,5.6,0.92,5.9,3.194444444,0,331,26
14/11/1976,318,617,5,5.4,0.93,5.8,3.138888889,0,331,26
14/11/1976,318,618,6,5.7,0.93,5.9,3.416666667,0,331,26
14/11/1976,318,619,7,6.2,0.92,6,3.694444444,0,331,26
14/11/1976,318,620,8,6.6,0.91,6.3,3.972222222,16.16,331,26
14/11/1976,318,621,9,7,0.9,6.6,3.888888889,68.68,331,26
14/11/1976,318,622,10,7.4,0.87,7,4.722222222,153.52,331,26
14/11/1976,318,623,11,7.6,0.87,7.2,4.361111111,163.62,331,26
14/11/1976,318,624,12,7.7,0.86,7.3,3.75,167.66,331,26
14/11/1976,318,625,13,7.9,0.85,7.5,3.222222222,169.68,331,26
14/11/1976,318,626,14,7.8,0.86,7.5,3.222222222,115.14,331,26
14/11/1976,318,627,15,7.7,0.87,7.4,2.916666667,64.64,331,26
14/11/1976,318,628,16,7.4,0.88,7.2,2.916666667,16.16,331,26
14/11/1976,318,629,17,7.2,0.89,7.1,2.805555556,0,331,26
14/11/1976,318,630,18,6.9,0.9,6.9,2.555555556,0,331,26
14/11/1976,318,631,19,6.4,0.9,6.6,2.472222222,0,331,26
14/11/1976,318,632,20,6,0.92,6.3,2.416666667,0,331,26
14/11/1976,318,633,21,5.8,0.92,6.1,2.333333333,0,331,26
14/11/1976,318,634,22,5.6,0.93,6,2.527777778,0,331,26
14/11/1976,318,635,23,5.5,0.93,5.9,2.388888889,0,331,26
15/11/1976,319,636,24,5.4,0.93,5.9,2.472222222,0,331,27
15/11/1976,319,637,1,5.4,0.92,5.8,2.5,0,331,27
15/11/1976,319,638,2,5.4,0.9,5.7,2.583333333,0,331,27
15/11/1976,319,639,3,5.6,0.89,5.8,2.805555556,0,331,27
15/11/1976,319,640,4,5.8,0.88,5.8,2.972222222,0,331,27
15/11/1976,319,641,5,5.9,0.87,5.8,2.944444444,0,331,27
15/11/1976,319,642,6,5.8,0.9,5.9,2.777777778,0,331,27
15/11/1976,319,643,7,6.2,0.89,6.1,2.722222222,0,331,27
15/11/1976,319,644,8,6.2,0.9,6.2,2.75,22.22,331,27
15/11/1976,319,645,9,6.6,0.89,6.6,2.722222222,72.72,331,27
15/11/1976,319,646,10,6.9,0.86,6.9,3.194444444,117.16,331,27
15/11/1976,319,647,11,7.2,0.84,7.3,3.194444444,161.6,331,27
15/11/1976,319,648,12,7.4,0.82,7.5,3.111111111,183.82,331,27
15/11/1976,319,649,13,7.6,0.8,7.7,3.027777778,272.7,331,27
15/11/1976,319,650,14,7.6,0.8,7.7,3.25,232.3,331,27
15/11/1976,319,651,15,7.3,0.82,7.5,2.861111111,133.32,331,27
15/11/1976,319,652,16,6.5,0.85,6.9,2.388888889,18.18,331,27
15/11/1976,319,653,17,5.8,0.88,6.4,2.222222222,0,331,27
15/11/1976,319,654,18,5.3,0.9,6,2.5,0,331,27
15/11/1976,319,655,19,4.9,0.91,5.7,2.138888889,0,331,27
15/11/1976,319,656,20,3.8,0.94,5.1,2.416666667,0,331,27
15/11/1976,319,657,21,2.7,0.96,4.4,1.972222222,0,331,27
15/11/1976,319,658,22,2,0.96,4,2.444444444,0,331,27
15/11/1976,319,659,23,1.7,0.97,3.6,2.694444444,0,331,27
16/11/1976,320,660,24,1.5,0.97,3.3,2.638888889,0,331,28
16/11/1976,320,661,1,1.1,0.99,3.1,2.611111111,0,331,28
16/11/1976,320,662,2,0.8,1,2.9,2.194444444,0,331,28
16/11/1976,320,663,3,1.1,1,2.9,2.055555556,0,331,28
16/11/1976,320,664,4,1.5,1,3.1,2.388888889,0,331,28
16/11/1976,320,665,5,1.7,0.99,3.3,2.583333333,0,331,28
16/11/1976,320,666,6,1.9,1,3.4,2.75,0,331,28
16/11/1976,320,667,7,3,0.99,3.8,3.305555556,0,331,28
16/11/1976,320,668,8,3.7,0.98,4.2,3.75,26.26,331,28
16/11/1976,320,669,9,4.6,0.97,4.8,4,78.78,331,28
16/11/1976,320,670,10,5.6,0.94,5.5,4.333333333,163.62,331,28
16/11/1976,320,671,11,6.5,0.88,6,4.555555556,199.98,331,28
16/11/1976,320,672,12,6.9,0.84,6.2,4.472222222,159.58,331,28
16/11/1976,320,673,13,7,0.84,6.4,3.972222222,171.7,331,28
16/11/1976,320,674,14,6.9,0.84,6.4,3.916666667,101,331,28
16/11/1976,320,675,15,6.6,0.84,6.3,3.916666667,38.38,331,28
16/11/1976,320,676,16,6.3,0.86,6,3.861111111,6.06,331,28
16/11/1976,320,677,17,6.1,0.87,5.8,3.916666667,0,331,28
16/11/1976,320,678,18,5.8,0.9,5.7,4.111111111,0,331,28
16/11/1976,320,679,19,5.8,0.91,5.7,4.166666667,0,331,28
16/11/1976,320,680,20,5.8,0.91,5.7,4.111111111,0,331,28
16/11/1976,320,681,21,5.8,0.91,5.7,4.111111111,0,331,28
16/11/1976,320,682,22,5.8,0.92,5.7,4.277777778,0,331,28
16/11/1976,320,683,23,5.9,0.92,5.8,4.472222222,0,331,28
17/11/1976,321,684,24,6,0.93,5.9,4.527777778,0,331,29
17/11/1976,321,685,1,6.1,0.94,5.9,4.666666667,0,331,29
17/11/1976,321,686,2,6.1,0.95,6,4.583333333,0,331,29
17/11/1976,321,687,3,6.2,0.95,6,4.555555556,0,331,29
17/11/1976,321,688,4,6.2,0.95,6.1,4.388888889,0,331,29
17/11/1976,321,689,5,6.3,0.95,6.1,4.111111111,0,331,29
17/11/1976,321,690,6,6.2,0.95,6.1,3.75,0,331,29
17/11/1976,321,691,7,6.6,0.96,6.2,3.305555556,0,331,29
17/11/1976,321,692,8,6.7,0.96,6.3,3.083333333,12.12,331,29
17/11/1976,321,693,9,7,0.95,6.6,2.888888889,60.6,331,29
17/11/1976,321,694,10,7.7,0.93,7,2.805555556,143.42,331,29
17/11/1976,321,695,11,8.3,0.92,7.4,2.472222222,197.96,331,29
17/11/1976,321,696,12,8.9,0.9,7.9,2.111111111,191.9,331,29
17/11/1976,321,697,13,9.2,0.89,8.1,2.027777778,167.66,331,29
17/11/1976,321,698,14,9.1,0.9,8.1,2.111111111,98.98,331,29
17/11/1976,321,699,15,8.7,0.92,7.9,2.111111111,64.64,331,29
17/11/1976,321,700,16,8.1,0.95,7.6,2.222222222,10.1,331,29
17/11/1976,321,701,17,7.7,0.97,7.4,2.638888889,0,331,29
17/11/1976,321,702,18,7.5,0.98,7.3,2.611111111,0,331,29
17/11/1976,321,703,19,7.5,0.98,7.3,2.444444444,0,331,29
17/11/1976,321,704,20,7.5,0.98,7.3,2.444444444,0,331,29
17/11/1976,321,705,21,7.4,0.98,7.3,2.277777778,0,331,29
17/11/1976,321,706,22,7.4,0.98,7.3,2.111111111,0,331,29
17/11/1976,321,707,23,7.3,0.98,7.3,2.305555556,0,331,29
18/11/1976,322,708,24,7.3,0.97,7.3,2.388888889,0,331,30
18/11/1976,322,709,1,7.2,0.98,7.2,2.333333333,0,331,30
18/11/1976,322,710,2,7.1,0.98,7.2,2.222222222,0,331,30
18/11/1976,322,711,3,7,0.98,7.2,2.305555556,0,331,30
18/11/1976,322,712,4,7,0.98,7.1,2.305555556,0,331,30
18/11/1976,322,713,5,7,0.98,7.1,2.444444444,0,331,30
18/11/1976,322,714,6,7,0.98,7.1,2.472222222,0,331,30
18/11/1976,322,715,7,6.8,0.99,7.1,2.277777778,0,331,30
18/11/1976,322,716,8,6.9,0.98,7.1,2.5,12.12,331,30
18/11/1976,322,717,9,7.3,0.94,7.3,2.333333333,54.54,331,30
18/11/1976,322,718,10,7.7,0.92,7.6,2.444444444,117.16,331,30
18/11/1976,322,719,11,8.3,0.89,8.1,2.111111111,155.54,331,30
18/11/1976,322,720,12,8.9,0.83,8.5,1.666666667,169.68,331,30
18/11/1976,322,721,13,9,0.82,8.5,1.333333333,115.14,331,30
18/11/1976,322,722,14,9.1,0.81,8.6,0.805555556,92.92,331,30
18/11/1976,322,723,15,9,0.83,8.5,0.861111111,48.48,331,30
18/11/1976,322,724,16,8.5,0.87,8.1,1.138888889,8.08,331,30
18/11/1976,322,725,17,8.2,0.88,7.9,1.25,0,331,30
18/11/1976,322,726,18,7.8,0.91,7.7,1.305555556,0,331,30
18/11/1976,322,727,19,7.9,0.9,7.6,1.25,0,331,30
18/11/1976,322,728,20,7.9,0.9,7.5,1.138888889,0,331,30
18/11/1976,322,729,21,7.8,0.9,7.5,1,0,331,30
18/11/1976,322,730,22,7.4,0.91,7.3,1.138888889,0,331,30
18/11/1976,322,731,23,6.8,0.93,7,1.111111111,0,331,30
19/11/1976,323,732,24,6.6,0.92,6.5,1.055555556,0,331,31
19/11/1976,323,733,1,7.1,0.91,6,1.194444444,0,331,31
19/11/1976,323,734,2,7,0.92,5.9,1.305555556,0,331,31
19/11/1976,323,735,3,6.1,0.95,5.9,0.916666667,0,331,31
19/11/1976,323,736,4,5.5,0.97,5.9,0.666666667,0,331,31
19/11/1976,323,737,5,6.1,0.95,6.1,1,0,331,31
19/11/1976,323,738,6,7,0.92,6.3,1.611111111,0,331,31
19/11/1976,323,739,7,6.5,0.95,6.5,2.083333333,0,331,31
19/11/1976,323,740,8,7.1,0.91,6.6,3.111111111,14.14,331,31
19/11/1976,323,741,9,8,0.87,7.1,3.805555556,84.84,331,31
19/11/1976,323,742,10,8.6,0.84,7.5,3.694444444,141.4,331,31
19/11/1976,323,743,11,9,0.81,7.8,4.111111111,206.04,331,31
19/11/1976,323,744,12,9.5,0.76,8.3,4.5,309.06,331,31
19/11/1976,323,745,13,9.7,0.76,8.6,4.861111111,317.14,331,31
19/11/1976,323,746,14,9.5,0.78,8.6,5.333333333,226.24,331,31
19/11/1976,323,747,15,9.2,0.8,8.4,4.805555556,127.26,331,31
19/11/1976,323,748,16,8.4,0.84,7.9,4.666666667,14.14,331,31
19/11/1976,323,749,17,8,0.86,7.5,4.583333333,0,331,31
19/11/1976,323,750,18,8,0.85,7.3,4.222222222,0,331,31
19/11/1976,323,751,19,7.6,0.87,7.2,3.75,0,331,31
19/11/1976,323,752,20,7,0.88,6.8,3.805555556,0,331,31
19/11/1976,323,753,21,6.8,0.88,6.7,3.555555556,0,331,31
19/11/1976,323,754,22,6.5,0.88,6.5,3.166666667,0,331,31
19/11/1976,323,755,23,6.5,0.87,6.5,2.833333333,0,331,31
20/11/1976,324,756,24,6.3,0.87,6.3,2.805555556,0,331,32
20/11/1976,324,757,1,6.1,0.87,6.2,2.722222222,0,331,32
20/11/1976,324,758,2,6,0.87,6.1,2.611111111,0,331,32
20/11/1976,324,759,3,6,0.86,6,2.472222222,0,331,32
20/11/1976,324,760,4,6.1,0.86,6,2.25,0,331,32
20/11/1976,324,761,5,6.2,0.86,6.1,2.527777778,0,331,32
20/11/1976,324,762,6,6.5,0.86,6.3,2.305555556,0,331,32
20/11/1976,324,763,7,6.7,0.88,6.3,2.5,0,331,32
20/11/1976,324,764,8,7,0.88,6.5,2.888888889,14.14,331,32
20/11/1976,324,765,9,7.6,0.87,6.8,3.333333333,60.6,331,32
20/11/1976,324,766,10,8.2,0.86,7.3,3.5,163.62,331,32
20/11/1976,324,767,11,8.6,0.85,7.7,3.222222222,181.8,331,32
20/11/1976,324,768,12,8.8,0.84,8,2.833333333,181.8,331,32
20/11/1976,324,769,13,8.8,0.85,8.1,2.5,157.56,331,32
20/11/1976,324,770,14,8.6,0.85,8,2.333333333,84.84,331,32
20/11/1976,324,771,15,8.4,0.86,7.9,2,38.38,331,32
20/11/1976,324,772,16,8,0.88,7.6,1.861111111,6.06,331,32
20/11/1976,324,773,17,7.8,0.89,7.4,2.111111111,0,331,32
20/11/1976,324,774,18,7.6,0.9,7.3,2.222222222,0,331,32
20/11/1976,324,775,19,6.9,0.92,7,2.055555556,0,331,32
20/11/1976,324,776,20,6.8,0.92,6.8,2.083333333,0,331,32
20/11/1976,324,777,21,6.7,0.93,6.7,1.916666667,0,331,32
20/11/1976,324,778,22,6.5,0.94,6.7,1.638888889,0,331,32
20/11/1976,324,779,23,6.2,0.96,6.5,1.333333333,0,331,32
21/11/1976,325,780,24,6.1,0.96,6.5,1.416666667,0,331,33
21/11/1976,325,781,1,5.9,0.96,6.4,1.833333333,0,331,33
21/11/1976,325,782,2,5.3,0.96,6.1,2.444444444,0,331,33
21/11/1976,325,783,3,5,0.96,6,2.805555556,0,331,33
21/11/1976,325,784,4,4.9,0.94,6,2.777777778,0,331,33
21/11/1976,325,785,5,4.7,0.94,5.9,2.5,0,331,33
21/11/1976,325,786,6,4.5,0.94,5.7,2.472222222,0,331,33
21/11/1976,325,787,7,4.3,0.9,5.6,2.583333333,0,331,33
21/11/1976,325,788,8,4.3,0.9,5.5,2.722222222,14.14,331,33
21/11/1976,325,789,9,4.7,0.87,5.8,2.638888889,86.86,331,33
21/11/1976,325,790,10,5.3,0.85,6.2,2.611111111,175.74,331,33
21/11/1976,325,791,11,6,0.83,6.7,2.972222222,242.4,331,33
21/11/1976,325,792,12,6.6,0.83,7.1,3.055555556,224.22,331,33
21/11/1976,325,793,13,6.9,0.83,7.3,3.166666667,238.36,331,33
21/11/1976,325,794,14,7,0.84,7.3,3.027777778,173.72,331,33
21/11/1976,325,795,15,6.8,0.87,7.1,2.75,76.76,331,33
21/11/1976,325,796,16,6.9,0.87,6.9,2.444444444,6.06,331,33
21/11/1976,325,797,17,6.9,0.87,6.9,2.361111111,0,331,33
21/11/1976,325,798,18,6.9,0.87,6.8,2.333333333,0,331,33
21/11/1976,325,799,19,6.9,0.88,6.7,2.611111111,0,331,33
21/11/1976,325,800,20,6.9,0.87,6.6,2.833333333,0,331,33
21/11/1976,325,801,21,6.7,0.86,6.5,2.527777778,0,331,33
21/11/1976,325,802,22,6.7,0.86,6.5,2.833333333,0,331,33
21/11/1976,325,803,23,6.6,0.87,6.4,3.166666667,0,331,33
22/11/1976,326,804,24,6.7,0.87,6.4,3.444444444,0,331,34
22/11/1976,326,805,1,7,0.87,6.5,3.916666667,0,331,34
22/11/1976,326,806,2,7.3,0.86,6.6,4.555555556,0,331,34
22/11/1976,326,807,3,7.4,0.82,6.6,5.277777778,0,331,34
22/11/1976,326,808,4,7.3,0.78,6.5,5.666666667,0,331,34
22/11/1976,326,809,5,6.8,0.76,6.3,5.777777778,0,331,34
22/11/1976,326,810,6,6.3,0.73,6.1,5.555555556,0,331,34
22/11/1976,326,811,7,6.1,0.76,6.1,5.333333333,0,331,34
22/11/1976,326,812,8,6,0.75,6,5.5,20.2,331,34
22/11/1976,326,813,9,6.1,0.75,6.1,5.833333333,96.96,331,34
22/11/1976,326,814,10,6.2,0.74,6.5,6.944444444,173.72,331,34
22/11/1976,326,815,11,6.3,0.72,6.6,7.166666667,274.72,331,34
22/11/1976,326,816,12,6.4,0.68,6.7,7.472222222,313.1,331,34
22/11/1976,326,817,13,5.9,0.7,6.7,7.305555556,315.12,331,34
22/11/1976,326,818,14,5.7,0.7,6.6,7.444444444,240.38,331,34
22/11/1976,326,819,15,5.3,0.69,6.2,7.083333333,133.32,331,34
22/11/1976,326,820,16,4.6,0.72,5.7,6.972222222,14.14,331,34
22/11/1976,326,821,17,4.5,0.74,5.5,7.25,0,331,34
22/11/1976,326,822,18,4.3,0.75,5.3,7.472222222,0,331,34
22/11/1976,326,823,19,4.5,0.78,5.2,7.694444444,0,331,34
22/11/1976,326,824,20,4.6,0.77,5.2,7.75,0,331,34
22/11/1976,326,825,21,4.6,0.76,5.2,7.694444444,0,331,34
22/11/1976,326,826,22,4.4,0.77,5,7.25,0,331,34
22/11/1976,326,827,23,4.3,0.77,4.9,7.222222222,0,331,34
23/11/1976,327,828,24,4.3,0.76,4.9,7.166666667,0,331,35
23/11/1976,327,829,1,4.1,0.75,4.7,7,0,331,35
23/11/1976,327,830,2,4,0.76,4.6,7.583333333,0,331,35
23/11/1976,327,831,3,4.1,0.74,4.6,7.944444444,0,331,35
23/11/1976,327,832,4,4,0.72,4.5,8.083333333,0,331,35
23/11/1976,327,833,5,3.9,0.75,4.5,8.055555556,0,331,35
23/11/1976,327,834,6,3.8,0.75,4.4,7.944444444,0,331,35
23/11/1976,327,835,7,3.9,0.75,4.4,7.75,0,331,35
23/11/1976,327,836,8,4,0.73,4.4,7.583333333,24.24,331,35
23/11/1976,327,837,9,4.3,0.72,4.7,7.305555556,149.48,331,35
23/11/1976,327,838,10,4.8,0.7,5.1,7.305555556,264.62,331,35
23/11/1976,327,839,11,5.3,0.67,5.5,7.75,428.24,331,35
23/11/1976,327,840,12,5.5,0.65,5.9,7.444444444,456.52,331,35
23/11/1976,327,841,13,5.7,0.6,6.1,7.166666667,428.24,331,35
23/11/1976,327,842,14,5.5,0.58,6,6.944444444,282.8,331,35
23/11/1976,327,843,15,5,0.58,5.6,6.75,137.36,331,35
23/11/1976,327,844,16,4.8,0.6,5.3,6.916666667,12.12,331,35
23/11/1976,327,845,17,4.7,0.63,5,6.861111111,0,331,35
23/11/1976,327,846,18,4.5,0.67,4.8,7.166666667,0,331,35
23/11/1976,327,847,19,4.3,0.75,4.7,7.111111111,0,331,35
23/11/1976,327,848,20,4.3,0.75,4.6,6.833333333,0,331,35
23/11/1976,327,849,21,4.2,0.74,4.4,6.083333333,0,331,35
23/11/1976,327,850,22,4.4,0.7,4.4,5.472222222,0,331,35
23/11/1976,327,851,23,4.8,0.65,4.5,5.944444444,0,331,35
24/11/1976,328,852,24,5.3,0.62,4.6,6.305555556,0,331,36
24/11/1976,328,853,1,6,0.6,4.9,6.083333333,0,331,36
24/11/1976,328,854,2,6.3,0.62,5.1,6.416666667,0,331,36
24/11/1976,328,855,3,6.5,0.66,5.3,6.583333333,0,331,36
24/11/1976,328,856,4,6.6,0.73,5.6,6.583333333,0,331,36
24/11/1976,328,857,5,6.6,0.76,5.7,7.638888889,0,331,36
24/11/1976,328,858,6,6.7,0.78,5.8,8.388888889,0,331,36
24/11/1976,328,859,7,7.3,0.81,6.1,8.805555556,0,331,36
24/11/1976,328,860,8,7.7,0.82,6.3,8.527777778,10.1,331,36
24/11/1976,328,861,9,8.1,0.82,6.5,8.472222222,44.44,331,36
24/11/1976,328,862,10,8.2,0.86,6.7,8.416666667,74.74,331,36
24/11/1976,328,863,11,8.4,0.89,6.9,8.972222222,74.74,331,36
24/11/1976,328,864,12,8.6,0.89,7,9.472222222,68.68,331,36
24/11/1976,328,865,13,8.7,0.89,7.1,9.75,94.94,331,36
24/11/1976,328,866,14,8.9,0.89,7.2,9,60.6,331,36
24/11/1976,328,867,15,9.1,0.9,7.3,8.944444444,48.48,331,36
24/11/1976,328,868,16,9.2,0.89,7.4,9.138888889,6.06,331,36
24/11/1976,328,869,17,9.1,0.9,7.4,9.333333333,0,331,36
24/11/1976,328,870,18,8.9,0.9,7.4,9.25,0,331,36
24/11/1976,328,871,19,8.8,0.9,7.4,8.222222222,0,331,36
24/11/1976,328,872,20,8.8,0.88,7.4,7.694444444,0,331,36
24/11/1976,328,873,21,8.6,0.84,7.3,6.944444444,0,331,36
24/11/1976,328,874,22,8.2,0.81,7.2,6.166666667,0,331,36
24/11/1976,328,875,23,7.9,0.79,7.1,4.944444444,0,331,36
25/11/1976,329,876,24,7.5,0.78,6.9,4.138888889,0,331,37
25/11/1976,329,877,1,7.2,0.79,6.7,3.333333333,0,331,37
25/11/1976,329,878,2,7.2,0.79,6.6,2.555555556,0,331,37
25/11/1976,329,879,3,7.3,0.81,6.7,2.555555556,0,331,37
25/11/1976,329,880,4,7.3,0.84,6.7,2.638888889,0,331,37
25/11/1976,329,881,5,7.6,0.87,6.9,3.083333333,0,331,37
25/11/1976,329,882,6,8.1,0.89,7.1,4,0,331,37
25/11/1976,329,883,7,8.5,0.93,7.3,5.444444444,0,331,37
25/11/1976,329,884,8,8.6,0.91,7.4,5.694444444,14.14,331,37
25/11/1976,329,885,9,8.8,0.88,7.6,5.638888889,109.08,331,37
25/11/1976,329,886,10,9.1,0.87,7.9,5.638888889,195.94,331,37
25/11/1976,329,887,11,9.4,0.87,8.3,6.138888889,272.7,331,37
25/11/1976,329,888,12,9.3,0.87,8.6,6.555555556,278.76,331,37
25/11/1976,329,889,13,9.3,0.88,8.7,6.444444444,234.32,331,37
25/11/1976,329,890,14,9.2,0.86,8.6,6.361111111,161.6,331,37
25/11/1976,329,891,15,8.9,0.86,8.4,5.916666667,70.7,331,37
25/11/1976,329,892,16,8.6,0.87,8.1,5.333333333,4.04,331,37
25/11/1976,329,893,17,8.4,0.86,7.9,5.194444444,0,331,37
25/11/1976,329,894,18,8.4,0.85,7.9,4.888888889,0,331,37
25/11/1976,329,895,19,8.4,0.84,7.9,4.722222222,0,331,37
25/11/1976,329,896,20,8.2,0.83,7.8,4.694444444,0,331,37
25/11/1976,329,897,21,8.1,0.81,7.7,4.916666667,0,331,37
25/11/1976,329,898,22,8,0.81,7.7,5.25,0,331,37
25/11/1976,329,899,23,8,0.8,7.6,5.25,0,331,37
26/11/1976,330,900,24,7.9,0.8,7.5,5.361111111,0,331,38
26/11/1976,330,901,1,8,0.82,7.5,5.416666667,0,331,38
26/11/1976,330,902,2,7.9,0.85,7.5,5.444444444,0,331,38
26/11/1976,330,903,3,7.8,0.87,7.4,5.777777778,0,331,38
26/11/1976,330,904,4,7.7,0.87,7.3,6.055555556,0,331,38
26/11/1976,330,905,5,7.5,0.86,7.2,6.194444444,0,331,38
26/11/1976,330,906,6,7.4,0.84,7.1,6.472222222,0,331,38
26/11/1976,330,907,7,7.4,0.88,7.1,6.583333333,0,331,38
26/11/1976,330,908,8,7.4,0.87,7.2,6.833333333,12.12,331,38
26/11/1976,330,909,9,7.7,0.87,7.4,7.416666667,109.08,331,38
26/11/1976,330,910,10,7.9,0.89,7.7,7.277777778,127.26,331,38
26/11/1976,330,911,11,8.3,0.87,8,7.666666667,113.12,331,38
26/11/1976,330,912,12,8.4,0.85,8.2,7.583333333,153.52,331,38
26/11/1976,330,913,13,8.5,0.81,8.2,7.416666667,121.2,331,38
26/11/1976,330,914,14,8.4,0.79,8.2,7.444444444,133.32,331,38
26/11/1976,330,915,15,8,0.8,8,7.277777778,52.52,331,38
26/11/1976,330,916,16,7.9,0.8,7.8,7.305555556,4.04,331,38
26/11/1976,330,917,17,7.8,0.79,7.8,7.666666667,0,331,38
26/11/1976,330,918,18,7.8,0.79,7.7,7.833333333,0,331,38
26/11/1976,330,919,19,7.8,0.79,7.7,8,0,331,38
26/11/1976,330,920,20,7.7,0.79,7.6,8.083333333,0,331,38
26/11/1976,330,921,21,7.6,0.78,7.6,8.5,0,331,38
26/11/1976,330,922,22,7.4,0.78,7.5,8.416666667,0,331,38
26/11/1976,330,923,23,7.2,0.79,7.4,8.722222222,0,331,38
27/11/1976,331,924,24,7.1,0.8,7.3,9.111111111,0,331,39
27/11/1976,331,925,1,7.1,0.82,7.3,9.222222222,0,331,39
27/11/1976,331,926,2,7.3,0.84,7.2,9,0,331,39
27/11/1976,331,927,3,7.6,0.86,7.3,8.638888889,0,331,39
27/11/1976,331,928,4,8.1,0.87,7.4,8.222222222,0,331,39
27/11/1976,331,929,5,8.4,0.88,7.6,7.861111111,0,331,39
27/11/1976,331,930,6,8.5,0.87,7.6,7.444444444,0,331,39
27/11/1976,331,931,7,8.7,0.83,7.7,6.888888889,0,331,39
27/11/1976,331,932,8,8.6,0.83,7.7,6.194444444,12.12,331,39
27/11/1976,331,933,9,8.7,0.84,7.8,6.055555556,115.14,331,39
27/11/1976,331,934,10,9,0.83,8.2,5.972222222,246.44,331,39
27/11/1976,331,935,11,9.3,0.8,8.6,7.111111111,331.28,331,39
27/11/1976,331,936,12,9.5,0.79,8.8,6.611111111,309.06,331,39
27/11/1976,331,937,13,9.4,0.8,8.8,6.5,319.16,331,39
27/11/1976,331,938,14,9.1,0.82,8.7,5.611111111,216.14,331,39
27/11/1976,331,939,15,8.7,0.84,8.5,5.138888889,103.02,331,39
27/11/1976,331,940,16,8.1,0.86,8,5.138888889,8.08,331,39
27/11/1976,331,941,17,7.6,0.89,7.6,4.333333333,0,331,39
27/11/1976,331,942,18,7.1,0.91,7.3,4.166666667,0,331,39
27/11/1976,331,943,19,7,0.91,7.2,4.333333333,0,331,39
27/11/1976,331,944,20,6.7,0.92,6.9,4.555555556,0,331,39
27/11/1976,331,945,21,6.6,0.92,6.8,4.472222222,0,331,39
27/11/1976,331,946,22,6.4,0.93,6.7,5.222222222,0,331,39
27/11/1976,331,947,23,6.2,0.93,6.6,5.861111111,0,331,39
28/11/1976,332,948,24,6.2,0.92,6.6,6.166666667,0,331,40
28/11/1976,332,949,1,6.2,0.9,6.6,6.75,0,331,40
28/11/1976,332,950,2,6.1,0.9,6.6,7.25,0,331,40
28/11/1976,332,951,3,6,0.9,6.5,7.527777778,0,331,40
28/11/1976,332,952,4,6.2,0.88,6.6,7.972222222,0,331,40
28/11/1976,332,953,5,6.6,0.86,6.7,8,0,331,40
28/11/1976,332,954,6,6.9,0.86,6.8,8.888888889,0,331,40
28/11/1976,332,955,7,7.2,0.87,7,9.222222222,0,331,40
28/11/1976,332,956,8,7.2,0.85,7.1,9.527777778,4.04,331,40
28/11/1976,332,957,9,7.4,0.84,7.2,9.583333333,46.46,331,40
28/11/1976,332,958,10,7.7,0.82,7.4,9.555555556,113.12,331,40
28/11/1976,332,959,11,7.9,0.8,7.6,9.555555556,161.6,331,40
28/11/1976,332,960,12,8,0.81,7.7,9.666666667,137.36,331,40
28/11/1976,332,961,13,8.2,0.82,7.8,9.861111111,96.96,331,40
28/11/1976,332,962,14,8.4,0.83,7.8,10.66666667,58.58,331,40
28/11/1976,332,963,15,8.7,0.83,7.9,10.77777778,22.22,331,40
28/11/1976,332,964,16,8.7,0.88,7.9,10.52777778,0,331,40
28/11/1976,332,965,17,9,0.9,7.9,10.11111111,0,331,40
28/11/1976,332,966,18,9.4,0.9,8.1,9.416666667,0,331,40
28/11/1976,332,967,19,9.8,0.9,8.2,8.194444444,0,331,40
28/11/1976,332,968,20,9.8,0.89,8.3,7.777777778,0,331,40
28/11/1976,332,969,21,9.6,0.89,8.2,7.722222222,0,331,40
28/11/1976,332,970,22,9,0.89,8,7.833333333,0,331,40
28/11/1976,332,971,23,8.6,0.91,7.9,7.611111111,0,331,40
29/11/1976,333,972,24,8.5,0.93,7.9,7.694444444,0,331,41
29/11/1976,333,973,1,8.3,0.89,7.8,7.333333333,0,331,41
29/11/1976,333,974,2,8,0.89,7.5,7.111111111,0,331,41
29/11/1976,333,975,3,7.8,0.86,7.4,7.361111111,0,331,41
29/11/1976,333,976,4,7.4,0.86,7.2,7.666666667,0,331,41
29/11/1976,333,977,5,7.3,0.85,7.1,7.583333333,0,331,41
29/11/1976,333,978,6,7,0.84,6.9,7.25,0,331,41
29/11/1976,333,979,7,6.8,0.86,6.8,7.055555556,0,331,41
29/11/1976,333,980,8,6.7,0.86,6.8,7.138888889,12.12,331,41
29/11/1976,333,981,9,6.9,0.87,6.9,7.611111111,129.28,331,41
29/11/1976,333,982,10,7.3,0.87,7.3,7.916666667,274.72,331,41
29/11/1976,333,983,11,7.6,0.84,7.7,8.416666667,351.48,331,41
29/11/1976,333,984,12,7.5,0.84,7.8,8.361111111,294.92,331,41
29/11/1976,333,985,13,7.8,0.79,7.9,10.27777778,191.9,331,41
29/11/1976,333,986,14,8,0.74,7.8,10.5,94.94,331,41
29/11/1976,333,987,15,7.9,0.74,7.6,10.75,18.18,331,41
29/11/1976,333,988,16,8.1,0.77,7.5,11.02777778,2.02,331,41
29/11/1976,333,989,17,8,0.84,7.4,11.63888889,0,331,41
29/11/1976,333,990,18,8,0.86,7.4,11.38888889,0,331,41
29/11/1976,333,991,19,8.2,0.88,7.5,10.27777778,0,331,41
29/11/1976,333,992,20,8,0.87,7.4,9.361111111,0,331,41
29/11/1976,333,993,21,7.7,0.87,7.3,7.694444444,0,331,41
29/11/1976,333,994,22,7.3,0.86,7.1,6.055555556,0,331,41
29/11/1976,333,995,23,6.9,0.86,6.9,4.972222222,0,331,41
30/11/1976,334,996,24,6.3,0.86,6.6,4.138888889,0,331,42
30/11/1976,334,997,1,5.6,0.88,6.2,3.75,0,331,42
30/11/1976,334,998,2,5.3,0.88,6,3.972222222,0,331,42
30/11/1976,334,999,3,5.2,0.89,5.9,3.972222222,0,331,42
30/11/1976,334,1000,4,5.3,0.89,5.9,4.083333333,0,331,42
30/11/1976,334,1001,5,5.1,0.91,5.8,4.611111111,0,331,42
30/11/1976,334,1002,6,4.9,0.93,5.7,5.027777778,0,331,42
30/11/1976,334,1003,7,4.9,0.96,5.6,4.916666667,0,331,42
30/11/1976,334,1004,8,5,0.96,5.6,5.611111111,10.1,331,42
30/11/1976,334,1005,9,5.8,0.95,6,5.944444444,86.86,331,42
30/11/1976,334,1006,10,6.6,0.93,6.5,6.305555556,129.28,331,42
30/11/1976,334,1007,11,7.2,0.9,6.8,6.166666667,149.48,331,42
30/11/1976,334,1008,12,7.3,0.89,7,5.944444444,137.36,331,42
30/11/1976,334,1009,13,7.1,0.92,7,6.194444444,121.2,331,42
30/11/1976,334,1010,14,7.2,0.94,7,6.166666667,50.5,331,42
30/11/1976,334,1011,15,7.4,0.95,7,6.527777778,10.1,331,42
30/11/1976,334,1012,16,8.1,0.93,7.2,7.555555556,0,331,42
30/11/1976,334,1013,17,8.3,0.94,7.3,7.333333333,0,331,42
30/11/1976,334,1014,18,8.7,0.93,7.5,9.444444444,0,331,42
30/11/1976,334,1015,19,9.9,0.85,7.7,11.16666667,0,331,42
30/11/1976,334,1016,20,9.2,0.84,7.6,10.69444444,0,331,42
30/11/1976,334,1017,21,8.6,0.83,7.4,10.30555556,0,331,42
30/11/1976,334,1018,22,8,0.84,7.3,10.52777778,0,331,42
30/11/1976,334,1019,23,7.5,0.91,7.2,9.75,0,331,42
01/12/1976,335,1020,24,6.4,0.93,6.9,14.33333333,0,331,43
01/12/1976,335,1021,1,6.2,0.88,6.7,14.25,0,331,43
01/12/1976,335,1022,2,6.1,0.82,6.4,12.47222222,0,331,43
01/12/1976,335,1023,3,6.1,0.76,6.2,11.36111111,0,331,43
01/12/1976,335,1024,4,6,0.73,6.1,10.27777778,0,331,43
01/12/1976,335,1025,5,5.6,0.73,6,9.277777778,0,331,43
01/12/1976,335,1026,6,5,0.76,5.8,9.138888889,0,331,43
01/12/1976,335,1027,7,4.7,0.8,5.6,8.194444444,0,331,43
01/12/1976,335,1028,8,4.6,0.78,5.4,7.416666667,10.1,331,43
01/12/1976,335,1029,9,4.8,0.77,5.5,6.916666667,113.12,331,43
01/12/1976,335,1030,10,5.3,0.76,5.9,7.055555556,214.12,331,43
01/12/1976,335,1031,11,5.1,0.75,6.1,7.222222222,325.22,331,43
01/12/1976,335,1032,12,5.4,0.73,6.2,6.666666667,355.52,331,43
01/12/1976,335,1033,13,5.5,0.72,6.3,6.388888889,333.3,331,43
01/12/1976,335,1034,14,5.4,0.71,6.3,6.444444444,254.52,331,43
01/12/1976,335,1035,15,5,0.72,5.9,5.805555556,111.1,331,43
01/12/1976,335,1036,16,4.3,0.75,5.4,5.138888889,6.06,331,43
01/12/1976,335,1037,17,3.7,0.8,5,4.916666667,0,331,43
01/12/1976,335,1038,18,3.3,0.84,4.7,4.972222222,0,331,43
01/12/1976,335,1039,19,2.8,0.9,4.5,5.111111111,0,331,43
01/12/1976,335,1040,20,2.8,0.91,4.4,5.111111111,0,331,43
01/12/1976,335,1041,21,2.4,0.92,4.1,5.305555556,0,331,43
01/12/1976,335,1042,22,2.4,0.92,4,4.972222222,0,331,43
01/12/1976,335,1043,23,2.4,0.92,4,4.888888889,0,331,43
02/12/1976,336,1044,24,2.5,0.9,4,4.861111111,0,331,44
02/12/1976,336,1045,1,2.3,0.89,3.8,4.888888889,0,331,44
02/12/1976,336,1046,2,2,0.89,3.6,4.666666667,0,331,44
02/12/1976,336,1047,3,1.8,0.89,3.4,4.583333333,0,331,44
02/12/1976,336,1048,4,1.5,0.89,3.3,4.25,0,331,44
02/12/1976,336,1049,5,1.1,0.89,3,4.055555556,0,331,44
02/12/1976,336,1050,6,0.8,0.89,2.8,3.833333333,0,331,44
02/12/1976,336,1051,7,0.8,0.91,2.6,3.388888889,0,331,44
02/12/1976,336,1052,8,0.5,0.91,2.4,3.305555556,10.1,331,44
02/12/1976,336,1053,9,1,0.9,2.7,3.388888889,123.22,331,44
02/12/1976,336,1054,10,2,0.87,3.5,2.333333333,292.9,331,44
02/12/1976,336,1055,11,3,0.84,4.3,1.805555556,410.06,331,44
02/12/1976,336,1056,12,3.7,0.83,5,1.194444444,438.34,331,44
02/12/1976,336,1057,13,4,0.82,5.4,0.305555556,379.76,331,44
02/12/1976,336,1058,14,4.1,0.82,5.3,0.722222222,270.68,331,44
02/12/1976,336,1059,15,3.7,0.85,4.6,1.444444444,103.02,331,44
02/12/1976,336,1060,16,2.7,0.91,3.8,1.555555556,4.04,331,44
02/12/1976,336,1061,17,2.1,0.92,3.3,1.833333333,0,331,44
02/12/1976,336,1062,18,1.9,0.92,3,2.416666667,0,331,44
02/12/1976,336,1063,19,1.6,0.94,2.9,3.305555556,0,331,44
02/12/1976,336,1064,20,1.9,0.94,3,3.388888889,0,331,44
02/12/1976,336,1065,21,2,0.94,3,3.277777778,0,331,44
02/12/1976,336,1066,22,2.4,0.94,3.1,3.416666667,0,331,44
02/12/1976,336,1067,23,2.8,0.93,3.3,3.833333333,0,331,44
03/12/1976,337,1068,24,3.1,0.91,3.4,3.916666667,0,331,45
03/12/1976,337,1069,1,3.2,0.89,3.4,3.777777778,0,331,45
03/12/1976,337,1070,2,2.9,0.91,3.3,3.305555556,0,331,45
03/12/1976,337,1071,3,2.5,0.9,3.1,3.472222222,0,331,45
03/12/1976,337,1072,4,2.1,0.89,2.9,3.833333333,0,331,45
03/12/1976,337,1073,5,1.8,0.9,2.8,4.361111111,0,331,45
03/12/1976,337,1074,6,1.6,0.9,2.7,4.527777778,0,331,45
03/12/1976,337,1075,7,0.9,0.92,2.4,4.5,0,331,45
03/12/1976,337,1076,8,0.6,0.93,2.2,4.527777778,8.08,331,45
03/12/1976,337,1077,9,1,0.93,2.4,4.777777778,127.26,331,45
03/12/1976,337,1078,10,1.9,0.9,2.9,5.583333333,294.92,331,45
03/12/1976,337,1079,11,2.8,0.85,3.5,6.111111111,361.58,331,45
03/12/1976,337,1080,12,3.3,0.82,3.9,5.75,357.54,331,45
03/12/1976,337,1081,13,3.5,0.79,4.1,5.75,298.96,331,45
03/12/1976,337,1082,14,3.4,0.78,4.1,5.638888889,240.38,331,45
03/12/1976,337,1083,15,2.8,0.82,3.7,6.222222222,94.94,331,45
03/12/1976,337,1084,16,2.2,0.85,3.2,6.166666667,4.04,331,45
03/12/1976,337,1085,17,1.9,0.87,3,6.388888889,0,331,45
03/12/1976,337,1086,18,1.8,0.88,2.8,6.138888889,0,331,45
03/12/1976,337,1087,19,2.6,0.89,3.1,5.888888889,0,331,45
03/12/1976,337,1088,20,2.6,0.88,3.1,5.472222222,0,331,45
03/12/1976,337,1089,21,2.4,0.91,3,5.166666667,0,331,45
03/12/1976,337,1090,22,2.3,0.93,3,6.111111111,0,331,45
03/12/1976,337,1091,23,2.4,0.94,3,6.194444444,0,331,45
04/12/1976,338,1092,24,2.6,0.94,3.1,6.305555556,0,331,46
04/12/1976,338,1093,1,2.5,0.94,3.1,6.333333333,0,331,46
04/12/1976,338,1094,2,2.3,0.94,3,6.111111111,0,331,46
04/12/1976,338,1095,3,2.2,0.94,3,6.138888889,0,331,46
04/12/1976,338,1096,4,1.9,0.94,2.9,6.138888889,0,331,46
04/12/1976,338,1097,5,1.8,0.91,2.8,6.111111111,0,331,46
04/12/1976,338,1098,6,1.7,0.9,2.7,6.361111111,0,331,46
04/12/1976,338,1099,7,2.5,0.91,2.8,6.222222222,0,331,46
04/12/1976,338,1100,8,2.8,0.88,2.9,6.083333333,6.06,331,46
04/12/1976,338,1101,9,3.3,0.86,3.1,6.25,74.74,331,46
04/12/1976,338,1102,10,4,0.83,3.5,6.138888889,163.62,331,46
04/12/1976,338,1103,11,4.3,0.81,3.9,6.027777778,256.54,331,46
04/12/1976,338,1104,12,4.6,0.79,4.2,5.694444444,317.14,331,46
04/12/1976,338,1105,13,4.5,0.79,4.4,6.5,296.94,331,46
04/12/1976,338,1106,14,4.2,0.8,4.3,6.694444444,234.32,331,46
04/12/1976,338,1107,15,3.6,0.81,4,6.777777778,94.94,331,46
04/12/1976,338,1108,16,3,0.83,3.6,6.527777778,4.04,331,46
04/12/1976,338,1109,17,2.6,0.84,3.3,6.527777778,0,331,46
04/12/1976,338,1110,18,2.4,0.83,3.1,6.583333333,0,331,46
04/12/1976,338,1111,19,3.1,0.82,3.3,6.194444444,0,331,46
04/12/1976,338,1112,20,3.1,0.82,3.3,5.916666667,0,331,46
04/12/1976,338,1113,21,3,0.83,3.2,5.638888889,0,331,46
04/12/1976,338,1114,22,2.7,0.84,3.1,5.416666667,0,331,46
04/12/1976,338,1115,23,2.5,0.84,3,5.25,0,331,46
05/12/1976,339,1116,24,2.3,0.84,2.9,5.194444444,0,331,47
05/12/1976,339,1117,1,2,0.84,2.7,5.166666667,0,331,47
05/12/1976,339,1118,2,1.9,0.84,2.7,5.166666667,0,331,47
05/12/1976,339,1119,3,1.9,0.84,2.6,5.222222222,0,331,47
05/12/1976,339,1120,4,1.8,0.86,2.6,5.166666667,0,331,47
05/12/1976,339,1121,5,1.5,0.88,2.4,5.166666667,0,331,47
05/12/1976,339,1122,6,1.3,0.89,2.4,5.305555556,0,331,47
05/12/1976,339,1123,7,1.4,0.9,2.4,5.388888889,0,331,47
05/12/1976,339,1124,8,1.4,0.89,2.4,5.416666667,6.06,331,47
05/12/1976,339,1125,9,1.7,0.88,2.6,5.611111111,70.7,331,47
05/12/1976,339,1126,10,2.4,0.87,3,5.611111111,139.38,331,47
05/12/1976,339,1127,11,3,0.85,3.4,5.444444444,135.34,331,47
05/12/1976,339,1128,12,3.4,0.83,3.8,4.944444444,222.2,331,47
05/12/1976,339,1129,13,3.7,0.82,4.1,5.361111111,216.14,331,47
05/12/1976,339,1130,14,3.5,0.85,4,4.833333333,121.2,331,47
05/12/1976,339,1131,15,3.1,0.89,3.7,4.111111111,66.66,331,47
05/12/1976,339,1132,16,2.9,0.9,3.5,3.527777778,4.04,331,47
05/12/1976,339,1133,17,3,0.89,3.4,3.611111111,0,331,47
05/12/1976,339,1134,18,2.6,0.91,3.2,4.111111111,0,331,47
05/12/1976,339,1135,19,2.2,0.92,3,4.833333333,0,331,47
05/12/1976,339,1136,20,2,0.91,2.8,5.194444444,0,331,47
05/12/1976,339,1137,21,1.7,0.91,2.7,5.527777778,0,331,47
05/12/1976,339,1138,22,1.5,0.9,2.6,5.638888889,0,331,47
05/12/1976,339,1139,23,1.3,0.89,2.5,5.75,0,331,47
06/12/1976,340,1140,24,1,0.88,2.3,5.722222222,0,331,48
06/12/1976,340,1141,1,0.7,0.86,2.1,5.5,0,331,48
06/12/1976,340,1142,2,0.5,0.84,1.9,5.805555556,0,331,48
06/12/1976,340,1143,3,0.5,0.83,1.8,6.194444444,0,331,48
06/12/1976,340,1144,4,0.6,0.82,1.8,6.777777778,0,331,48
06/12/1976,340,1145,5,0.5,0.83,1.8,7.416666667,0,331,48
06/12/1976,340,1146,6,0.5,0.82,1.8,8.694444444,0,331,48
06/12/1976,340,1147,7,1.3,0.82,2,9.527777778,0,331,48
06/12/1976,340,1148,8,1.7,0.78,2.2,9.805555556,2.02,331,48
06/12/1976,340,1149,9,2.1,0.73,2.4,10.08333333,46.46,331,48
06/12/1976,340,1150,10,1.9,0.77,2.6,10.30555556,72.72,331,48
06/12/1976,340,1151,11,1.7,0.87,2.6,10.22222222,72.72,331,48
06/12/1976,340,1152,12,1.8,0.93,2.6,9.694444444,38.38,331,48
06/12/1976,340,1153,13,2.5,0.93,2.8,8.833333333,44.44,331,48
06/12/1976,340,1154,14,3.9,0.92,3.2,8.583333333,66.66,331,48
06/12/1976,340,1155,15,4.9,0.91,3.6,7.777777778,40.4,331,48
06/12/1976,340,1156,16,5,0.92,3.7,7.75,4.04,331,48
06/12/1976,340,1157,17,4.8,0.92,3.7,7.472222222,0,331,48
06/12/1976,340,1158,18,4.7,0.92,3.6,7.25,0,331,48
06/12/1976,340,1159,19,4.8,0.9,3.7,7.277777778,0,331,48
06/12/1976,340,1160,20,4.9,0.89,3.8,7.222222222,0,331,48
06/12/1976,340,1161,21,5.1,0.88,3.9,7.388888889,0,331,48
06/12/1976,340,1162,22,5,0.88,3.9,6.416666667,0,331,48
06/12/1976,340,1163,23,5.1,0.88,3.9,7.138888889,0,331,48
07/12/1976,341,1164,24,5.3,0.88,4,7.833333333,0,331,49
07/12/1976,341,1165,1,5.7,0.87,4.2,7.805555556,0,331,49
07/12/1976,341,1166,2,5.9,0.87,4.3,7.638888889,0,331,49
07/12/1976,341,1167,3,6.2,0.88,4.5,7.916666667,0,331,49
07/12/1976,341,1168,4,6,0.88,4.5,8.916666667,0,331,49
07/12/1976,341,1169,5,5.6,0.88,4.5,9.194444444,0,331,49
07/12/1976,341,1170,6,5.2,0.88,4.3,9.833333333,0,331,49
07/12/1976,341,1171,7,5.4,0.87,4.4,9,0,331,49
07/12/1976,341,1172,8,5.4,0.86,4.4,7.861111111,4.04,331,49
07/12/1976,341,1173,9,5.7,0.85,4.6,7,90.9,331,49
07/12/1976,341,1174,10,6.3,0.83,5,7.416666667,262.6,331,49
07/12/1976,341,1175,11,6.8,0.83,5.6,6.666666667,367.64,331,49
07/12/1976,341,1176,12,7,0.82,6,7.583333333,424.2,331,49
07/12/1976,341,1177,13,7,0.82,6.2,7.444444444,385.82,331,49
07/12/1976,341,1178,14,7,0.81,6.2,7.5,266.64,331,49
07/12/1976,341,1179,15,6.7,0.81,5.8,7.25,105.04,331,49
07/12/1976,341,1180,16,6.6,0.82,5.6,7.555555556,4.04,331,49
07/12/1976,341,1181,17,6.7,0.82,5.5,7.583333333,0,331,49
07/12/1976,341,1182,18,7.2,0.8,5.8,7.583333333,0,331,49
07/12/1976,341,1183,19,6.7,0.79,5.8,7.5,0,331,49
07/12/1976,341,1184,20,6.5,0.8,5.6,7.444444444,0,331,49
07/12/1976,341,1185,21,6.2,0.82,5.4,7.5,0,331,49
07/12/1976,341,1186,22,5.9,0.83,5.3,7,0,331,49
07/12/1976,341,1187,23,5.7,0.84,5.1,7.194444444,0,331,49
08/12/1976,342,1188,24,6.1,0.83,5.3,7.305555556,0,331,50
08/12/1976,342,1189,1,6.7,0.81,5.6,7.611111111,0,331,50
08/12/1976,342,1190,2,6.9,0.8,5.8,7.638888889,0,331,50
08/12/1976,342,1191,3,6.9,0.8,5.9,7.444444444,0,331,50
08/12/1976,342,1192,4,6.8,0.81,5.9,7.388888889,0,331,50
08/12/1976,342,1193,5,6.5,0.82,5.8,7.416666667,0,331,50
08/12/1976,342,1194,6,6.2,0.83,5.7,7.138888889,0,331,50
08/12/1976,342,1195,7,6.2,0.86,5.6,6.888888889,0,331,50
08/12/1976,342,1196,8,5.9,0.85,5.5,6.666666667,4.04,331,50
08/12/1976,342,1197,9,6,0.83,5.5,6.861111111,94.94,331,50
08/12/1976,342,1198,10,6.6,0.79,5.8,7.166666667,197.96,331,50
08/12/1976,342,1199,11,7.2,0.76,6.3,7.333333333,307.04,331,50
08/12/1976,342,1200,12,7.5,0.77,6.7,6.861111111,303,331,50
08/12/1976,342,1201,13,7.7,0.8,6.8,7.333333333,236.34,331,50
08/12/1976,342,1202,14,7.3,0.82,6.7,7.472222222,131.3,331,50
08/12/1976,342,1203,15,6.8,0.84,6.4,6.555555556,76.76,331,50
08/12/1976,342,1204,16,6.5,0.87,6,6.583333333,4.04,331,50
08/12/1976,342,1205,17,6.3,0.88,5.9,6.777777778,0,331,50
08/12/1976,342,1206,18,6.3,0.88,5.8,6.805555556,0,331,50
08/12/1976,342,1207,19,6.3,0.89,5.7,6.611111111,0,331,50
08/12/1976,342,1208,20,6.2,0.91,5.7,5.972222222,0,331,50
08/12/1976,342,1209,21,6.2,0.91,5.7,5.75,0,331,50
08/12/1976,342,1210,22,6,0.91,5.6,5.944444444,0,331,50
08/12/1976,342,1211,23,5.7,0.91,5.4,5.972222222,0,331,50
09/12/1976,343,1212,24,5.6,0.91,5.4,5.027777778,0,331,51
09/12/1976,343,1213,1,5.3,0.92,5.2,4.388888889,0,331,51
09/12/1976,343,1214,2,5.1,0.92,5.1,4.194444444,0,331,51
09/12/1976,343,1215,3,4.8,0.93,5,3.833333333,0,331,51
09/12/1976,343,1216,4,4.3,0.95,4.7,3.611111111,0,331,51
09/12/1976,343,1217,5,4.3,0.95,4.6,3.25,0,331,51
09/12/1976,343,1218,6,4.4,0.94,4.6,3.111111111,0,331,51
09/12/1976,343,1219,7,4.4,0.94,4.4,3.388888889,0,331,51
09/12/1976,343,1220,8,4.7,0.93,4.6,4.111111111,2.02,331,51
09/12/1976,343,1221,9,5.3,0.91,4.9,4.972222222,66.66,331,51
09/12/1976,343,1222,10,5.7,0.89,5.3,4.333333333,151.5,331,51
09/12/1976,343,1223,11,6.1,0.85,5.6,4.611111111,242.4,331,51
09/12/1976,343,1224,12,6.3,0.83,6,5.5,305.02,331,51
09/12/1976,343,1225,13,6.2,0.81,6,5.805555556,303,331,51
09/12/1976,343,1226,14,5.9,0.8,5.9,6,230.28,331,51
09/12/1976,343,1227,15,5.2,0.82,5.5,6.194444444,94.94,331,51
09/12/1976,343,1228,16,4.5,0.86,5,6.5,4.04,331,51
09/12/1976,343,1229,17,4.3,0.87,4.7,6.611111111,0,331,51
09/12/1976,343,1230,18,4.2,0.86,4.6,6.416666667,0,331,51
09/12/1976,343,1231,19,4.4,0.78,4.4,6.222222222,0,331,51
09/12/1976,343,1232,20,4.4,0.76,4.4,6.138888889,0,331,51
09/12/1976,343,1233,21,4.2,0.74,4.2,6.166666667,0,331,51
09/12/1976,343,1234,22,4.3,0.72,4.2,6.305555556,0,331,51
09/12/1976,343,1235,23,4.2,0.72,4.2,6.305555556,0,331,51
10/12/1976,344,1236,24,4.3,0.71,4.2,5.888888889,0,331,52
10/12/1976,344,1237,1,4.1,0.72,4.1,5.694444444,0,331,52
10/12/1976,344,1238,2,3.9,0.73,4,5.333333333,0,331,52
10/12/1976,344,1239,3,3.7,0.73,3.9,5.055555556,0,331,52
10/12/1976,344,1240,4,3.6,0.74,3.7,4.972222222,0,331,52
10/12/1976,344,1241,5,3.4,0.74,3.6,4.888888889,0,331,52
10/12/1976,344,1242,6,3.4,0.74,3.5,4.583333333,0,331,52
10/12/1976,344,1243,7,2.8,0.76,3.3,4.333333333,0,331,52
10/12/1976,344,1244,8,2.7,0.76,3.1,4.305555556,4.04,331,52
10/12/1976,344,1245,9,3.3,0.74,3.3,4.527777778,101,331,52
10/12/1976,344,1246,10,4.4,0.71,4,5.333333333,252.5,331,52
10/12/1976,344,1247,11,5.3,0.69,4.7,5.194444444,357.54,331,52
10/12/1976,344,1248,12,5.8,0.63,5.2,6.027777778,377.74,331,52
10/12/1976,344,1249,13,5.8,0.64,5.3,5.861111111,305.02,331,52
10/12/1976,344,1250,14,5.4,0.66,5.2,5.944444444,220.18,331,52
10/12/1976,344,1251,15,4.8,0.68,4.9,6.111111111,92.92,331,52
10/12/1976,344,1252,16,4.1,0.7,4.4,6,4.04,331,52
10/12/1976,344,1253,17,3.7,0.71,4,6.333333333,0,331,52
10/12/1976,344,1254,18,3.7,0.7,3.9,6.611111111,0,331,52
10/12/1976,344,1255,19,3.7,0.72,3.8,6.611111111,0,331,52
10/12/1976,344,1256,20,3.4,0.76,3.7,6.944444444,0,331,52
10/12/1976,344,1257,21,3,0.82,3.6,7,0,331,52
10/12/1976,344,1258,22,2.7,0.87,3.5,7.111111111,0,331,52
10/12/1976,344,1259,23,2.3,0.9,3.4,6.916666667,0,331,52
11/12/1976,345,1260,24,2.5,0.89,3.3,6.555555556,0,331,53
11/12/1976,345,1261,1,2.8,0.86,3.3,6.888888889,0,331,53
11/12/1976,345,1262,2,2.8,0.84,3.2,6.805555556,0,331,53
11/12/1976,345,1263,3,2.8,0.82,3,7.25,0,331,53
11/12/1976,345,1264,4,3.1,0.79,3,7.138888889,0,331,53
11/12/1976,345,1265,5,3.5,0.76,3.1,6.916666667,0,331,53
11/12/1976,345,1266,6,3.7,0.75,3.2,7.416666667,0,331,53
11/12/1976,345,1267,7,3.4,0.85,3.3,8.361111111,0,331,53
11/12/1976,345,1268,8,3.9,0.81,3.4,9.277777778,2.02,331,53
11/12/1976,345,1269,9,4.4,0.78,3.5,9.972222222,60.6,331,53
11/12/1976,345,1270,10,4.7,0.79,3.8,10.47222222,123.22,331,53
11/12/1976,345,1271,11,5.3,0.8,4.2,10.02777778,222.2,331,53
11/12/1976,345,1272,12,5.4,0.8,4.4,10.16666667,189.88,331,53
11/12/1976,345,1273,13,5.4,0.81,4.6,10.25,195.94,331,53
11/12/1976,345,1274,14,5.5,0.81,4.6,10.11111111,163.62,331,53
11/12/1976,345,1275,15,5.4,0.8,4.6,9.444444444,72.72,331,53
11/12/1976,345,1276,16,5.4,0.8,4.4,9.138888889,4.04,331,53
11/12/1976,345,1277,17,5.4,0.8,4.4,8.666666667,0,331,53
11/12/1976,345,1278,18,5.5,0.8,4.4,8.555555556,0,331,53
11/12/1976,345,1279,19,5.6,0.75,4.4,8.583333333,0,331,53
11/12/1976,345,1280,20,5.7,0.73,4.5,8.305555556,0,331,53
11/12/1976,345,1281,21,5.7,0.72,4.5,7.972222222,0,331,53
11/12/1976,345,1282,22,5.4,0.72,4.4,8,0,331,53
11/12/1976,345,1283,23,5.3,0.72,4.4,7.611111111,0,331,53
12/12/1976,346,1284,24,5.3,0.71,4.3,7.805555556,0,331,54
12/12/1976,346,1285,1,5.3,0.7,4.4,8.055555556,0,331,54
12/12/1976,346,1286,2,5.4,0.69,4.4,8.361111111,0,331,54
12/12/1976,346,1287,3,5.4,0.7,4.5,8.416666667,0,331,54
12/12/1976,346,1288,4,5.4,0.7,4.5,8.666666667,0,331,54
12/12/1976,346,1289,5,5.4,0.71,4.5,8.638888889,0,331,54
12/12/1976,346,1290,6,5.4,0.75,4.6,9.111111111,0,331,54
12/12/1976,346,1291,7,5.3,0.79,4.6,9.305555556,0,331,54
12/12/1976,346,1292,8,5.1,0.83,4.5,8.194444444,2.02,331,54
12/12/1976,346,1293,9,5.1,0.84,4.6,6.638888889,62.62,331,54
12/12/1976,346,1294,10,5.4,0.83,4.8,5.611111111,187.86,331,54
12/12/1976,346,1295,11,5.4,0.82,5.1,4.944444444,311.08,331,54
12/12/1976,346,1296,12,5.5,0.78,5.3,4.166666667,323.2,331,54
12/12/1976,346,1297,13,5.4,0.77,5.4,4.25,305.02,331,54
12/12/1976,346,1298,14,5.2,0.78,5.2,4.027777778,185.84,331,54
12/12/1976,346,1299,15,4.5,0.8,4.8,3.388888889,84.84,331,54
12/12/1976,346,1300,16,3.6,0.84,4.2,3.055555556,4.04,331,54
12/12/1976,346,1301,17,3,0.86,3.7,3.055555556,0,331,54
12/12/1976,346,1302,18,2.5,0.88,3.4,2.833333333,0,331,54
12/12/1976,346,1303,19,1.8,0.9,2.9,2.722222222,0,331,54
12/12/1976,346,1304,20,1.5,0.9,2.7,2.583333333,0,331,54
12/12/1976,346,1305,21,1.3,0.9,2.4,2.638888889,0,331,54
12/12/1976,346,1306,22,0.9,0.91,2.1,2.638888889,0,331,54
12/12/1976,346,1307,23,0.6,0.92,1.9,2.527777778,0,331,54
13/12/1976,347,1308,24,-0.4,0.93,1.5,2.333333333,0,331,55
13/12/1976,347,1309,1,0.2,0.91,0.8,1.833333333,0,331,55
13/12/1976,347,1310,2,0.8,0.9,0.6,1.194444444,0,331,55
13/12/1976,347,1311,3,-0.3,0.92,0.5,1.138888889,0,331,55
13/12/1976,347,1312,4,-1.4,0.93,0.4,1.305555556,0,331,55
13/12/1976,347,1313,5,-1.7,0.94,0.4,1.277777778,0,331,55
13/12/1976,347,1314,6,-2.5,0.95,0.3,1.333333333,0,331,55
13/12/1976,347,1315,7,-2.6,0.97,0.3,1.388888889,0,331,55
13/12/1976,347,1316,8,-2.4,0.98,0.3,1.555555556,2.02,331,55
13/12/1976,347,1317,9,-1.1,0.97,0.3,2.055555556,80.8,331,55
13/12/1976,347,1318,10,0.7,0.98,0.5,2.166666667,189.88,331,55
13/12/1976,347,1319,11,1.4,0.98,0.7,2.388888889,240.38,331,55
13/12/1976,347,1320,12,2,0.92,0.9,2.722222222,244.42,331,55
13/12/1976,347,1321,13,2.5,0.9,1.6,3,212.1,331,55
13/12/1976,347,1322,14,2.7,0.9,2,3.333333333,147.46,331,55
13/12/1976,347,1323,15,2.5,0.91,2.1,2.916666667,60.6,331,55
13/12/1976,347,1324,16,2.1,0.92,2,2.472222222,2.02,331,55
13/12/1976,347,1325,17,1.7,0.93,1.8,2.444444444,0,331,55
13/12/1976,347,1326,18,1.5,0.94,1.7,2.333333333,0,331,55
13/12/1976,347,1327,19,1.2,0.94,1.5,2.333333333,0,331,55
13/12/1976,347,1328,20,1,0.94,1.4,2.166666667,0,331,55
13/12/1976,347,1329,21,0.5,0.95,1.1,1.555555556,0,331,55
13/12/1976,347,1330,22,0.8,0.96,1.3,1.027777778,0,331,55
13/12/1976,347,1331,23,1,0.96,1.5,0.361111111,0,331,55
14/12/1976,348,1332,24,1,0.98,1.6,0.5,0,331,56
14/12/1976,348,1333,1,0.9,0.98,1.6,0.805555556,0,331,56
14/12/1976,348,1334,2,0.8,0.98,1.6,1.194444444,0,331,56
14/12/1976,348,1335,3,0.8,0.98,1.6,1.944444444,0,331,56
14/12/1976,348,1336,4,1,0.97,1.7,2.166666667,0,331,56
14/12/1976,348,1337,5,0.9,0.97,1.6,2.305555556,0,331,56
14/12/1976,348,1338,6,0.7,0.97,1.5,2.444444444,0,331,56
14/12/1976,348,1339,7,-0.2,0.97,1.1,2.694444444,0,331,56
14/12/1976,348,1340,8,-0.6,0.98,0.9,2.694444444,2.02,331,56
14/12/1976,348,1341,9,-0.5,0.96,1,2.611111111,54.54,331,56
14/12/1976,348,1342,10,-0.3,0.92,1.3,2.5,151.5,331,56
14/12/1976,348,1343,11,-0.1,0.89,1.8,2.027777778,244.42,331,56
14/12/1976,348,1344,12,0,0.87,2,1.5,274.72,331,56
14/12/1976,348,1345,13,0.1,0.85,2.2,1,288.86,331,56
14/12/1976,348,1346,14,0,0.84,2.1,0.638888889,230.28,331,56
14/12/1976,348,1347,15,-0.3,0.84,1.5,0.5,94.94,331,56
14/12/1976,348,1348,16,-0.7,0.85,0.5,0.277777778,4.04,331,56
14/12/1976,348,1349,17,-1.5,0.89,0.3,0.222222222,0,331,56
14/12/1976,348,1350,18,-2.1,0.9,0.2,0.916666667,0,331,56
14/12/1976,348,1351,19,-2.5,0.91,0.1,1.666666667,0,331,56
14/12/1976,348,1352,20,-2.6,0.91,0.1,2,0,331,56
14/12/1976,348,1353,21,-2.9,0.92,0,2.027777778,0,331,56
14/12/1976,348,1354,22,-2.5,0.91,0,2.027777778,0,331,56
14/12/1976,348,1355,23,-1.9,0.9,0,2.638888889,0,331,56
15/12/1976,349,1356,24,-1.6,0.91,0,2.916666667,0,331,57
15/12/1976,349,1357,1,-1.4,0.92,0,3.027777778,0,331,57
15/12/1976,349,1358,2,-1.2,0.92,0,2.972222222,0,331,57
15/12/1976,349,1359,3,-0.9,0.91,0,2.75,0,331,57
15/12/1976,349,1360,4,-0.7,0.91,0,2.638888889,0,331,57
15/12/1976,349,1361,5,-0.7,0.91,0,2.5,0,331,57
15/12/1976,349,1362,6,-0.6,0.91,0,2.222222222,0,331,57
15/12/1976,349,1363,7,-0.5,0.92,0,1.888888889,0,331,57
15/12/1976,349,1364,8,-0.9,0.93,0,1.444444444,2.02,331,57
15/12/1976,349,1365,9,-0.1,0.92,0,1.277777778,60.6,331,57
15/12/1976,349,1366,10,0.8,0.93,0.1,1.694444444,169.68,331,57
15/12/1976,349,1367,11,2.3,0.88,0.2,1.75,258.56,331,57
15/12/1976,349,1368,12,2.7,0.87,0.4,1.972222222,276.74,331,57
15/12/1976,349,1369,13,3.1,0.85,0.5,1.972222222,274.72,331,57
15/12/1976,349,1370,14,2.9,0.87,0.6,1.916666667,224.22,331,57
15/12/1976,349,1371,15,2.1,0.9,0.6,1.888888889,92.92,331,57
15/12/1976,349,1372,16,0.8,0.94,0.5,1.833333333,4.04,331,57
15/12/1976,349,1373,17,0.2,0.95,0.5,1.861111111,0,331,57
15/12/1976,349,1374,18,-0.1,0.94,0.4,1.722222222,0,331,57
15/12/1976,349,1375,19,-0.7,0.93,0.4,1.611111111,0,331,57
15/12/1976,349,1376,20,-0.7,0.92,0.3,2.055555556,0,331,57
15/12/1976,349,1377,21,-0.4,0.91,0.3,2.194444444,0,331,57
15/12/1976,349,1378,22,-0.4,0.91,0.3,2.305555556,0,331,57
15/12/1976,349,1379,23,-0.5,0.91,0.2,2.222222222,0,331,57
16/12/1976,350,1380,24,-0.9,0.91,0.2,2.194444444,0,331,58
16/12/1976,350,1381,1,-0.9,0.91,0.2,2.416666667,0,331,58
16/12/1976,350,1382,2,-1,0.91,0.1,2.472222222,0,331,58
16/12/1976,350,1383,3,-1.1,0.91,0.1,2.444444444,0,331,58
16/12/1976,350,1384,4,-1.1,0.92,0,2.527777778,0,331,58
16/12/1976,350,1385,5,-0.9,0.92,0,2.694444444,0,331,58
16/12/1976,350,1386,6,-0.5,0.91,0,2.916666667,0,331,58
16/12/1976,350,1387,7,1,0.93,0.1,3,0,331,58
16/12/1976,350,1388,8,1.6,0.92,0.1,3.166666667,0,331,58
16/12/1976,350,1389,9,2,0.92,0.2,3,28.28,331,58
16/12/1976,350,1390,10,2.4,0.92,0.3,1.722222222,62.62,331,58
16/12/1976,350,1391,11,2.8,0.92,0.4,1.027777778,109.08,331,58
16/12/1976,350,1392,12,3,0.93,0.5,1.5,115.14,331,58
16/12/1976,350,1393,13,3.2,0.93,0.6,2.111111111,107.06,331,58
16/12/1976,350,1394,14,2.9,0.94,0.7,3,82.82,331,58
16/12/1976,350,1395,15,2.5,0.94,0.7,3.361111111,32.32,331,58
16/12/1976,350,1396,16,1.9,0.95,0.7,3.833333333,2.02,331,58
16/12/1976,350,1397,17,1.5,0.95,0.8,4.111111111,0,331,58
16/12/1976,350,1398,18,1,0.96,0.8,4.194444444,0,331,58
16/12/1976,350,1399,19,-0.2,0.9,0.7,4.222222222,0,331,58
16/12/1976,350,1400,20,-0.7,0.89,0.6,4.416666667,0,331,58
16/12/1976,350,1401,21,-0.9,0.89,0.6,4.833333333,0,331,58
16/12/1976,350,1402,22,-1.2,0.89,0.5,5.222222222,0,331,58
16/12/1976,350,1403,23,-1.3,0.88,0.5,5.333333333,0,331,58
17/12/1976,351,1404,24,-1.5,0.88,0.4,5.25,0,331,59
17/12/1976,351,1405,1,-1.6,0.88,0.4,4.777777778,0,331,59
17/12/1976,351,1406,2,-1.7,0.88,0.4,4.833333333,0,331,59
17/12/1976,351,1407,3,-1.9,0.88,0.3,5.444444444,0,331,59
17/12/1976,351,1408,4,-2,0.88,0.3,5.583333333,0,331,59
17/12/1976,351,1409,5,-1.9,0.87,0.2,5.75,0,331,59
17/12/1976,351,1410,6,-1.9,0.87,0.2,5.861111111,0,331,59
17/12/1976,351,1411,7,-1.9,0.86,0.2,6.138888889,0,331,59
17/12/1976,351,1412,8,-1.8,0.85,0.2,6.361111111,0,331,59
17/12/1976,351,1413,9,-1.5,0.84,0.2,6.777777778,34.34,331,59
17/12/1976,351,1414,10,-1.2,0.82,0.2,6.555555556,68.68,331,59
17/12/1976,351,1415,11,-0.9,0.82,0.2,6.111111111,109.08,331,59
17/12/1976,351,1416,12,-0.7,0.81,0.2,6.166666667,157.56,331,59
17/12/1976,351,1417,13,-0.6,0.81,0.2,6.388888889,173.72,331,59
17/12/1976,351,1418,14,-0.6,0.81,0.2,6.277777778,86.86,331,59
17/12/1976,351,1419,15,-0.8,0.83,0.2,6.888888889,24.24,331,59
17/12/1976,351,1420,16,-0.8,0.84,0.2,6.666666667,0,331,59
17/12/1976,351,1421,17,-0.7,0.87,0.2,6.833333333,0,331,59
17/12/1976,351,1422,18,-0.6,0.89,0.3,6.583333333,0,331,59
17/12/1976,351,1423,19,-0.6,0.91,0.3,6.361111111,0,331,59
17/12/1976,351,1424,20,-0.2,0.93,0.3,5.833333333,0,331,59
17/12/1976,351,1425,21,0.4,0.93,0.3,4.916666667,0,331,59
17/12/1976,351,1426,22,1,0.94,0.4,3.694444444,0,331,59
17/12/1976,351,1427,23,1.8,0.95,0.4,3.027777778,0,331,59
18/12/1976,352,1428,24,2.4,0.95,0.5,2.833333333,0,331,60
18/12/1976,352,1429,1,2.8,0.96,0.6,3,0,331,60
18/12/1976,352,1430,2,3.1,0.96,0.7,3.166666667,0,331,60
18/12/1976,352,1431,3,3.3,0.97,0.8,3.055555556,0,331,60
18/12/1976,352,1432,4,3.5,0.97,1.1,2.944444444,0,331,60
18/12/1976,352,1433,5,3.6,0.97,1.5,2.472222222,0,331,60
18/12/1976,352,1434,6,3.7,0.97,1.8,2.111111111,0,331,60
18/12/1976,352,1435,7,2.8,0.95,1.8,2.055555556,0,331,60
18/12/1976,352,1436,8,2.5,0.95,1.7,2.194444444,0,331,60
18/12/1976,352,1437,9,2.3,0.93,1.8,2.138888889,18.18,331,60
18/12/1976,352,1438,10,2.6,0.9,2,2.944444444,56.56,331,60
18/12/1976,352,1439,11,2.9,0.86,2.2,2.611111111,109.08,331,60
18/12/1976,352,1440,12,3,0.84,2.4,2.222222222,115.14,331,60
18/12/1976,352,1441,13,3.1,0.82,2.5,2.222222222,107.06,331,60
18/12/1976,352,1442,14,2.8,0.83,2.5,2.194444444,76.76,331,60
18/12/1976,352,1443,15,2.3,0.84,2.2,2.333333333,34.34,331,60
18/12/1976,352,1444,16,1.9,0.85,2,2.861111111,2.02,331,60
18/12/1976,352,1445,17,1.6,0.85,1.8,3.25,0,331,60
18/12/1976,352,1446,18,1.2,0.85,1.6,3.611111111,0,331,60
18/12/1976,352,1447,19,0.9,0.85,1.5,4.055555556,0,331,60
18/12/1976,352,1448,20,0.8,0.84,1.4,4.472222222,0,331,60
18/12/1976,352,1449,21,0.5,0.84,1.2,4.75,0,331,60
18/12/1976,352,1450,22,0.4,0.84,1.1,5.222222222,0,331,60
18/12/1976,352,1451,23,0.2,0.84,1.1,5.138888889,0,331,60
19/12/1976,353,1452,24,0,0.84,1,5.361111111,0,331,61
19/12/1976,353,1453,1,0,0.83,1,5.833333333,0,331,61
19/12/1976,353,1454,2,-0.3,0.83,0.9,6.527777778,0,331,61
19/12/1976,353,1455,3,-0.4,0.83,0.8,6.972222222,0,331,61
19/12/1976,353,1456,4,-0.7,0.83,0.8,7.083333333,0,331,61
19/12/1976,353,1457,5,-1.1,0.84,0.7,7.305555556,0,331,61
19/12/1976,353,1458,6,-1.4,0.84,0.7,7.25,0,331,61
19/12/1976,353,1459,7,-1.4,0.84,0.6,7.5,0,331,61
19/12/1976,353,1460,8,-1.5,0.84,0.6,7.972222222,0,331,61
19/12/1976,353,1461,9,-1.3,0.82,0.6,7.805555556,26.26,331,61
19/12/1976,353,1462,10,-1.1,0.82,0.6,7.527777778,56.56,331,61
19/12/1976,353,1463,11,-0.9,0.84,0.6,7.861111111,60.6,331,61
19/12/1976,353,1464,12,-0.9,0.88,0.6,8.305555556,60.6,331,61
19/12/1976,353,1465,13,-0.9,0.91,0.6,8.333333333,54.54,331,61
19/12/1976,353,1466,14,-0.8,0.91,0.6,8.472222222,36.36,331,61
19/12/1976,353,1467,15,-0.7,0.91,0.5,8.5,16.16,331,61
19/12/1976,353,1468,16,-0.7,0.91,0.5,8.555555556,0,331,61
19/12/1976,353,1469,17,-0.6,0.9,0.5,8.444444444,0,331,61
19/12/1976,353,1470,18,-0.5,0.91,0.5,8.583333333,0,331,61
19/12/1976,353,1471,19,-0.3,0.9,0.5,8.638888889,0,331,61
19/12/1976,353,1472,20,-0.2,0.91,0.5,8.5,0,331,61
19/12/1976,353,1473,21,-0.1,0.91,0.6,8.5,0,331,61
19/12/1976,353,1474,22,0,0.92,0.6,8.611111111,0,331,61
19/12/1976,353,1475,23,0.1,0.92,0.6,8.527777778,0,331,61
20/12/1976,354,1476,24,0.2,0.91,0.6,8.277777778,0,331,62
20/12/1976,354,1477,1,0.4,0.91,0.6,7.722222222,0,331,62
20/12/1976,354,1478,2,0.6,0.91,0.6,7.416666667,0,331,62
20/12/1976,354,1479,3,0.7,0.91,0.7,6.972222222,0,331,62
20/12/1976,354,1480,4,0.9,0.91,0.7,6.777777778,0,331,62
20/12/1976,354,1481,5,0.9,0.92,0.7,6.833333333,0,331,62
20/12/1976,354,1482,6,1,0.92,0.8,6.777777778,0,331,62
20/12/1976,354,1483,7,1.4,0.93,0.8,6.416666667,0,331,62
20/12/1976,354,1484,8,1.5,0.93,0.9,6.277777778,0,331,62
20/12/1976,354,1485,9,1.7,0.93,1,6.222222222,54.54,331,62
20/12/1976,354,1486,10,2.1,0.92,1.2,5.638888889,155.54,331,62
20/12/1976,354,1487,11,2.5,0.91,1.7,5.277777778,208.06,331,62
20/12/1976,354,1488,12,2.8,0.91,2,4.972222222,187.86,331,62
20/12/1976,354,1489,13,3,0.91,2.3,4.75,175.74,331,62
20/12/1976,354,1490,14,2.9,0.91,2.3,4.694444444,145.44,331,62
20/12/1976,354,1491,15,2.6,0.92,2.2,4.472222222,68.68,331,62
20/12/1976,354,1492,16,2.2,0.93,2,4.361111111,4.04,331,62
20/12/1976,354,1493,17,2.1,0.94,1.9,4.472222222,0,331,62
20/12/1976,354,1494,18,2,0.94,1.8,4.166666667,0,331,62
20/12/1976,354,1495,19,2.1,0.93,1.8,4.111111111,0,331,62
20/12/1976,354,1496,20,2.1,0.93,1.8,4.166666667,0,331,62
20/12/1976,354,1497,21,2,0.93,1.8,4.166666667,0,331,62
20/12/1976,354,1498,22,2,0.94,1.8,3.972222222,0,331,62
20/12/1976,354,1499,23,2,0.94,1.9,3.888888889,0,331,62
21/12/1976,355,1500,24,2,0.94,1.9,3.888888889,0,331,63
21/12/1976,355,1501,1,2.1,0.94,1.9,4.111111111,0,331,63
21/12/1976,355,1502,2,2.2,0.94,2,4.333333333,0,331,63
21/12/1976,355,1503,3,2.4,0.93,2.1,4.472222222,0,331,63
21/12/1976,355,1504,4,2.6,0.93,2.2,4.833333333,0,331,63
21/12/1976,355,1505,5,2.9,0.92,2.3,5.138888889,0,331,63
21/12/1976,355,1506,6,3.2,0.92,2.4,5.416666667,0,331,63
21/12/1976,355,1507,7,3.5,0.91,2.5,5.611111111,0,331,63
21/12/1976,355,1508,8,3.9,0.91,2.6,5.638888889,0,331,63
21/12/1976,355,1509,9,4.2,0.92,2.8,5.5,10.1,331,63
21/12/1976,355,1510,10,4.6,0.92,3.1,5,34.34,331,63
21/12/1976,355,1511,11,4.9,0.94,3.4,5.138888889,74.74,331,63
21/12/1976,355,1512,12,5.2,0.94,3.6,5.222222222,72.72,331,63
21/12/1976,355,1513,13,5.7,0.94,3.9,5.194444444,109.08,331,63
21/12/1976,355,1514,14,5.8,0.94,4.1,5.083333333,76.76,331,63
21/12/1976,355,1515,15,5.9,0.95,4.2,5.416666667,42.42,331,63
21/12/1976,355,1516,16,5.8,0.95,4.2,5.194444444,2.02,331,63
21/12/1976,355,1517,17,5.8,0.95,4.2,5.25,0,331,63
21/12/1976,355,1518,18,5.8,0.95,4.2,5.611111111,0,331,63
21/12/1976,355,1519,19,5.6,0.95,4.2,6.527777778,0,331,63
21/12/1976,355,1520,20,5.6,0.93,4.3,6.638888889,0,331,63
21/12/1976,355,1521,21,5.4,0.92,4.2,6.444444444,0,331,63
21/12/1976,355,1522,22,5.2,0.93,4.1,5.916666667,0,331,63
21/12/1976,355,1523,23,5,0.93,4.1,5.388888889,0,331,63
22/12/1976,356,1524,24,4.9,0.93,4.1,5.305555556,0,331,64
22/12/1976,356,1525,1,4.7,0.93,4,5.416666667,0,331,64
22/12/1976,356,1526,2,4.5,0.93,4,5.555555556,0,331,64
22/12/1976,356,1527,3,4.4,0.91,3.9,5.166666667,0,331,64
22/12/1976,356,1528,4,4.2,0.9,3.8,5.111111111,0,331,64
22/12/1976,356,1529,5,4.1,0.9,3.7,4.972222222,0,331,64
22/12/1976,356,1530,6,3.9,0.91,3.7,4.722222222,0,331,64
22/12/1976,356,1531,7,4.1,0.92,3.7,4.388888889,0,331,64
22/12/1976,356,1532,8,3.7,0.93,3.5,4.194444444,0,331,64
22/12/1976,356,1533,9,3.8,0.92,3.6,4.194444444,68.68,331,64
22/12/1976,356,1534,10,4.1,0.9,3.8,4.25,195.94,331,64
22/12/1976,356,1535,11,4.7,0.89,4.2,3.861111111,286.84,331,64
22/12/1976,356,1536,12,5.3,0.87,4.7,3.722222222,321.18,331,64
22/12/1976,356,1537,13,5.6,0.86,5,3.361111111,268.66,331,64
22/12/1976,356,1538,14,5.4,0.88,4.9,2.611111111,224.22,331,64
22/12/1976,356,1539,15,4.6,0.91,4.5,2.194444444,90.9,331,64
22/12/1976,356,1540,16,3.7,0.94,3.8,2.333333333,4.04,331,64
22/12/1976,356,1541,17,2.9,0.95,3.3,2.333333333,0,331,64
22/12/1976,356,1542,18,2.3,0.96,2.9,2.222222222,0,331,64
22/12/1976,356,1543,19,2,0.98,2.8,2.388888889,0,331,64
22/12/1976,356,1544,20,1.6,0.98,2.5,2.194444444,0,331,64
22/12/1976,356,1545,21,1.2,0.98,2.3,2.222222222,0,331,64
22/12/1976,356,1546,22,0.9,0.98,2,1.972222222,0,331,64
22/12/1976,356,1547,23,0.4,0.99,1.7,1.916666667,0,331,64
23/12/1976,357,1548,24,-0.2,1,1.5,1.833333333,0,331,65
23/12/1976,357,1549,1,-0.8,0.99,1.1,1.722222222,0,331,65
23/12/1976,357,1550,2,-1,0.99,0.9,2.111111111,0,331,65
23/12/1976,357,1551,3,-0.9,0.99,0.9,2.416666667,0,331,65
23/12/1976,357,1552,4,-1.2,0.99,0.9,2.722222222,0,331,65
23/12/1976,357,1553,5,-1.1,0.99,0.9,2.916666667,0,331,65
23/12/1976,357,1554,6,-1,0.99,0.9,3.333333333,0,331,65
23/12/1976,357,1555,7,-1.1,0.98,0.8,3.638888889,0,331,65
23/12/1976,357,1556,8,-0.9,0.98,0.8,3.722222222,0,331,65
23/12/1976,357,1557,9,-0.5,0.97,0.8,3.972222222,62.62,331,65
23/12/1976,357,1558,10,0.4,0.96,1.1,3.833333333,191.9,331,65
23/12/1976,357,1559,11,1.2,0.94,1.8,3.611111111,290.88,331,65
23/12/1976,357,1560,12,1.9,0.91,2.4,3.611111111,357.54,331,65
23/12/1976,357,1561,13,2.3,0.89,2.8,3.555555556,309.06,331,65
23/12/1976,357,1562,14,2.2,0.89,2.8,3.638888889,208.06,331,65
23/12/1976,357,1563,15,1.4,0.91,2.3,3.611111111,82.82,331,65
23/12/1976,357,1564,16,0.7,0.93,1.7,3.833333333,4.04,331,65
23/12/1976,357,1565,17,0.2,0.94,1.3,3.972222222,0,331,65
23/12/1976,357,1566,18,-0.1,0.94,1.1,3.888888889,0,331,65
23/12/1976,357,1567,19,-0.4,0.95,0.9,3.777777778,0,331,65
23/12/1976,357,1568,20,-0.3,0.95,0.8,3.611111111,0,331,65
23/12/1976,357,1569,21,-0.2,0.96,0.9,3.444444444,0,331,65
23/12/1976,357,1570,22,-0.3,0.97,0.8,3.055555556,0,331,65
23/12/1976,357,1571,23,-0.2,0.97,0.8,2.722222222,0,331,65
24/12/1976,358,1572,24,-0.3,0.97,0.8,2.5,0,331,66
24/12/1976,358,1573,1,-0.1,0.97,0.8,2.638888889,0,331,66
24/12/1976,358,1574,2,0,0.96,0.9,2.722222222,0,331,66
24/12/1976,358,1575,3,-0.2,0.96,0.8,2.583333333,0,331,66
24/12/1976,358,1576,4,-0.2,0.95,0.8,2.416666667,0,331,66
24/12/1976,358,1577,5,-0.1,0.94,0.8,2.111111111,0,331,66
24/12/1976,358,1578,6,-0.2,0.92,0.8,1.916666667,0,331,66
24/12/1976,358,1579,7,-0.2,0.93,0.8,1.777777778,0,331,66
24/12/1976,358,1580,8,-0.4,0.93,0.7,1.666666667,0,331,66
24/12/1976,358,1581,9,-0.3,0.93,0.7,1.111111111,34.34,331,66
24/12/1976,358,1582,10,0.3,0.9,0.9,0.694444444,139.38,331,66
24/12/1976,358,1583,11,1,0.85,1.4,0.305555556,256.54,331,66
24/12/1976,358,1584,12,1.4,0.84,2,1.277777778,284.82,331,66
24/12/1976,358,1585,13,1.7,0.85,2.3,2.055555556,264.62,331,66
24/12/1976,358,1586,14,1.8,0.86,2.3,2.416666667,199.98,331,66
24/12/1976,358,1587,15,1.5,0.86,1.9,2.416666667,78.78,331,66
24/12/1976,358,1588,16,1.2,0.87,1.5,2.777777778,4.04,331,66
24/12/1976,358,1589,17,1.3,0.88,1.4,3.055555556,0,331,66
24/12/1976,358,1590,18,1.6,0.88,1.3,3.5,0,331,66
24/12/1976,358,1591,19,2.6,0.88,1.5,4.027777778,0,331,66
24/12/1976,358,1592,20,3,0.86,1.7,4.361111111,0,331,66
24/12/1976,358,1593,21,2.8,0.85,1.6,4.888888889,0,331,66
24/12/1976,358,1594,22,2.2,0.85,1.5,5.361111111,0,331,66
24/12/1976,358,1595,23,1.6,0.86,1.3,5.111111111,0,331,66
25/12/1976,359,1596,24,0.6,0.85,1,4.944444444,0,331,67
25/12/1976,359,1597,1,-0.2,0.83,0.6,4.666666667,0,331,67
25/12/1976,359,1598,2,-0.8,0.82,0.5,4.305555556,0,331,67
25/12/1976,359,1599,3,-1.3,0.82,0.4,4.166666667,0,331,67
25/12/1976,359,1600,4,-1.6,0.81,0.3,3.694444444,0,331,67
25/12/1976,359,1601,5,-1.8,0.79,0.3,3.333333333,0,331,67
25/12/1976,359,1602,6,-1.9,0.77,0.2,3.111111111,0,331,67
25/12/1976,359,1603,7,-2.3,0.76,0.1,2.611111111,0,331,67
25/12/1976,359,1604,8,-2.5,0.76,0.1,2.638888889,0,331,67
25/12/1976,359,1605,9,-2.4,0.78,0.1,1.583333333,76.76,331,67
25/12/1976,359,1606,10,-1.2,0.77,0.1,1.305555556,230.28,331,67
25/12/1976,359,1607,11,-0.2,0.69,0.2,0.444444444,347.44,331,67
25/12/1976,359,1608,12,0.3,0.65,0.3,0.638888889,416.12,331,67
25/12/1976,359,1609,13,0.4,0.64,0.4,1.527777778,387.84,331,67
25/12/1976,359,1610,14,0.3,0.67,0.4,2.194444444,268.66,331,67
25/12/1976,359,1611,15,-0.5,0.73,0.3,3.083333333,113.12,331,67
25/12/1976,359,1612,16,-1.5,0.78,0.3,4.083333333,6.06,331,67
25/12/1976,359,1613,17,-1.7,0.79,0.2,4.611111111,0,331,67
25/12/1976,359,1614,18,-1.5,0.8,0.2,4.916666667,0,331,67
25/12/1976,359,1615,19,-0.7,0.81,0.2,4.972222222,0,331,67
25/12/1976,359,1616,20,0.1,0.81,0.2,5.027777778,0,331,67
25/12/1976,359,1617,21,1,0.81,0.2,5.305555556,0,331,67
25/12/1976,359,1618,22,2,0.84,0.2,6.5,0,331,67
25/12/1976,359,1619,23,2.8,0.88,0.3,6.972222222,0,331,67
26/12/1976,360,1620,24,3.5,0.87,0.4,7.305555556,0,331,68
26/12/1976,360,1621,1,3.8,0.87,0.5,7.361111111,0,331,68
26/12/1976,360,1622,2,3.8,0.86,0.6,7.111111111,0,331,68
26/12/1976,360,1623,3,3.7,0.83,0.7,7.083333333,0,331,68
26/12/1976,360,1624,4,3.5,0.81,0.7,7.305555556,0,331,68
26/12/1976,360,1625,5,3.1,0.81,0.8,7,0,331,68
26/12/1976,360,1626,6,2.5,0.84,0.9,5.916666667,0,331,68
26/12/1976,360,1627,7,2,0.72,0.8,5.638888889,0,331,68
26/12/1976,360,1628,8,1.3,0.66,0.7,4.222222222,0,331,68
26/12/1976,360,1629,9,0.6,0.68,0.7,2.916666667,56.56,331,68
26/12/1976,360,1630,10,0.6,0.7,0.7,1.972222222,216.14,331,68
26/12/1976,360,1631,11,1.1,0.61,0.9,1.083333333,363.6,331,68
26/12/1976,360,1632,12,1.3,0.52,1.3,0.222222222,418.14,331,68
26/12/1976,360,1633,13,1.5,0.51,1.6,1.444444444,387.84,331,68
26/12/1976,360,1634,14,1.3,0.58,1.5,1.888888889,280.78,331,68
26/12/1976,360,1635,15,0.5,0.61,0.8,2.75,119.18,331,68
26/12/1976,360,1636,16,-0.4,0.66,0.5,3.472222222,6.06,331,68
26/12/1976,360,1637,17,-0.4,0.68,0.5,4.305555556,0,331,68
26/12/1976,360,1638,18,-0.1,0.71,0.4,4.527777778,0,331,68
26/12/1976,360,1639,19,0,0.79,0.4,4.416666667,0,331,68
26/12/1976,360,1640,20,0.5,0.82,0.4,4.416666667,0,331,68
26/12/1976,360,1641,21,0.9,0.85,0.5,4.555555556,0,331,68
26/12/1976,360,1642,22,1.1,0.86,0.5,4.611111111,0,331,68
26/12/1976,360,1643,23,1.3,0.88,0.5,4.611111111,0,331,68
27/12/1976,361,1644,24,1.4,0.89,0.5,4.527777778,0,331,69
27/12/1976,361,1645,1,1.2,0.91,0.6,4.611111111,0,331,69
27/12/1976,361,1646,2,1.3,0.92,0.6,4.5,0,331,69
27/12/1976,361,1647,3,2,0.92,0.7,4.527777778,0,331,69
27/12/1976,361,1648,4,2.4,0.91,0.7,5.166666667,0,331,69
27/12/1976,361,1649,5,2.6,0.9,0.8,5.777777778,0,331,69
27/12/1976,361,1650,6,2.5,0.88,0.9,6.111111111,0,331,69
27/12/1976,361,1651,7,2.4,0.87,1,6.194444444,0,331,69
27/12/1976,361,1652,8,2.4,0.87,1.2,6.333333333,0,331,69
27/12/1976,361,1653,9,2.7,0.88,1.4,6.472222222,40.4,331,69
27/12/1976,361,1654,10,3.1,0.88,1.7,6.722222222,123.22,331,69
27/12/1976,361,1655,11,3.7,0.86,2.2,7.25,185.84,331,69
27/12/1976,361,1656,12,3.9,0.86,2.4,7.833333333,153.52,331,69
27/12/1976,361,1657,13,4.2,0.84,2.7,7.305555556,187.86,331,69
27/12/1976,361,1658,14,4.2,0.83,2.8,6.722222222,145.44,331,69
27/12/1976,361,1659,15,3.8,0.84,2.7,6.583333333,58.58,331,69
27/12/1976,361,1660,16,3.4,0.85,2.5,6.5,4.04,331,69
27/12/1976,361,1661,17,3.3,0.85,2.4,6.416666667,0,331,69
27/12/1976,361,1662,18,3.1,0.85,2.3,6.555555556,0,331,69
27/12/1976,361,1663,19,3.2,0.86,2.4,6.611111111,0,331,69
27/12/1976,361,1664,20,3,0.87,2.3,6.444444444,0,331,69
27/12/1976,361,1665,21,3,0.87,2.3,6.5,0,331,69
27/12/1976,361,1666,22,3,0.88,2.4,6.555555556,0,331,69
27/12/1976,361,1667,23,2.7,0.91,2.3,5.972222222,0,331,69
28/12/1976,362,1668,24,2.4,0.94,2.3,4.611111111,0,331,70
28/12/1976,362,1669,1,1.5,0.99,2.1,3.305555556,0,331,70
28/12/1976,362,1670,2,1.1,0.99,1.9,3.666666667,0,331,70
28/12/1976,362,1671,3,1.3,0.95,1.9,4.805555556,0,331,70
28/12/1976,362,1672,4,1.7,0.87,1.8,5.111111111,0,331,70
28/12/1976,362,1673,5,1.9,0.72,1.6,5.305555556,0,331,70
28/12/1976,362,1674,6,1.9,0.66,1.4,5.305555556,0,331,70
28/12/1976,362,1675,7,1.3,0.63,1.1,5.388888889,0,331,70
28/12/1976,362,1676,8,1,0.61,0.9,4.805555556,0,331,70
28/12/1976,362,1677,9,0.9,0.61,0.9,4.194444444,60.6,331,70
28/12/1976,362,1678,10,1.1,0.6,1,3.694444444,216.14,331,70
28/12/1976,362,1679,11,1.7,0.59,1.5,3.25,319.16,331,70
28/12/1976,362,1680,12,2.1,0.58,1.9,3.194444444,410.06,331,70
28/12/1976,362,1681,13,2.5,0.53,2.3,3.333333333,389.86,331,70
28/12/1976,362,1682,14,2.3,0.54,2.2,3.361111111,254.52,331,70
28/12/1976,362,1683,15,1.4,0.57,1.7,2.972222222,113.12,331,70
28/12/1976,362,1684,16,0.6,0.59,1.1,3.027777778,8.08,331,70
28/12/1976,362,1685,17,0.2,0.64,0.7,2.638888889,0,331,70
28/12/1976,362,1686,18,-0.8,0.74,0.6,2.277777778,0,331,70
28/12/1976,362,1687,19,-1.7,0.8,0.4,2.527777778,0,331,70
28/12/1976,362,1688,20,-2,0.86,0.3,2.888888889,0,331,70
28/12/1976,362,1689,21,-2.1,0.86,0.3,2.916666667,0,331,70
28/12/1976,362,1690,22,-2.2,0.86,0.2,3.527777778,0,331,70
28/12/1976,362,1691,23,-2.5,0.86,0.2,3.833333333,0,331,70
29/12/1976,363,1692,24,-2.6,0.88,0.1,3.972222222,0,331,71
29/12/1976,363,1693,1,-2.6,0.89,0.1,4.027777778,0,331,71
29/12/1976,363,1694,2,-2.6,0.9,0,4.194444444,0,331,71
29/12/1976,363,1695,3,-2.6,0.92,0,4.416666667,0,331,71
29/12/1976,363,1696,4,-2.5,0.92,0,4.722222222,0,331,71
29/12/1976,363,1697,5,-2.5,0.94,-0.1,4.805555556,0,331,71
29/12/1976,363,1698,6,-2.3,0.94,-0.1,4.972222222,0,331,71
29/12/1976,363,1699,7,-2.8,0.95,-0.1,5.083333333,0,331,71
29/12/1976,363,1700,8,-2.7,0.95,-0.1,5.25,0,331,71
29/12/1976,363,1701,9,-2.3,0.94,-0.2,5.5,58.58,331,71
29/12/1976,363,1702,10,-1.8,0.91,-0.1,6.388888889,181.8,331,71
29/12/1976,363,1703,11,-1.2,0.87,-0.1,6.694444444,292.9,331,71
29/12/1976,363,1704,12,-0.8,0.85,0,6.555555556,387.84,331,71
29/12/1976,363,1705,13,-0.5,0.84,0,5.666666667,369.66,331,71
29/12/1976,363,1706,14,-0.7,0.84,0,5.555555556,268.66,331,71
29/12/1976,363,1707,15,-1.5,0.83,0,5.305555556,123.22,331,71
29/12/1976,363,1708,16,-2.6,0.82,-0.1,5.305555556,8.08,331,71
29/12/1976,363,1709,17,-3.3,0.79,-0.1,5.222222222,0,331,71
29/12/1976,363,1710,18,-3.9,0.77,-0.2,5.083333333,0,331,71
29/12/1976,363,1711,19,-4.5,0.79,-0.3,4.805555556,0,331,71
29/12/1976,363,1712,20,-4.8,0.79,-0.3,4.75,0,331,71
29/12/1976,363,1713,21,-4.9,0.79,-0.4,4.916666667,0,331,71
29/12/1976,363,1714,22,-5,0.79,-0.5,4.888888889,0,331,71
29/12/1976,363,1715,23,-5.1,0.78,-0.5,4.916666667,0,331,71
30/12/1976,364,1716,24,-5.4,0.77,-0.6,5.055555556,0,331,72
30/12/1976,364,1717,1,-5.7,0.77,-0.6,5.222222222,0,331,72
30/12/1976,364,1718,2,-6.1,0.76,-0.7,5.472222222,0,331,72
30/12/1976,364,1719,3,-6.4,0.75,-0.8,5.805555556,0,331,72
30/12/1976,364,1720,4,-6.6,0.74,-0.8,5.944444444,0,331,72
30/12/1976,364,1721,5,-6.8,0.73,-0.9,5.972222222,0,331,72
30/12/1976,364,1722,6,-6.9,0.72,-1,6.083333333,0,331,72
30/12/1976,364,1723,7,-6.9,0.73,-1,6.138888889,0,331,72
30/12/1976,364,1724,8,-6.7,0.72,-1.1,6.305555556,0,331,72
30/12/1976,364,1725,9,-6.1,0.7,-1.1,6.972222222,60.6,331,72
30/12/1976,364,1726,10,-5.3,0.68,-1.1,7.111111111,183.82,331,72
30/12/1976,364,1727,11,-4.6,0.64,-1.1,7.638888889,294.92,331,72
30/12/1976,364,1728,12,-3.9,0.62,-1.1,7.833333333,345.42,331,72
30/12/1976,364,1729,13,-3.5,0.61,-1.1,7.694444444,276.74,331,72
30/12/1976,364,1730,14,-3.3,0.6,-1.1,8.222222222,185.84,331,72
30/12/1976,364,1731,15,-3.4,0.59,-1.1,8.083333333,94.94,331,72
30/12/1976,364,1732,16,-3.6,0.59,-1.1,8.083333333,8.08,331,72
30/12/1976,364,1733,17,-3.5,0.58,-1.1,8.361111111,0,331,72
30/12/1976,364,1734,18,-3.4,0.58,-1.1,8.361111111,0,331,72
30/12/1976,364,1735,19,-3.2,0.61,-1.1,8.25,0,331,72
30/12/1976,364,1736,20,-2.9,0.61,-1.1,8.222222222,0,331,72
30/12/1976,364,1737,21,-2.7,0.62,-1.1,8.166666667,0,331,72
30/12/1976,364,1738,22,-2.5,0.63,-1.1,7.888888889,0,331,72
30/12/1976,364,1739,23,-2.5,0.65,-1.1,8,0,331,72
31/12/1976,0,1740,24,-2.3,0.66,-1.1,8,0,331,73
31/12/1976,0,1741,1,-2.1,0.66,-1.1,7.944444444,0,331,73
31/12/1976,0,1742,2,-2.1,0.66,-1.1,7.972222222,0,331,73
31/12/1976,0,1743,3,-1.9,0.66,-1.1,8.055555556,0,331,73
31/12/1976,0,1744,4,-1.4,0.65,-1.1,8.083333333,0,331,73
31/12/1976,0,1745,5,-1.2,0.66,-1,7.944444444,0,331,73
31/12/1976,0,1746,6,-0.8,0.68,-1,7.527777778,0,331,73
31/12/1976,0,1747,7,-0.8,0.78,-1,7.388888889,0,331,73
31/12/1976,0,1748,8,-0.2,0.8,-1,7.111111111,0,331,73
31/12/1976,0,1749,9,0.9,0.79,-0.9,6.833333333,40.4,331,73
31/12/1976,0,1750,10,1.7,0.79,-0.9,6.444444444,98.98,331,73
31/12/1976,0,1751,11,2.3,0.78,-0.8,6.055555556,92.92,331,73
31/12/1976,0,1752,12,2.8,0.78,-0.7,5.75,131.3,331,73
31/12/1976,0,1753,13,3.1,0.78,-0.6,5.111111111,155.54,331,73
31/12/1976,0,1754,14,2.9,0.8,-0.6,4.722222222,121.2,331,73
31/12/1976,0,1755,15,2.5,0.83,-0.5,4.388888889,64.64,331,73
31/12/1976,0,1756,16,2,0.87,-0.5,4.583333333,6.06,331,73
31/12/1976,0,1757,17,2,0.88,-0.5,4.583333333,0,331,73
31/12/1976,0,1758,18,2.1,0.9,-0.4,4.5,0,331,73
31/12/1976,0,1759,19,1.5,0.92,-0.4,4.805555556,0,331,73
31/12/1976,0,1760,20,1.9,0.92,-0.4,5.305555556,0,331,73
31/12/1976,0,1761,21,2.3,0.92,-0.3,5.444444444,0,331,73
31/12/1976,0,1762,22,2.8,0.92,-0.3,5.305555556,0,331,73
31/12/1976,0,1763,23,3.4,0.92,-0.2,5.361111111,0,331,73
01/01/1977,1,1764,24,4,0.91,-0.2,5.694444444,0,331,74
01/01/1977,1,1765,1,4.5,0.9,-0.1,6.444444444,0,331,74
01/01/1977,1,1766,2,4.8,0.9,0,7.333333333,0,331,74
01/01/1977,1,1767,3,5.1,0.89,0.1,7.75,0,331,74
01/01/1977,1,1768,4,5.5,0.89,0.2,8.194444444,0,331,74
01/01/1977,1,1769,5,6.3,0.88,0.3,8.888888889,0,331,74
01/01/1977,1,1770,6,7.2,0.89,0.4,9.055555556,0,331,74
01/01/1977,1,1771,7,8,0.88,0.6,9,0,331,74
01/01/1977,1,1772,8,8.4,0.9,1,8.638888889,0,331,74
01/01/1977,1,1773,9,8.5,0.9,1.5,8.583333333,12.12,331,74
01/01/1977,1,1774,10,8.3,0.91,2.4,8.222222222,50.5,331,74
01/01/1977,1,1775,11,8.1,0.91,2.9,8.25,70.7,331,74
01/01/1977,1,1776,12,7.9,0.91,3.3,7.833333333,72.72,331,74
01/01/1977,1,1777,13,7.6,0.9,3.5,7.444444444,117.16,331,74
01/01/1977,1,1778,14,7.2,0.89,3.5,6.583333333,129.28,331,74
01/01/1977,1,1779,15,6.6,0.89,3.3,6.25,68.68,331,74
01/01/1977,1,1780,16,5.9,0.89,3,6.194444444,8.08,331,74
01/01/1977,1,1781,17,5.5,0.89,2.8,6.055555556,0,331,74
01/01/1977,1,1782,18,5,0.9,2.6,5.75,0,331,74
01/01/1977,1,1783,19,4.9,0.91,2.4,5.944444444,0,331,74
01/01/1977,1,1784,20,4.6,0.92,2.3,5.888888889,0,331,74
01/01/1977,1,1785,21,4.2,0.92,2.2,5.638888889,0,331,74
01/01/1977,1,1786,22,3.8,0.93,2.1,5.361111111,0,331,74
01/01/1977,1,1787,23,3.2,0.93,1.9,4.972222222,0,331,74
02/01/1977,2,1788,24,2.6,0.94,1.6,4.777777778,0,331,75
02/01/1977,2,1789,1,2.3,0.95,1.5,4.694444444,0,331,75
02/01/1977,2,1790,2,1.9,0.95,1.3,4.666666667,0,331,75
02/01/1977,2,1791,3,1.7,0.95,1.2,4.416666667,0,331,75
02/01/1977,2,1792,4,1.5,0.95,1.1,4.166666667,0,331,75
02/01/1977,2,1793,5,1.3,0.95,1.1,3.805555556,0,331,75
02/01/1977,2,1794,6,0.9,0.95,0.9,3.361111111,0,331,75
02/01/1977,2,1795,7,0.7,0.96,0.8,3.027777778,0,331,75
02/01/1977,2,1796,8,0.5,0.96,0.8,2.694444444,0,331,75
02/01/1977,2,1797,9,1,0.96,0.9,2.416666667,58.58,331,75
02/01/1977,2,1798,10,2.1,0.96,1.2,1.555555556,139.38,331,75
02/01/1977,2,1799,11,3.8,0.93,2.3,1.777777778,232.3,331,75
02/01/1977,2,1800,12,4.8,0.88,3.2,2.638888889,333.3,331,75
02/01/1977,2,1801,13,5.4,0.86,3.6,3.666666667,266.64,331,75
02/01/1977,2,1802,14,5.2,0.86,3.5,4.222222222,189.88,331,75
02/01/1977,2,1803,15,4.7,0.85,3.2,4.388888889,94.94,331,75
02/01/1977,2,1804,16,3.8,0.86,2.6,4.305555556,10.1,331,75
02/01/1977,2,1805,17,3.4,0.87,2.3,3.944444444,0,331,75
02/01/1977,2,1806,18,2.8,0.88,2,3.694444444,0,331,75
02/01/1977,2,1807,19,2.8,0.89,1.8,3.527777778,0,331,75
02/01/1977,2,1808,20,2.5,0.89,1.7,3.416666667,0,331,75
02/01/1977,2,1809,21,2.3,0.88,1.5,3.388888889,0,331,75
02/01/1977,2,1810,22,2.1,0.86,1.4,3.583333333,0,331,75
02/01/1977,2,1811,23,2.2,0.85,1.4,3.75,0,331,75
03/01/1977,3,1812,24,2.1,0.84,1.3,4,0,331,76
03/01/1977,3,1813,1,2.1,0.83,1.3,4.5,0,331,76
03/01/1977,3,1814,2,2.3,0.83,1.3,4.805555556,0,331,76
03/01/1977,3,1815,3,2.5,0.85,1.4,5.305555556,0,331,76
03/01/1977,3,1816,4,2.6,0.87,1.5,5.805555556,0,331,76
03/01/1977,3,1817,5,2.8,0.9,1.7,5.805555556,0,331,76
03/01/1977,3,1818,6,3.1,0.9,1.9,5.611111111,0,331,76
03/01/1977,3,1819,7,3.3,0.91,2,5.305555556,0,331,76
03/01/1977,3,1820,8,3.8,0.9,2.2,4.944444444,0,331,76
03/01/1977,3,1821,9,4.4,0.9,2.5,5.277777778,44.44,331,76
03/01/1977,3,1822,10,5,0.89,2.9,6.666666667,119.18,331,76
03/01/1977,3,1823,11,5.5,0.88,3.4,7.027777778,220.18,331,76
03/01/1977,3,1824,12,5.7,0.84,3.6,7.138888889,236.34,331,76
03/01/1977,3,1825,13,5.7,0.86,3.8,7,254.52,331,76
03/01/1977,3,1826,14,5.6,0.85,3.8,6.5,173.72,331,76
03/01/1977,3,1827,15,5.2,0.87,3.7,6.083333333,80.8,331,76
03/01/1977,3,1828,16,4.9,0.85,3.4,5.611111111,12.12,331,76
03/01/1977,3,1829,17,4.4,0.87,3.2,5.25,0,331,76
03/01/1977,3,1830,18,4.4,0.89,3.1,4.833333333,0,331,76
03/01/1977,3,1831,19,4.1,0.91,3,4.527777778,0,331,76
03/01/1977,3,1832,20,3.9,0.93,2.9,4.194444444,0,331,76
03/01/1977,3,1833,21,3.6,0.93,2.8,3.861111111,0,331,76
03/01/1977,3,1834,22,3.4,0.93,2.7,4.194444444,0,331,76
03/01/1977,3,1835,23,3.2,0.93,2.5,3.222222222,0,331,76
04/01/1977,4,1836,24,3.2,0.93,2.5,3.111111111,0,331,77
04/01/1977,4,1837,1,3.1,0.93,2.5,3,0,331,77
04/01/1977,4,1838,2,2.8,0.94,2.3,2.833333333,0,331,77
04/01/1977,4,1839,3,2.7,0.94,2.2,2.361111111,0,331,77
04/01/1977,4,1840,4,2.4,0.94,2,2.194444444,0,331,77
04/01/1977,4,1841,5,2.4,0.94,2,2.333333333,0,331,77
04/01/1977,4,1842,6,2.4,0.94,1.9,2.638888889,0,331,77
04/01/1977,4,1843,7,1.9,0.97,1.7,2.361111111,0,331,77
04/01/1977,4,1844,8,1.5,0.97,1.5,2.444444444,0,331,77
04/01/1977,4,1845,9,1.7,0.97,1.6,1.75,70.7,331,77
04/01/1977,4,1846,10,3.4,0.97,2.6,1.527777778,228.26,331,77
04/01/1977,4,1847,11,4.5,0.95,3.6,0.638888889,353.5,331,77
04/01/1977,4,1848,12,5.1,0.92,4.3,1.027777778,397.94,331,77
04/01/1977,4,1849,13,5.2,0.89,4.6,0.722222222,321.18,331,77
04/01/1977,4,1850,14,4.9,0.92,4.5,0.388888889,242.4,331,77
04/01/1977,4,1851,15,4.3,0.94,4,0.638888889,111.1,331,77
04/01/1977,4,1852,16,3.2,0.98,3.3,1.305555556,12.12,331,77
04/01/1977,4,1853,17,2.4,0.99,2.9,1.583333333,0,331,77
04/01/1977,4,1854,18,1.8,0.99,2.5,1.861111111,0,331,77
04/01/1977,4,1855,19,1.6,0.99,2.3,2.333333333,0,331,77
04/01/1977,4,1856,20,1.5,0.99,2.2,2.472222222,0,331,77
04/01/1977,4,1857,21,1.2,0.99,2.1,2.805555556,0,331,77
04/01/1977,4,1858,22,1,1,2,2.972222222,0,331,77
04/01/1977,4,1859,23,1,1,1.9,2.916666667,0,331,77
05/01/1977,5,1860,24,0.9,1,1.9,3.111111111,0,331,78
05/01/1977,5,1861,1,0.8,0.99,1.8,3,0,331,78
05/01/1977,5,1862,2,0.7,1,1.8,3.111111111,0,331,78
05/01/1977,5,1863,3,0.6,0.99,1.7,3.638888889,0,331,78
05/01/1977,5,1864,4,0.5,0.99,1.6,3.861111111,0,331,78
05/01/1977,5,1865,5,0.5,0.99,1.6,3.944444444,0,331,78
05/01/1977,5,1866,6,0.3,1,1.5,3.916666667,0,331,78
05/01/1977,5,1867,7,0.1,0.99,1.4,3.888888889,0,331,78
05/01/1977,5,1868,8,0,0.99,1.3,3.972222222,0,331,78
05/01/1977,5,1869,9,0,0.99,1.3,4.166666667,28.28,331,78
05/01/1977,5,1870,10,0.1,0.98,1.5,4.777777778,111.1,331,78
05/01/1977,5,1871,11,0.2,0.97,1.6,4.805555556,153.52,331,78
05/01/1977,5,1872,12,0.4,0.96,1.8,4.75,171.7,331,78
05/01/1977,5,1873,13,0.4,0.95,1.8,4.833333333,139.38,331,78
05/01/1977,5,1874,14,0.5,0.93,1.8,4.861111111,84.84,331,78
05/01/1977,5,1875,15,0.4,0.93,1.7,4.777777778,54.54,331,78
05/01/1977,5,1876,16,0.1,0.94,1.4,4.694444444,6.06,331,78
05/01/1977,5,1877,17,0.1,0.94,1.3,5.138888889,0,331,78
05/01/1977,5,1878,18,0,0.94,1.2,5.75,0,331,78
05/01/1977,5,1879,19,-0.1,0.94,1.1,5.805555556,0,331,78
05/01/1977,5,1880,20,-0.1,0.93,1.1,5.611111111,0,331,78
05/01/1977,5,1881,21,-0.1,0.92,1,5.666666667,0,331,78
05/01/1977,5,1882,22,-0.1,0.92,1,5.861111111,0,331,78
05/01/1977,5,1883,23,-0.1,0.94,1,6.138888889,0,331,78
06/01/1977,6,1884,24,0,0.94,0.9,6,0,331,79
06/01/1977,6,1885,1,0.1,0.95,1,5.916666667,0,331,79
06/01/1977,6,1886,2,0.3,0.95,1,6,0,331,79
06/01/1977,6,1887,3,0.4,0.95,1.1,6.083333333,0,331,79
06/01/1977,6,1888,4,0.6,0.95,1.1,6.027777778,0,331,79
06/01/1977,6,1889,5,0.7,0.95,1.2,6,0,331,79
06/01/1977,6,1890,6,0.8,0.96,1.2,6,0,331,79
06/01/1977,6,1891,7,1,0.96,1.3,5.916666667,0,331,79
06/01/1977,6,1892,8,1.2,0.96,1.4,5.777777778,0,331,79
06/01/1977,6,1893,9,1.3,0.96,1.4,5.666666667,6.06,331,79
06/01/1977,6,1894,10,1.6,0.96,1.6,5.305555556,16.16,331,79
06/01/1977,6,1895,11,1.9,0.96,1.7,4.833333333,40.4,331,79
06/01/1977,6,1896,12,2.4,0.97,2,4.111111111,58.58,331,79
06/01/1977,6,1897,13,3.1,0.97,2.3,3.222222222,88.88,331,79
06/01/1977,6,1898,14,3.6,0.97,2.6,2.555555556,68.68,331,79
06/01/1977,6,1899,15,4,0.98,2.8,1.944444444,42.42,331,79
06/01/1977,6,1900,16,3.9,0.98,2.7,1.722222222,6.06,331,79
06/01/1977,6,1901,17,3.9,0.98,2.6,1.805555556,0,331,79
06/01/1977,6,1902,18,3.7,0.97,2.5,1.75,0,331,79
06/01/1977,6,1903,19,3.2,0.98,2.5,1.888888889,0,331,79
06/01/1977,6,1904,20,2.9,0.98,2.4,2.305555556,0,331,79
06/01/1977,6,1905,21,3,0.97,2.3,2.694444444,0,331,79
06/01/1977,6,1906,22,2.6,0.95,2.1,2.805555556,0,331,79
06/01/1977,6,1907,23,2.6,0.95,2,3,0,331,79
07/01/1977,7,1908,24,2.7,0.94,2,3.194444444,0,331,80
07/01/1977,7,1909,1,2.9,0.93,2.1,3.277777778,0,331,80
07/01/1977,7,1910,2,3,0.92,2.1,3.5,0,331,80
07/01/1977,7,1911,3,3.2,0.93,2.2,3.861111111,0,331,80
07/01/1977,7,1912,4,3.3,0.93,2.3,4.25,0,331,80
07/01/1977,7,1913,5,3.6,0.93,2.4,4.416666667,0,331,80
07/01/1977,7,1914,6,3.6,0.93,2.4,4.722222222,0,331,80
07/01/1977,7,1915,7,3.6,0.93,2.5,4.888888889,0,331,80
07/01/1977,7,1916,8,3.7,0.93,2.5,4.916666667,0,331,80
07/01/1977,7,1917,9,4.2,0.92,2.8,5.138888889,56.56,331,80
07/01/1977,7,1918,10,5.1,0.9,3.3,4.916666667,175.74,331,80
07/01/1977,7,1919,11,5.7,0.88,3.7,5.416666667,262.6,331,80
07/01/1977,7,1920,12,6.2,0.86,4.3,5.75,367.64,331,80
07/01/1977,7,1921,13,6.4,0.85,4.6,6.083333333,337.34,331,80
07/01/1977,7,1922,14,6.3,0.84,4.6,6.222222222,232.3,331,80
07/01/1977,7,1923,15,5.9,0.85,4.4,6.416666667,82.82,331,80
07/01/1977,7,1924,16,5.8,0.86,4.2,6.75,10.1,331,80
07/01/1977,7,1925,17,5.6,0.87,4.1,7,0,331,80
07/01/1977,7,1926,18,5.4,0.87,3.9,7.277777778,0,331,80
07/01/1977,7,1927,19,5.1,0.85,3.8,7.166666667,0,331,80
07/01/1977,7,1928,20,4.8,0.84,3.6,6.527777778,0,331,80
07/01/1977,7,1929,21,4.5,0.83,3.5,5.777777778,0,331,80
07/01/1977,7,1930,22,4.2,0.81,3.3,6.25,0,331,80
07/01/1977,7,1931,23,3.9,0.81,3.3,5.472222222,0,331,80
08/01/1977,8,1932,24,3.8,0.81,3.2,4.75,0,331,81
08/01/1977,8,1933,1,3.7,0.82,3.1,3.555555556,0,331,81
08/01/1977,8,1934,2,3.7,0.84,3,2.833333333,0,331,81
08/01/1977,8,1935,3,3.7,0.87,3,3.611111111,0,331,81
08/01/1977,8,1936,4,4.6,0.88,3.3,5.416666667,0,331,81
08/01/1977,8,1937,5,5.3,0.9,3.6,7.111111111,0,331,81
08/01/1977,8,1938,6,5.3,0.91,3.8,7.388888889,0,331,81
08/01/1977,8,1939,7,5.4,0.92,3.9,7.194444444,0,331,81
08/01/1977,8,1940,8,5.4,0.91,4,7.194444444,0,331,81
08/01/1977,8,1941,9,5.7,0.89,4.2,7.25,46.46,331,81
08/01/1977,8,1942,10,6,0.86,4.4,6.944444444,141.4,331,81
08/01/1977,8,1943,11,6.2,0.87,4.8,6.861111111,204.02,331,81
08/01/1977,8,1944,12,6.3,0.86,5,6.5,214.12,331,81
08/01/1977,8,1945,13,6.3,0.85,5,6.666666667,250.48,331,81
08/01/1977,8,1946,14,6.1,0.86,5,5.944444444,185.84,331,81
08/01/1977,8,1947,15,5.8,0.88,4.9,5.333333333,88.88,331,81
08/01/1977,8,1948,16,5.2,0.89,4.5,4.555555556,16.16,331,81
08/01/1977,8,1949,17,4.8,0.89,4.2,4.166666667,0,331,81
08/01/1977,8,1950,18,4.6,0.86,4,3.222222222,0,331,81
08/01/1977,8,1951,19,4.1,0.9,3.8,2.777777778,0,331,81
08/01/1977,8,1952,20,3.9,0.9,3.6,3.027777778,0,331,81
08/01/1977,8,1953,21,3.8,0.9,3.6,3.305555556,0,331,81
08/01/1977,8,1954,22,3.9,0.91,3.5,3.722222222,0,331,81
08/01/1977,8,1955,23,3.9,0.92,3.6,3.888888889,0,331,81
09/01/1977,9,1956,24,4,0.92,3.6,4.055555556,0,331,82
09/01/1977,9,1957,1,3.9,0.93,3.6,4.166666667,0,331,82
09/01/1977,9,1958,2,3.9,0.93,3.6,4.388888889,0,331,82
09/01/1977,9,1959,3,3.8,0.93,3.6,4.75,0,331,82
09/01/1977,9,1960,4,3.8,0.93,3.6,5.305555556,0,331,82
09/01/1977,9,1961,5,3.9,0.93,3.6,5.666666667,0,331,82
09/01/1977,9,1962,6,4.2,0.94,3.7,6,0,331,82
09/01/1977,9,1963,7,4.3,0.95,3.8,6.222222222,0,331,82
09/01/1977,9,1964,8,4.5,0.95,3.9,6.305555556,0,331,82
09/01/1977,9,1965,9,4.7,0.95,4,6.361111111,8.08,331,82
09/01/1977,9,1966,10,4.9,0.96,4.1,6.333333333,34.34,331,82
09/01/1977,9,1967,11,4.9,0.97,4.2,6.361111111,46.46,331,82
09/01/1977,9,1968,12,4.9,0.97,4.3,6.194444444,72.72,331,82
09/01/1977,9,1969,13,5,0.97,4.4,5.916666667,60.6,331,82
09/01/1977,9,1970,14,4.9,0.98,4.4,5.861111111,40.4,331,82
09/01/1977,9,1971,15,4.9,0.98,4.4,5.888888889,18.18,331,82
09/01/1977,9,1972,16,4.7,0.99,4.4,5.666666667,4.04,331,82
09/01/1977,9,1973,17,4.6,0.99,4.3,5.361111111,0,331,82
09/01/1977,9,1974,18,4.5,0.98,4.3,4.888888889,0,331,82
09/01/1977,9,1975,19,4.5,0.97,4.2,4.444444444,0,331,82
09/01/1977,9,1976,20,4.4,0.97,4.2,4.055555556,0,331,82
09/01/1977,9,1977,21,4.1,0.98,4.1,3.888888889,0,331,82
09/01/1977,9,1978,22,4,0.97,4,3.583333333,0,331,82
09/01/1977,9,1979,23,4,0.96,3.9,3.305555556,0,331,82
10/01/1977,10,1980,24,3.7,0.97,3.9,3.194444444,0,331,83
10/01/1977,10,1981,1,3.4,0.97,3.7,3,0,331,83
10/01/1977,10,1982,2,3.3,0.98,3.6,2.25,0,331,83
10/01/1977,10,1983,3,2.8,0.99,3.5,2.166666667,0,331,83
10/01/1977,10,1984,4,2.3,0.99,3.3,2.25,0,331,83
10/01/1977,10,1985,5,2.1,0.98,3.2,2.277777778,0,331,83
10/01/1977,10,1986,6,1.9,0.99,2.9,2.333333333,0,331,83
10/01/1977,10,1987,7,1.9,0.99,2.9,2.694444444,0,331,83
10/01/1977,10,1988,8,1.8,0.99,2.9,2.75,0,331,83
10/01/1977,10,1989,9,1.8,0.99,2.9,3.361111111,50.5,331,83
10/01/1977,10,1990,10,2.1,0.93,3.1,2.777777778,161.6,331,83
10/01/1977,10,1991,11,2.9,0.87,3.4,3.527777778,284.82,331,83
10/01/1977,10,1992,12,3.4,0.82,3.6,4.083333333,331.28,331,83
10/01/1977,10,1993,13,3.5,0.81,3.7,4.75,315.12,331,83
10/01/1977,10,1994,14,3.3,0.82,3.6,5.111111111,216.14,331,83
10/01/1977,10,1995,15,2.6,0.86,3.3,4.944444444,117.16,331,83
10/01/1977,10,1996,16,1.9,0.88,2.8,4.916666667,18.18,331,83
10/01/1977,10,1997,17,1.7,0.89,2.5,5.027777778,0,331,83
10/01/1977,10,1998,18,1.4,0.91,2.3,4.888888889,0,331,83
10/01/1977,10,1999,19,1.5,0.94,2.3,4.972222222,0,331,83
10/01/1977,10,2000,20,1.4,0.94,2.3,4.944444444,0,331,83
10/01/1977,10,2001,21,1.3,0.95,2.2,4.611111111,0,331,83
10/01/1977,10,2002,22,0.8,0.96,2,4.25,0,331,83
10/01/1977,10,2003,23,0.4,0.96,1.9,3.611111111,0,331,83
11/01/1977,11,2004,24,0.2,0.96,1.7,3.333333333,0,331,84
11/01/1977,11,2005,1,0.1,0.96,1.6,3,0,331,84
11/01/1977,11,2006,2,0.1,0.97,1.5,3.361111111,0,331,84
11/01/1977,11,2007,3,0.3,0.97,1.5,3.416666667,0,331,84
11/01/1977,11,2008,4,0.4,0.97,1.5,3.333333333,0,331,84
11/01/1977,11,2009,5,0.5,0.97,1.5,3.194444444,0,331,84
11/01/1977,11,2010,6,0.2,0.97,1.4,3.277777778,0,331,84
11/01/1977,11,2011,7,0.4,0.98,1.5,3.833333333,0,331,84
11/01/1977,11,2012,8,0.3,0.97,1.4,4.194444444,0,331,84
11/01/1977,11,2013,9,0.5,0.97,1.5,4.444444444,50.5,331,84
11/01/1977,11,2014,10,1.1,0.93,1.8,4.916666667,159.58,331,84
11/01/1977,11,2015,11,1.8,0.89,2.1,4.888888889,250.48,331,84
11/01/1977,11,2016,12,2.2,0.86,2.3,4.972222222,248.46,331,84
11/01/1977,11,2017,13,2.5,0.86,2.6,4.583333333,286.84,331,84
11/01/1977,11,2018,14,2.3,0.87,2.6,4.694444444,202,331,84
11/01/1977,11,2019,15,2,0.89,2.4,4.611111111,123.22,331,84
11/01/1977,11,2020,16,1.5,0.91,2.1,4.305555556,22.22,331,84
11/01/1977,11,2021,17,0.8,0.93,1.7,3.888888889,0,331,84
11/01/1977,11,2022,18,0.6,0.93,1.5,3.833333333,0,331,84
11/01/1977,11,2023,19,-0.2,0.94,1.1,3.722222222,0,331,84
11/01/1977,11,2024,20,-0.5,0.94,0.9,3.611111111,0,331,84
11/01/1977,11,2025,21,-0.8,0.95,0.8,3.472222222,0,331,84
11/01/1977,11,2026,22,-1.2,0.95,0.7,3.111111111,0,331,84
11/01/1977,11,2027,23,-1.6,0.96,0.6,2.833333333,0,331,84
12/01/1977,12,2028,24,-2,0.96,0.5,2.138888889,0,331,85
12/01/1977,12,2029,1,-2.3,0.96,0.4,1.861111111,0,331,85
12/01/1977,12,2030,2,-2.4,0.96,0.4,1.833333333,0,331,85
12/01/1977,12,2031,3,-2.5,0.96,0.3,1.861111111,0,331,85
12/01/1977,12,2032,4,-2.8,0.98,0.3,1.833333333,0,331,85
12/01/1977,12,2033,5,-3.1,0.97,0.2,1.805555556,0,331,85
12/01/1977,12,2034,6,-3.4,0.97,0.2,1.5,0,331,85
12/01/1977,12,2035,7,-3.7,0.97,0.1,1.666666667,0,331,85
12/01/1977,12,2036,8,-3.7,0.97,0.1,1.611111111,0,331,85
12/01/1977,12,2037,9,-2.9,0.97,0.1,1.666666667,48.48,331,85
12/01/1977,12,2038,10,-2.1,0.97,0.1,1.222222222,143.42,331,85
12/01/1977,12,2039,11,-1,0.96,0.2,1.194444444,248.46,331,85
12/01/1977,12,2040,12,-0.8,0.95,0.3,1,292.9,331,85
12/01/1977,12,2041,13,-0.4,0.88,0.3,0.5,270.68,331,85
12/01/1977,12,2042,14,-0.2,0.85,0.4,0.305555556,187.86,331,85
12/01/1977,12,2043,15,-0.3,0.84,0.4,0.527777778,115.14,331,85
12/01/1977,12,2044,16,-0.4,0.84,0.3,0.111111111,18.18,331,85
12/01/1977,12,2045,17,-1.1,0.9,0.3,0.805555556,0,331,85
12/01/1977,12,2046,18,-1.2,0.9,0.3,1.416666667,0,331,85
12/01/1977,12,2047,19,-1,0.85,0.2,1.916666667,0,331,85
12/01/1977,12,2048,20,-1.4,0.85,0.2,1.833333333,0,331,85
12/01/1977,12,2049,21,-1.5,0.86,0.1,2.027777778,0,331,85
12/01/1977,12,2050,22,-1.6,0.86,0.1,2.111111111,0,331,85
12/01/1977,12,2051,23,-1.9,0.87,0,1.972222222,0,331,85
13/01/1977,13,2052,24,-2,0.88,0,2.194444444,0,331,86
13/01/1977,13,2053,1,-1.9,0.9,0,2.527777778,0,331,86
13/01/1977,13,2054,2,-2.1,0.91,-0.1,2.777777778,0,331,86
13/01/1977,13,2055,3,-2.1,0.92,-0.1,3.027777778,0,331,86
13/01/1977,13,2056,4,-2.1,0.91,-0.1,3.138888889,0,331,86
13/01/1977,13,2057,5,-2.4,0.92,-0.1,3.25,0,331,86
13/01/1977,13,2058,6,-2.3,0.92,-0.2,3.444444444,0,331,86
13/01/1977,13,2059,7,-2.2,0.91,-0.2,3.5,0,331,86
13/01/1977,13,2060,8,-2.4,0.9,-0.2,3.944444444,2.02,331,86
13/01/1977,13,2061,9,-2.1,0.88,-0.2,4.722222222,64.64,331,86
13/01/1977,13,2062,10,-1.2,0.83,-0.2,5.5,246.44,331,86
13/01/1977,13,2063,11,-0.5,0.78,-0.2,7.138888889,313.1,331,86
13/01/1977,13,2064,12,0,0.75,-0.1,6.861111111,335.32,331,86
13/01/1977,13,2065,13,0.4,0.73,-0.1,5.916666667,333.3,331,86
13/01/1977,13,2066,14,0.5,0.73,0,5.861111111,252.5,331,86
13/01/1977,13,2067,15,0.3,0.73,0,6.25,147.46,331,86
13/01/1977,13,2068,16,0,0.73,0,6.944444444,24.24,331,86
13/01/1977,13,2069,17,-0.1,0.74,0,7.277777778,0,331,86
13/01/1977,13,2070,18,-0.1,0.74,0,7.916666667,0,331,86
13/01/1977,13,2071,19,-0.2,0.75,0,8.638888889,0,331,86
13/01/1977,13,2072,20,0.1,0.75,0,9.694444444,0,331,86
13/01/1977,13,2073,21,0.4,0.74,0,10.19444444,0,331,86
13/01/1977,13,2074,22,0.7,0.73,0,10.55555556,0,331,86
13/01/1977,13,2075,23,0.8,0.73,0.1,10.63888889,0,331,86
14/01/1977,14,2076,24,0.8,0.74,0.1,10.55555556,0,331,87
14/01/1977,14,2077,1,0.8,0.79,0.1,10.33333333,0,331,87
14/01/1977,14,2078,2,0.7,0.85,0.1,10.05555556,0,331,87
14/01/1977,14,2079,3,0.9,0.86,0.2,9.944444444,0,331,87
14/01/1977,14,2080,4,1.1,0.85,0.2,9.75,0,331,87
14/01/1977,14,2081,5,1.4,0.84,0.2,9.527777778,0,331,87
14/01/1977,14,2082,6,1.6,0.85,0.2,9.222222222,0,331,87
14/01/1977,14,2083,7,1.8,0.88,0.3,8.916666667,0,331,87
14/01/1977,14,2084,8,2.1,0.88,0.3,8.722222222,2.02,331,87
14/01/1977,14,2085,9,2.4,0.87,0.4,8.5,68.68,331,87
14/01/1977,14,2086,10,3.1,0.86,0.5,7.972222222,173.72,331,87
14/01/1977,14,2087,11,3.3,0.87,0.6,7.5,129.28,331,87
14/01/1977,14,2088,12,3.7,0.88,0.8,7.111111111,181.8,331,87
14/01/1977,14,2089,13,3.9,0.87,1,7.083333333,191.9,331,87
14/01/1977,14,2090,14,4,0.85,1.2,6.5,208.06,331,87
14/01/1977,14,2091,15,3.7,0.84,1.4,6.083333333,119.18,331,87
14/01/1977,14,2092,16,3.2,0.85,1.4,5.833333333,26.26,331,87
14/01/1977,14,2093,17,2.9,0.85,1.3,6,0,331,87
14/01/1977,14,2094,18,2.5,0.86,1.2,6.222222222,0,331,87
14/01/1977,14,2095,19,2.7,0.87,1.4,6.416666667,0,331,87
14/01/1977,14,2096,20,2.7,0.86,1.4,6.472222222,0,331,87
14/01/1977,14,2097,21,2.6,0.85,1.4,6.361111111,0,331,87
14/01/1977,14,2098,22,2.4,0.84,1.4,6.083333333,0,331,87
14/01/1977,14,2099,23,2.1,0.84,1.3,6.166666667,0,331,87
15/01/1977,15,2100,24,1.9,0.84,1.2,6.444444444,0,331,88
15/01/1977,15,2101,1,1.5,0.88,1.2,6.472222222,0,331,88
15/01/1977,15,2102,2,1.3,0.9,1.2,6.5,0,331,88
15/01/1977,15,2103,3,1.2,0.93,1.2,6.527777778,0,331,88
15/01/1977,15,2104,4,1.1,0.94,1.2,6.361111111,0,331,88
15/01/1977,15,2105,5,1,0.95,1.2,6.111111111,0,331,88
15/01/1977,15,2106,6,0.9,0.96,1.2,6.083333333,0,331,88
15/01/1977,15,2107,7,0.8,0.97,1.2,5.5,0,331,88
15/01/1977,15,2108,8,0.9,0.96,1.1,5.083333333,0,331,88
15/01/1977,15,2109,9,1.3,0.95,1.3,4.777777778,32.32,331,88
15/01/1977,15,2110,10,1.7,0.94,1.6,4.916666667,92.92,331,88
15/01/1977,15,2111,11,1.8,0.95,1.8,4.694444444,125.24,331,88
15/01/1977,15,2112,12,1.8,0.97,1.9,4.527777778,139.38,331,88
15/01/1977,15,2113,13,1.9,0.95,2,4.138888889,113.12,331,88
15/01/1977,15,2114,14,1.9,0.95,2,3.444444444,115.14,331,88
15/01/1977,15,2115,15,1.7,0.96,1.9,2.694444444,56.56,331,88
15/01/1977,15,2116,16,1.5,0.96,1.8,2,14.14,331,88
15/01/1977,15,2117,17,1.4,0.97,1.7,1.666666667,0,331,88
15/01/1977,15,2118,18,1.3,0.98,1.6,1.277777778,0,331,88
15/01/1977,15,2119,19,1.6,0.96,1.6,1.388888889,0,331,88
15/01/1977,15,2120,20,1.8,0.95,1.6,1.833333333,0,331,88
15/01/1977,15,2121,21,1.7,0.94,1.6,2.25,0,331,88
15/01/1977,15,2122,22,1.7,0.94,1.6,2.861111111,0,331,88
15/01/1977,15,2123,23,1.6,0.93,1.5,2.944444444,0,331,88
16/01/1977,16,2124,24,1.4,0.92,1.4,3.138888889,0,331,89
16/01/1977,16,2125,1,0.9,0.92,1.1,2.944444444,0,331,89
16/01/1977,16,2126,2,0.9,0.92,1,3.166666667,0,331,89
16/01/1977,16,2127,3,0.8,0.92,0.9,3.583333333,0,331,89
16/01/1977,16,2128,4,1,0.92,0.9,3.722222222,0,331,89
16/01/1977,16,2129,5,1.2,0.92,0.9,3.888888889,0,331,89
16/01/1977,16,2130,6,1.4,0.91,0.9,4.111111111,0,331,89
16/01/1977,16,2131,7,1.5,0.95,1,4.361111111,0,331,89
16/01/1977,16,2132,8,1.4,0.95,1.1,4.472222222,2.02,331,89
16/01/1977,16,2133,9,1.8,0.95,1.3,4.666666667,56.56,331,89
16/01/1977,16,2134,10,2.2,0.92,1.7,4.805555556,165.64,331,89
16/01/1977,16,2135,11,2.7,0.91,2.1,4.75,294.92,331,89
16/01/1977,16,2136,12,3.1,0.89,2.5,5.055555556,361.58,331,89
16/01/1977,16,2137,13,3.2,0.89,2.8,5.027777778,278.76,331,89
16/01/1977,16,2138,14,3.2,0.88,2.8,5.222222222,240.38,331,89
16/01/1977,16,2139,15,2.9,0.86,2.6,4.972222222,149.48,331,89
16/01/1977,16,2140,16,2.5,0.87,2.3,4.472222222,32.32,331,89
16/01/1977,16,2141,17,2.2,0.88,2,4.027777778,0,331,89
16/01/1977,16,2142,18,2,0.88,1.8,3.75,0,331,89
16/01/1977,16,2143,19,1.9,0.91,1.7,3.722222222,0,331,89
16/01/1977,16,2144,20,1.7,0.9,1.6,3.527777778,0,331,89
16/01/1977,16,2145,21,1.7,0.89,1.5,3.361111111,0,331,89
16/01/1977,16,2146,22,1.4,0.9,1.3,3.888888889,0,331,89
16/01/1977,16,2147,23,1.2,0.9,1.1,3.638888889,0,331,89
17/01/1977,17,2148,24,1,0.9,1,3.166666667,0,331,90
17/01/1977,17,2149,1,0.8,0.9,0.8,2.833333333,0,331,90
17/01/1977,17,2150,2,0.8,0.9,0.8,2.472222222,0,331,90
17/01/1977,17,2151,3,0.8,0.9,0.8,2.388888889,0,331,90
17/01/1977,17,2152,4,0.6,0.9,0.7,2.722222222,0,331,90
17/01/1977,17,2153,5,0.3,0.91,0.6,2.805555556,0,331,90
17/01/1977,17,2154,6,-0.4,0.92,0.5,2.611111111,0,331,90
17/01/1977,17,2155,7,-1.3,0.95,0.4,2.5,0,331,90
17/01/1977,17,2156,8,-1,0.94,0.3,2.194444444,2.02,331,90
17/01/1977,17,2157,9,0.1,0.93,0.3,1.638888889,90.9,331,90
17/01/1977,17,2158,10,1.7,0.95,0.5,1.305555556,250.48,331,90
17/01/1977,17,2159,11,3.2,0.89,0.7,1.25,381.78,331,90
17/01/1977,17,2160,12,3.8,0.83,1.2,1.5,468.64,331,90
17/01/1977,17,2161,13,4.1,0.8,2,1.194444444,452.48,331,90
17/01/1977,17,2162,14,4,0.8,2.4,0.972222222,325.22,331,90
17/01/1977,17,2163,15,3.4,0.85,2.2,1.027777778,191.9,331,90
17/01/1977,17,2164,16,1.6,0.93,1.3,1.388888889,42.42,331,90
17/01/1977,17,2165,17,-0.2,0.95,0.3,1.055555556,0,331,90
17/01/1977,17,2166,18,-1.5,0.95,0.2,1.083333333,0,331,90
17/01/1977,17,2167,19,-1.7,0.96,0.1,1.944444444,0,331,90
17/01/1977,17,2168,20,-1.6,0.96,0.1,2.305555556,0,331,90
17/01/1977,17,2169,21,-2.3,0.97,0,2.444444444,0,331,90
17/01/1977,17,2170,22,-2.5,0.97,-0.1,2.333333333,0,331,90
17/01/1977,17,2171,23,-2.7,0.98,-0.1,2.277777778,0,331,90
18/01/1977,18,2172,24,-2.4,0.97,-0.1,2.111111111,0,331,91
18/01/1977,18,2173,1,-2.2,0.98,-0.2,1.694444444,0,331,91
18/01/1977,18,2174,2,-1.7,0.98,-0.2,1.944444444,0,331,91
18/01/1977,18,2175,3,-1.5,0.99,-0.2,2.416666667,0,331,91
18/01/1977,18,2176,4,-1.3,0.98,-0.2,2.805555556,0,331,91
18/01/1977,18,2177,5,-1,0.97,-0.1,3,0,331,91
18/01/1977,18,2178,6,-0.9,0.96,-0.1,3.25,0,331,91
18/01/1977,18,2179,7,-1,0.98,-0.1,3.333333333,0,331,91
18/01/1977,18,2180,8,-1.2,0.97,-0.1,3.388888889,2.02,331,91
18/01/1977,18,2181,9,-0.9,0.95,-0.1,3.555555556,62.62,331,91
18/01/1977,18,2182,10,-0.1,0.91,-0.1,3.333333333,173.72,331,91
18/01/1977,18,2183,11,0.6,0.87,0,3.555555556,309.06,331,91
18/01/1977,18,2184,12,1.1,0.82,0,4.25,377.74,331,91
18/01/1977,18,2185,13,1.2,0.81,0.1,4.111111111,347.44,331,91
18/01/1977,18,2186,14,1.1,0.81,0.1,4,274.72,331,91
18/01/1977,18,2187,15,0.8,0.84,0.2,3.555555556,187.86,331,91
18/01/1977,18,2188,16,0.1,0.87,0.1,4.138888889,44.44,331,91
18/01/1977,18,2189,17,-0.2,0.87,0.1,4.472222222,0,331,91
18/01/1977,18,2190,18,-0.4,0.87,0.1,4.555555556,0,331,91
18/01/1977,18,2191,19,-0.7,0.9,0.1,4.555555556,0,331,91
18/01/1977,18,2192,20,-1,0.9,0.1,4.666666667,0,331,91
18/01/1977,18,2193,21,-1.3,0.89,0,4.694444444,0,331,91
18/01/1977,18,2194,22,-1.4,0.88,0,4.194444444,0,331,91
18/01/1977,18,2195,23,-1.6,0.87,0,4.25,0,331,91
19/01/1977,19,2196,24,-1.7,0.85,-0.1,4.444444444,0,331,92
19/01/1977,19,2197,1,-2,0.85,-0.1,4.527777778,0,331,92
19/01/1977,19,2198,2,-2.3,0.85,-0.1,4.583333333,0,331,92
19/01/1977,19,2199,3,-2.7,0.86,-0.2,4.75,0,331,92
19/01/1977,19,2200,4,-2.7,0.85,-0.2,4.888888889,0,331,92
19/01/1977,19,2201,5,-2.9,0.85,-0.2,4.944444444,0,331,92
19/01/1977,19,2202,6,-3,0.84,-0.3,4.888888889,0,331,92
19/01/1977,19,2203,7,-2.7,0.85,-0.3,4.777777778,0,331,92
19/01/1977,19,2204,8,-2.6,0.84,-0.3,4.666666667,2.02,331,92
19/01/1977,19,2205,9,-2.2,0.83,-0.3,4.333333333,50.5,331,92
19/01/1977,19,2206,10,-1.7,0.81,-0.3,4.333333333,98.98,331,92
19/01/1977,19,2207,11,-1.3,0.81,-0.3,3.777777778,151.5,331,92
19/01/1977,19,2208,12,-1,0.82,-0.2,3.416666667,153.52,331,92
19/01/1977,19,2209,13,-0.7,0.83,-0.2,3.333333333,153.52,331,92
19/01/1977,19,2210,14,-0.6,0.84,-0.2,3.138888889,96.96,331,92
19/01/1977,19,2211,15,-0.5,0.85,-0.2,3.055555556,70.7,331,92
19/01/1977,19,2212,16,-0.7,0.89,-0.2,2.194444444,14.14,331,92
19/01/1977,19,2213,17,-0.8,0.91,-0.2,2,0,331,92
19/01/1977,19,2214,18,-0.8,0.93,-0.2,1.944444444,0,331,92
19/01/1977,19,2215,19,-1.2,0.93,-0.2,1.444444444,0,331,92
19/01/1977,19,2216,20,-1.1,0.93,-0.2,1.333333333,0,331,92
19/01/1977,19,2217,21,-1.1,0.93,-0.2,1,0,331,92
19/01/1977,19,2218,22,-1.4,0.95,-0.2,0.5,0,331,92
19/01/1977,19,2219,23,-1.8,0.96,-0.2,0.222222222,0,331,92
20/01/1977,20,2220,24,-1.8,0.96,-0.3,0.722222222,0,331,93
20/01/1977,20,2221,1,-1.8,0.96,-0.3,1,0,331,93
20/01/1977,20,2222,2,-1.3,0.95,-0.3,1.444444444,0,331,93
20/01/1977,20,2223,3,-0.9,0.95,-0.3,1.472222222,0,331,93
20/01/1977,20,2224,4,-0.9,0.95,-0.3,0.694444444,0,331,93
20/01/1977,20,2225,5,-1,0.96,-0.3,1.472222222,0,331,93
20/01/1977,20,2226,6,-1,0.96,-0.3,1.694444444,0,331,93
20/01/1977,20,2227,7,-1.3,0.96,-0.3,2.277777778,0,331,93
20/01/1977,20,2228,8,-1.2,0.95,-0.3,3.194444444,2.02,331,93
20/01/1977,20,2229,9,-1.1,0.94,-0.3,3.305555556,52.52,331,93
20/01/1977,20,2230,10,-0.5,0.92,-0.2,3.277777778,105.04,331,93
20/01/1977,20,2231,11,0.2,0.91,-0.2,3.472222222,167.66,331,93
20/01/1977,20,2232,12,0.9,0.9,-0.1,3.555555556,224.22,331,93
20/01/1977,20,2233,13,1.6,0.88,0,3.972222222,222.2,331,93
20/01/1977,20,2234,14,1.7,0.89,0,4.111111111,165.64,331,93
20/01/1977,20,2235,15,1.5,0.91,0,4.194444444,119.18,331,93
20/01/1977,20,2236,16,1.2,0.92,0.1,4.416666667,32.32,331,93
20/01/1977,20,2237,17,1.1,0.92,0.1,4.611111111,0,331,93
20/01/1977,20,2238,18,1,0.93,0.1,5.194444444,0,331,93
20/01/1977,20,2239,19,0.9,0.94,0.1,5.416666667,0,331,93
20/01/1977,20,2240,20,0.9,0.94,0.1,5.25,0,331,93
20/01/1977,20,2241,21,0.8,0.94,0.1,5.25,0,331,93
20/01/1977,20,2242,22,0.8,0.93,0.2,5.5,0,331,93
20/01/1977,20,2243,23,0.6,0.93,0.2,5.916666667,0,331,93
21/01/1977,21,2244,24,0.7,0.92,0.2,6.194444444,0,331,94
21/01/1977,21,2245,1,0.6,0.91,0.2,6.222222222,0,331,94
21/01/1977,21,2246,2,0.5,0.91,0.2,6.222222222,0,331,94
21/01/1977,21,2247,3,0.3,0.91,0.2,5.916666667,0,331,94
21/01/1977,21,2248,4,0.2,0.91,0.1,5.861111111,0,331,94
21/01/1977,21,2249,5,0.5,0.89,0.2,5.805555556,0,331,94
21/01/1977,21,2250,6,0.9,0.88,0.2,5.666666667,0,331,94
21/01/1977,21,2251,7,1.3,0.88,0.2,5.388888889,0,331,94
21/01/1977,21,2252,8,1.8,0.88,0.3,5.027777778,2.02,331,94
21/01/1977,21,2253,9,2.3,0.88,0.3,4.861111111,52.52,331,94
21/01/1977,21,2254,10,2.8,0.88,0.4,4.722222222,62.62,331,94
21/01/1977,21,2255,11,3.5,0.88,0.5,4.666666667,96.96,331,94
21/01/1977,21,2256,12,3.9,0.89,0.6,4.583333333,103.02,331,94
21/01/1977,21,2257,13,4.3,0.9,0.7,4.138888889,131.3,331,94
21/01/1977,21,2258,14,4.7,0.91,1,3.944444444,155.54,331,94
21/01/1977,21,2259,15,4.9,0.92,1.4,3.583333333,161.6,331,94
21/01/1977,21,2260,16,4.4,0.94,1.5,3.638888889,46.46,331,94
21/01/1977,21,2261,17,3.9,0.95,1.5,3.972222222,0,331,94
21/01/1977,21,2262,18,3.7,0.96,1.5,4.138888889,0,331,94
21/01/1977,21,2263,19,3.7,0.96,1.6,4.305555556,0,331,94
21/01/1977,21,2264,20,3.7,0.96,1.7,4.305555556,0,331,94
21/01/1977,21,2265,21,3.7,0.96,1.7,4.083333333,0,331,94
21/01/1977,21,2266,22,3.8,0.95,1.8,4,0,331,94
21/01/1977,21,2267,23,3.7,0.95,1.9,4.083333333,0,331,94
22/01/1977,22,2268,24,3.8,0.95,2,4.305555556,0,331,95
22/01/1977,22,2269,1,3.9,0.95,2.1,4.361111111,0,331,95
22/01/1977,22,2270,2,4,0.95,2.2,4.333333333,0,331,95
22/01/1977,22,2271,3,4.1,0.95,2.3,4.305555556,0,331,95
22/01/1977,22,2272,4,4.3,0.95,2.4,4.361111111,0,331,95
22/01/1977,22,2273,5,4.4,0.96,2.5,4.611111111,0,331,95
22/01/1977,22,2274,6,4.4,0.96,2.5,4.888888889,0,331,95
22/01/1977,22,2275,7,4.5,0.96,2.6,5.027777778,0,331,95
22/01/1977,22,2276,8,4.5,0.96,2.6,5.083333333,4.04,331,95
22/01/1977,22,2277,9,4.8,0.95,2.8,5.277777778,105.04,331,95
22/01/1977,22,2278,10,5.5,0.94,3.4,5.055555556,230.28,331,95
22/01/1977,22,2279,11,6.4,0.92,4,5.527777778,298.96,331,95
22/01/1977,22,2280,12,6.9,0.9,4.5,5.583333333,357.54,331,95
22/01/1977,22,2281,13,7.5,0.87,4.9,5.416666667,341.38,331,95
22/01/1977,22,2282,14,7.5,0.87,5,4.583333333,256.54,331,95
22/01/1977,22,2283,15,7.2,0.87,4.9,4.194444444,151.5,331,95
22/01/1977,22,2284,16,7,0.88,4.8,3.555555556,38.38,331,95
22/01/1977,22,2285,17,6.5,0.9,4.5,3.305555556,0,331,95
22/01/1977,22,2286,18,6.1,0.93,4.3,3.5,0,331,95
22/01/1977,22,2287,19,5.9,0.93,4.3,3.416666667,0,331,95
22/01/1977,22,2288,20,5.9,0.94,4.3,3.277777778,0,331,95
22/01/1977,22,2289,21,5.7,0.95,4.3,3.277777778,0,331,95
22/01/1977,22,2290,22,5.6,0.95,4.2,3.361111111,0,331,95
22/01/1977,22,2291,23,5.4,0.95,4.2,3.305555556,0,331,95
23/01/1977,23,2292,24,5.2,0.96,4.1,3.055555556,0,331,96
23/01/1977,23,2293,1,5,0.95,4.1,3.111111111,0,331,96
23/01/1977,23,2294,2,4.9,0.95,4.1,3.5,0,331,96
23/01/1977,23,2295,3,4.8,0.95,4,3.777777778,0,331,96
23/01/1977,23,2296,4,4.7,0.95,4,3.833333333,0,331,96
23/01/1977,23,2297,5,4.6,0.94,3.9,3.861111111,0,331,96
23/01/1977,23,2298,6,4.6,0.95,3.9,3.666666667,0,331,96
23/01/1977,23,2299,7,4.5,0.95,3.9,3.638888889,0,331,96
23/01/1977,23,2300,8,4.8,0.95,4,3.361111111,0,331,96
23/01/1977,23,2301,9,5.4,0.95,4.2,3.194444444,22.22,331,96
23/01/1977,23,2302,10,6.1,0.95,4.5,2.916666667,68.68,331,96
23/01/1977,23,2303,11,6.6,0.95,4.7,2.916666667,74.74,331,96
23/01/1977,23,2304,12,7.1,0.94,5.1,2.694444444,105.04,331,96
23/01/1977,23,2305,13,7.3,0.93,5.3,2.555555556,101,331,96
23/01/1977,23,2306,14,7.3,0.94,5.4,2.472222222,66.66,331,96
23/01/1977,23,2307,15,7.1,0.95,5.3,2.777777778,26.26,331,96
23/01/1977,23,2308,16,6.8,0.96,5.3,3.138888889,8.08,331,96
23/01/1977,23,2309,17,6.5,0.97,5.2,3.388888889,0,331,96
23/01/1977,23,2310,18,6.3,0.97,5.1,4.083333333,0,331,96
23/01/1977,23,2311,19,6.1,0.97,5,4.416666667,0,331,96
23/01/1977,23,2312,20,6,0.97,5,4.611111111,0,331,96
23/01/1977,23,2313,21,6,0.96,5,4.611111111,0,331,96
23/01/1977,23,2314,22,6,0.96,5,4.222222222,0,331,96
23/01/1977,23,2315,23,5.9,0.96,5,3.777777778,0,331,96
24/01/1977,24,2316,24,5.9,0.97,4.9,3.527777778,0,331,97
24/01/1977,24,2317,1,5.8,0.97,4.9,3.166666667,0,331,97
24/01/1977,24,2318,2,5.7,0.97,4.9,2.861111111,0,331,97
24/01/1977,24,2319,3,5.5,0.98,4.9,2.777777778,0,331,97
24/01/1977,24,2320,4,5.4,0.98,4.8,2.638888889,0,331,97
24/01/1977,24,2321,5,5.3,0.98,4.8,2.416666667,0,331,97
24/01/1977,24,2322,6,5.2,0.98,4.8,2.416666667,0,331,97
24/01/1977,24,2323,7,5.3,0.98,4.7,2.111111111,0,331,97
24/01/1977,24,2324,8,5.3,0.98,4.7,1.777777778,2.02,331,97
24/01/1977,24,2325,9,5.6,0.97,4.9,2,46.46,331,97
24/01/1977,24,2326,10,6,0.94,5.1,2,94.94,331,97
24/01/1977,24,2327,11,6.5,0.92,5.4,2.138888889,141.4,331,97
24/01/1977,24,2328,12,7,0.9,5.8,2.194444444,169.68,331,97
24/01/1977,24,2329,13,7.3,0.88,6,1.916666667,137.36,331,97
24/01/1977,24,2330,14,7.2,0.9,6,2.333333333,107.06,331,97
24/01/1977,24,2331,15,7,0.91,5.9,2.583333333,86.86,331,97
24/01/1977,24,2332,16,6.3,0.94,5.5,2.611111111,36.36,331,97
24/01/1977,24,2333,17,5.9,0.95,5.2,2.833333333,0,331,97
24/01/1977,24,2334,18,5.2,0.96,4.8,2.916666667,0,331,97
24/01/1977,24,2335,19,5.3,0.95,4.7,3.583333333,0,331,97
24/01/1977,24,2336,20,4.9,0.95,4.5,4.222222222,0,331,97
24/01/1977,24,2337,21,4.6,0.95,4.3,4.5,0,331,97
24/01/1977,24,2338,22,4.5,0.95,4.1,4.722222222,0,331,97
24/01/1977,24,2339,23,4.4,0.95,4.1,5.5,0,331,97
25/01/1977,25,2340,24,4.6,0.94,4.2,5.694444444,0,331,98
25/01/1977,25,2341,1,5.1,0.93,4.4,5.694444444,0,331,98
25/01/1977,25,2342,2,5.7,0.93,4.6,5.416666667,0,331,98
25/01/1977,25,2343,3,6.3,0.94,4.9,5.444444444,0,331,98
25/01/1977,25,2344,4,6.8,0.94,5.1,6.166666667,0,331,98
25/01/1977,25,2345,5,7.3,0.93,5.3,6.611111111,0,331,98
25/01/1977,25,2346,6,7.5,0.94,5.5,6.527777778,0,331,98
25/01/1977,25,2347,7,7.8,0.94,5.7,5.916666667,0,331,98
25/01/1977,25,2348,8,7.8,0.94,5.8,6.194444444,2.02,331,98
25/01/1977,25,2349,9,7.8,0.95,5.9,6.416666667,10.1,331,98
25/01/1977,25,2350,10,7.9,0.94,6,5.722222222,32.32,331,98
25/01/1977,25,2351,11,8,0.95,6.2,5.805555556,68.68,331,98
25/01/1977,25,2352,12,8.2,0.94,6.3,6.111111111,68.68,331,98
25/01/1977,25,2353,13,8.2,0.95,6.4,6.305555556,66.66,331,98
25/01/1977,25,2354,14,8,0.97,6.4,6.111111111,38.38,331,98
25/01/1977,25,2355,15,7.9,0.99,6.4,6.111111111,18.18,331,98
25/01/1977,25,2356,16,8.2,0.99,6.5,6.722222222,4.04,331,98
25/01/1977,25,2357,17,9,0.99,6.8,7.305555556,0,331,98
25/01/1977,25,2358,18,10.4,0.95,7.2,7.916666667,0,331,98
25/01/1977,25,2359,19,10,0.96,7.3,8.638888889,0,331,98
25/01/1977,25,2360,20,10.7,0.93,7.5,8.194444444,0,331,98
25/01/1977,25,2361,21,11.1,0.91,7.6,9.166666667,0,331,98
25/01/1977,25,2362,22,10.6,0.88,7.6,10.55555556,0,331,98
25/01/1977,25,2363,23,10.1,0.88,7.4,10.97222222,0,331,98
26/01/1977,26,2364,24,10,0.84,7.2,12.05555556,0,331,99
26/01/1977,26,2365,1,9.5,0.82,7.1,13.30555556,0,331,99
26/01/1977,26,2366,2,9,0.79,6.9,14.25,0,331,99
26/01/1977,26,2367,3,8.8,0.74,6.7,13.80555556,0,331,99
26/01/1977,26,2368,4,8.3,0.72,6.7,13.08333333,0,331,99
26/01/1977,26,2369,5,8,0.72,6.6,12.66666667,0,331,99
26/01/1977,26,2370,6,7.7,0.71,6.5,12.19444444,0,331,99
26/01/1977,26,2371,7,7.8,0.68,6.4,11.55555556,0,331,99
26/01/1977,26,2372,8,7.6,0.71,6.4,10.88888889,10.1,331,99
26/01/1977,26,2373,9,7.9,0.75,6.6,10.69444444,135.34,331,99
26/01/1977,26,2374,10,8.5,0.78,7,10.80555556,280.78,331,99
26/01/1977,26,2375,11,8.6,0.8,7.3,11.02777778,319.16,331,99
26/01/1977,26,2376,12,7.9,0.87,7.2,10.66666667,208.06,331,99
26/01/1977,26,2377,13,7.7,0.88,6.9,10.13888889,193.92,331,99
26/01/1977,26,2378,14,7.5,0.88,6.8,9.638888889,175.74,331,99
26/01/1977,26,2379,15,7.4,0.86,6.7,8.777777778,147.46,331,99
26/01/1977,26,2380,16,6.9,0.85,6.4,8.166666667,68.68,331,99
26/01/1977,26,2381,17,6.4,0.85,6,7.75,0,331,99
26/01/1977,26,2382,18,6.3,0.84,5.8,7.777777778,0,331,99
26/01/1977,26,2383,19,6.1,0.83,5.6,8.055555556,0,331,99
26/01/1977,26,2384,20,5.9,0.83,5.5,8.5,0,331,99
26/01/1977,26,2385,21,5.7,0.85,5.4,8.583333333,0,331,99
26/01/1977,26,2386,22,5.7,0.85,5.3,8.361111111,0,331,99
26/01/1977,26,2387,23,5.6,0.85,5.2,8.194444444,0,331,99
27/01/1977,27,2388,24,5.5,0.86,5.1,8.444444444,0,331,100
27/01/1977,27,2389,1,5.5,0.86,5.1,8.305555556,0,331,100
27/01/1977,27,2390,2,5.4,0.87,5.1,8.111111111,0,331,100
27/01/1977,27,2391,3,5.3,0.88,5,8.111111111,0,331,100
27/01/1977,27,2392,4,5.3,0.88,5,7.75,0,331,100
27/01/1977,27,2393,5,5.1,0.89,4.9,7.027777778,0,331,100
27/01/1977,27,2394,6,5.4,0.88,5,6.638888889,0,331,100
27/01/1977,27,2395,7,5.4,0.92,5,6.083333333,0,331,100
27/01/1977,27,2396,8,5.3,0.92,5,6.083333333,6.06,331,100
27/01/1977,27,2397,9,5.7,0.92,5.2,5.527777778,74.74,331,100
27/01/1977,27,2398,10,5.9,0.91,5.4,5.027777778,137.36,331,100
27/01/1977,27,2399,11,6.2,0.9,5.7,4.611111111,139.38,331,100
27/01/1977,27,2400,12,6.6,0.88,6,4.388888889,187.86,331,100
27/01/1977,27,2401,13,6.7,0.87,6.1,4.222222222,171.7,331,100
27/01/1977,27,2402,14,6.3,0.87,6,3.722222222,181.8,331,100
27/01/1977,27,2403,15,6.2,0.88,5.9,3.083333333,133.32,331,100
27/01/1977,27,2404,16,5.9,0.9,5.7,1.777777778,32.32,331,100
27/01/1977,27,2405,17,5.3,0.93,5.3,1.333333333,0,331,100
27/01/1977,27,2406,18,5.1,0.94,4.9,1.111111111,0,331,100
27/01/1977,27,2407,19,4.5,0.95,4.7,1.388888889,0,331,100
27/01/1977,27,2408,20,4.6,0.94,4.7,2.388888889,0,331,100
27/01/1977,27,2409,21,4.6,0.95,4.8,3.222222222,0,331,100
27/01/1977,27,2410,22,4.4,0.95,4.7,3.361111111,0,331,100
27/01/1977,27,2411,23,4.5,0.95,4.6,3.75,0,331,100
28/01/1977,28,2412,24,4.3,0.95,4.6,3.611111111,0,331,101
28/01/1977,28,2413,1,4.4,0.94,4.5,3.472222222,0,331,101
28/01/1977,28,2414,2,5,0.93,4.6,3.305555556,0,331,101
28/01/1977,28,2415,3,5.5,0.92,4.7,4.25,0,331,101
28/01/1977,28,2416,4,5.6,0.91,4.7,5.583333333,0,331,101
28/01/1977,28,2417,5,5.7,0.9,4.8,6,0,331,101
28/01/1977,28,2418,6,5.3,0.9,4.7,6.444444444,0,331,101
28/01/1977,28,2419,7,5.3,0.92,4.7,6.722222222,0,331,101
28/01/1977,28,2420,8,5.4,0.92,4.7,7.083333333,8.08,331,101
28/01/1977,28,2421,9,5.7,0.91,4.9,7.444444444,78.78,331,101
28/01/1977,28,2422,10,6.2,0.89,5.3,8,149.48,331,101
28/01/1977,28,2423,11,6.8,0.85,5.7,7.111111111,236.34,331,101
28/01/1977,28,2424,12,7.2,0.83,6,7.083333333,305.02,331,101
28/01/1977,28,2425,13,7.5,0.81,6.3,6.75,313.1,331,101
28/01/1977,28,2426,14,7.6,0.81,6.4,7.055555556,199.98,331,101
28/01/1977,28,2427,15,7.3,0.81,6.3,7.111111111,121.2,331,101
28/01/1977,28,2428,16,6.7,0.83,5.9,6.361111111,58.58,331,101
28/01/1977,28,2429,17,6.2,0.85,5.5,6.138888889,2.02,331,101
28/01/1977,28,2430,18,5.9,0.87,5.3,6.138888889,0,331,101
28/01/1977,28,2431,19,5.7,0.89,5.3,6.277777778,0,331,101
28/01/1977,28,2432,20,5.6,0.9,5.3,6.555555556,0,331,101
28/01/1977,28,2433,21,5.2,0.91,5.1,6.388888889,0,331,101
28/01/1977,28,2434,22,4.8,0.91,5,5.5,0,331,101
28/01/1977,28,2435,23,4.5,0.93,4.9,4.305555556,0,331,101
29/01/1977,29,2436,24,4.1,0.93,4.7,4.694444444,0,331,102
29/01/1977,29,2437,1,3.7,0.91,4.5,6.027777778,0,331,102
29/01/1977,29,2438,2,3.4,0.87,4.3,6.888888889,0,331,102
29/01/1977,29,2439,3,3,0.84,4.1,6.527777778,0,331,102
29/01/1977,29,2440,4,2.6,0.81,3.9,6.361111111,0,331,102
29/01/1977,29,2441,5,2.5,0.79,3.7,6.638888889,0,331,102
29/01/1977,29,2442,6,2.3,0.77,3.6,6.972222222,0,331,102
29/01/1977,29,2443,7,1.9,0.73,3.3,6.972222222,0,331,102
29/01/1977,29,2444,8,1.7,0.7,3.1,6.916666667,10.1,331,102
29/01/1977,29,2445,9,2,0.66,3.2,6.972222222,129.28,331,102
29/01/1977,29,2446,10,2.4,0.62,3.5,7.75,292.9,331,102
29/01/1977,29,2447,11,3,0.58,4,7.666666667,432.28,331,102
29/01/1977,29,2448,12,3.5,0.54,4.4,7.333333333,519.14,331,102
29/01/1977,29,2449,13,3.7,0.52,4.5,6.944444444,502.98,331,102
29/01/1977,29,2450,14,3.7,0.52,4.5,6.75,367.64,331,102
29/01/1977,29,2451,15,3.4,0.56,4.3,5.638888889,242.4,331,102
29/01/1977,29,2452,16,2.7,0.61,3.7,4.416666667,101,331,102
29/01/1977,29,2453,17,1.7,0.68,3,3.805555556,2.02,331,102
29/01/1977,29,2454,18,1.2,0.73,2.4,3.555555556,0,331,102
29/01/1977,29,2455,19,0.4,0.76,1.8,3.416666667,0,331,102
29/01/1977,29,2456,20,0.3,0.77,1.5,3.194444444,0,331,102
29/01/1977,29,2457,21,0.3,0.78,1.4,3,0,331,102
29/01/1977,29,2458,22,0.2,0.79,1.2,3,0,331,102
29/01/1977,29,2459,23,0.1,0.81,1.1,2.611111111,0,331,102
30/01/1977,30,2460,24,-0.4,0.86,0.8,2.638888889,0,331,103
30/01/1977,30,2461,1,-0.6,0.85,0.6,2.527777778,0,331,103
30/01/1977,30,2462,2,-0.1,0.82,0.6,2.111111111,0,331,103
30/01/1977,30,2463,3,-0.1,0.83,0.5,1.75,0,331,103
30/01/1977,30,2464,4,0.6,0.8,0.4,1.277777778,0,331,103
30/01/1977,30,2465,5,1.1,0.78,0.4,0.638888889,0,331,103
30/01/1977,30,2466,6,1,0.79,0.4,0.805555556,0,331,103
30/01/1977,30,2467,7,-1.7,0.91,0.3,1.416666667,0,331,103
30/01/1977,30,2468,8,-2.2,0.93,0.2,1.694444444,16.16,331,103
30/01/1977,30,2469,9,-0.5,0.92,0.3,2.361111111,155.54,331,103
30/01/1977,30,2470,10,1.6,0.84,0.5,2.222222222,349.46,331,103
30/01/1977,30,2471,11,2.5,0.75,0.7,2.416666667,529.24,331,103
30/01/1977,30,2472,12,2.9,0.7,1.2,2.277777778,563.58,331,103
30/01/1977,30,2473,13,3.1,0.67,2.2,2.027777778,523.18,331,103
30/01/1977,30,2474,14,3.1,0.67,2.7,2.027777778,379.76,331,103
30/01/1977,30,2475,15,2.7,0.71,2.7,1.666666667,246.44,331,103
30/01/1977,30,2476,16,2,0.75,2.1,2.333333333,105.04,331,103
30/01/1977,30,2477,17,0.9,0.81,1.3,2.388888889,2.02,331,103
30/01/1977,30,2478,18,-0.1,0.86,0.7,2.222222222,0,331,103
30/01/1977,30,2479,19,-0.5,0.9,0.6,2.25,0,331,103
30/01/1977,30,2480,20,-0.8,0.91,0.5,2.527777778,0,331,103
30/01/1977,30,2481,21,-1,0.9,0.4,2.833333333,0,331,103
30/01/1977,30,2482,22,-1,0.9,0.4,2.916666667,0,331,103
30/01/1977,30,2483,23,-1.1,0.89,0.4,3.111111111,0,331,103
31/01/1977,31,2484,24,-1,0.88,0.3,3.222222222,0,331,104
31/01/1977,31,2485,1,-1.2,0.87,0.3,3.333333333,0,331,104
31/01/1977,31,2486,2,-1.4,0.87,0.3,3.083333333,0,331,104
31/01/1977,31,2487,3,-1.6,0.86,0.2,3.083333333,0,331,104
31/01/1977,31,2488,4,-1.8,0.85,0.2,3.083333333,0,331,104
31/01/1977,31,2489,5,-2,0.85,0.1,3.194444444,0,331,104
31/01/1977,31,2490,6,-2.1,0.84,0.1,3.333333333,0,331,104
31/01/1977,31,2491,7,-2.4,0.88,0,3.472222222,0,331,104
31/01/1977,31,2492,8,-2.4,0.88,0,3.833333333,20.2,331,104
31/01/1977,31,2493,9,-1.4,0.86,0,4.222222222,185.84,331,104
31/01/1977,31,2494,10,0.3,0.8,0.1,4.138888889,387.84,331,104
31/01/1977,31,2495,11,1.3,0.71,0.2,4.555555556,519.14,331,104
31/01/1977,31,2496,12,1.7,0.67,0.4,4.222222222,618.12,331,104
31/01/1977,31,2497,13,2,0.66,0.5,3.805555556,614.08,331,104
31/01/1977,31,2498,14,2,0.66,0.7,3.388888889,515.1,331,104
31/01/1977,31,2499,15,1.6,0.7,0.7,2.611111111,335.32,331,104
31/01/1977,31,2500,16,0.4,0.75,0.6,2.444444444,127.26,331,104
31/01/1977,31,2501,17,-0.9,0.8,0.4,2.611111111,4.04,331,104
31/01/1977,31,2502,18,-1.5,0.81,0.3,2.916666667,0,331,104
31/01/1977,31,2503,19,-1.3,0.82,0.3,3.138888889,0,331,104
31/01/1977,31,2504,20,-1.5,0.82,0.2,3.222222222,0,331,104
31/01/1977,31,2505,21,-1.7,0.81,0.2,3.444444444,0,331,104
31/01/1977,31,2506,22,-1.9,0.81,0.1,3.5,0,331,104
31/01/1977,31,2507,23,-2.1,0.81,0.1,3.416666667,0,331,104
01/02/1977,32,2508,24,-2.2,0.81,0,3.388888889,0,331,105
01/02/1977,32,2509,1,-2.4,0.82,0,3.277777778,0,331,105
01/02/1977,32,2510,2,-2.5,0.82,-0.1,3.361111111,0,331,105
01/02/1977,32,2511,3,-2.6,0.83,-0.1,3.416666667,0,331,105
01/02/1977,32,2512,4,-2.7,0.83,-0.2,3.527777778,0,331,105
01/02/1977,32,2513,5,-2.9,0.84,-0.2,3.611111111,0,331,105
01/02/1977,32,2514,6,-2.9,0.84,-0.3,3.75,0,331,105
01/02/1977,32,2515,7,-3,0.86,-0.3,3.805555556,0,331,105
01/02/1977,32,2516,8,-2.8,0.85,-0.3,3.972222222,20.2,331,105
01/02/1977,32,2517,9,-1.9,0.82,-0.3,4.027777778,163.62,331,105
01/02/1977,32,2518,10,-0.6,0.77,-0.2,3.805555556,341.38,331,105
01/02/1977,32,2519,11,0.6,0.72,-0.1,3.805555556,488.84,331,105
01/02/1977,32,2520,12,1.4,0.7,0,3.805555556,569.64,331,105
01/02/1977,32,2521,13,1.8,0.68,0.1,3.833333333,553.48,331,105
01/02/1977,32,2522,14,1.9,0.67,0.2,3.944444444,486.82,331,105
01/02/1977,32,2523,15,1.6,0.7,0.2,3.722222222,313.1,331,105
01/02/1977,32,2524,16,0.5,0.75,0.2,3.527777778,115.14,331,105
01/02/1977,32,2525,17,-0.5,0.8,0.1,2.805555556,6.06,331,105
01/02/1977,32,2526,18,-1.2,0.83,0,2.416666667,0,331,105
01/02/1977,32,2527,19,-0.7,0.83,0,2.333333333,0,331,105
01/02/1977,32,2528,20,-1.1,0.85,0,2.5,0,331,105
01/02/1977,32,2529,21,-1.3,0.86,0,2.805555556,0,331,105
01/02/1977,32,2530,22,-1,0.84,-0.1,2.861111111,0,331,105
01/02/1977,32,2531,23,-1,0.83,-0.1,2.916666667,0,331,105
02/02/1977,33,2532,24,-1.1,0.83,-0.1,3.138888889,0,331,106
02/02/1977,33,2533,1,-1,0.82,-0.1,3.805555556,0,331,106
02/02/1977,33,2534,2,-0.9,0.82,-0.1,4,0,331,106
02/02/1977,33,2535,3,-0.8,0.83,-0.1,3.916666667,0,331,106
02/02/1977,33,2536,4,-0.6,0.84,-0.1,4,0,331,106
02/02/1977,33,2537,5,-0.4,0.87,-0.1,4.222222222,0,331,106
02/02/1977,33,2538,6,0,0.88,-0.1,4.194444444,0,331,106
02/02/1977,33,2539,7,-0.3,0.9,-0.1,4.222222222,0,331,106
02/02/1977,33,2540,8,-0.3,0.93,-0.1,4.194444444,10.1,331,106
02/02/1977,33,2541,9,0.2,0.92,0,4.666666667,103.02,331,106
02/02/1977,33,2542,10,1,0.89,0,4.972222222,238.36,331,106
02/02/1977,33,2543,11,1.5,0.84,0.1,5.166666667,331.28,331,106
02/02/1977,33,2544,12,2.1,0.75,0.3,5.611111111,428.24,331,106
02/02/1977,33,2545,13,2.2,0.7,0.4,6.194444444,381.78,331,106
02/02/1977,33,2546,14,2.1,0.69,0.4,6.222222222,367.64,331,106
02/02/1977,33,2547,15,1.8,0.72,0.5,5.555555556,218.16,331,106
02/02/1977,33,2548,16,1.2,0.74,0.5,5.25,92.92,331,106
02/02/1977,33,2549,17,0.7,0.75,0.5,5.305555556,4.04,331,106
02/02/1977,33,2550,18,0.4,0.76,0.4,5.694444444,0,331,106
02/02/1977,33,2551,19,0,0.78,0.4,6.388888889,0,331,106
02/02/1977,33,2552,20,-0.1,0.78,0.4,6.416666667,0,331,106
02/02/1977,33,2553,21,-0.1,0.78,0.4,6.333333333,0,331,106
02/02/1977,33,2554,22,-0.3,0.78,0.4,6.083333333,0,331,106
02/02/1977,33,2555,23,-0.7,0.8,0.3,6.5,0,331,106
03/02/1977,34,2556,24,-1,0.8,0.3,7,0,331,107
03/02/1977,34,2557,1,-1.2,0.8,0.2,7.027777778,0,331,107
03/02/1977,34,2558,2,-1.3,0.79,0.2,6.805555556,0,331,107
03/02/1977,34,2559,3,-1.3,0.78,0.2,6.833333333,0,331,107
03/02/1977,34,2560,4,-1.3,0.76,0.1,7.138888889,0,331,107
03/02/1977,34,2561,5,-1.2,0.74,0.1,7.222222222,0,331,107
03/02/1977,34,2562,6,-1.1,0.72,0.1,7.361111111,0,331,107
03/02/1977,34,2563,7,-1.1,0.74,0,7.555555556,0,331,107
03/02/1977,34,2564,8,-0.7,0.71,0,7.75,20.2,331,107
03/02/1977,34,2565,9,0.1,0.67,0.1,8.027777778,129.28,331,107
03/02/1977,34,2566,10,0.9,0.66,0.1,7.638888889,246.44,331,107
03/02/1977,34,2567,11,2,0.62,0.2,8.027777778,319.16,331,107
03/02/1977,34,2568,12,2.7,0.62,0.3,8.333333333,286.84,331,107
03/02/1977,34,2569,13,4,0.57,0.5,9.638888889,234.32,331,107
03/02/1977,34,2570,14,4.1,0.63,0.6,9.333333333,155.54,331,107
03/02/1977,34,2571,15,3.6,0.77,0.7,8.638888889,56.56,331,107
03/02/1977,34,2572,16,3.3,0.87,0.8,8.638888889,12.12,331,107
03/02/1977,34,2573,17,3.5,0.9,1,8.555555556,0,331,107
03/02/1977,34,2574,18,3.9,0.93,1.5,8.388888889,0,331,107
03/02/1977,34,2575,19,4.2,0.95,1.9,8.055555556,0,331,107
03/02/1977,34,2576,20,5.1,0.95,2.4,8.555555556,0,331,107
03/02/1977,34,2577,21,5.8,0.93,2.8,8.083333333,0,331,107
03/02/1977,34,2578,22,5.7,0.9,2.9,7.305555556,0,331,107
03/02/1977,34,2579,23,5.1,0.89,2.8,7.25,0,331,107
04/02/1977,35,2580,24,4.6,0.89,2.7,7.472222222,0,331,108
04/02/1977,35,2581,1,4.5,0.88,2.6,7.111111111,0,331,108
04/02/1977,35,2582,2,4.1,0.88,2.5,6.694444444,0,331,108
04/02/1977,35,2583,3,3.7,0.89,2.3,6.361111111,0,331,108
04/02/1977,35,2584,4,3.4,0.89,2.2,6.166666667,0,331,108
04/02/1977,35,2585,5,2.9,0.9,2,5.972222222,0,331,108
04/02/1977,35,2586,6,2.6,0.9,1.9,6.083333333,0,331,108
04/02/1977,35,2587,7,2.7,0.92,1.8,6.444444444,0,331,108
04/02/1977,35,2588,8,2.8,0.92,1.9,6.305555556,30.3,331,108
04/02/1977,35,2589,9,3.5,0.91,2.3,6.666666667,206.04,331,108
04/02/1977,35,2590,10,4.6,0.89,3.1,7.305555556,399.96,331,108
04/02/1977,35,2591,11,5.9,0.8,4,7.694444444,565.6,331,108
04/02/1977,35,2592,12,6.6,0.76,4.6,7.611111111,541.36,331,108
04/02/1977,35,2593,13,7.1,0.73,5.2,6.611111111,448.44,331,108
04/02/1977,35,2594,14,7.3,0.71,5.5,5.861111111,387.84,331,108
04/02/1977,35,2595,15,7,0.75,5.4,5.166666667,309.06,331,108
04/02/1977,35,2596,16,6.3,0.8,4.9,4.333333333,131.3,331,108
04/02/1977,35,2597,17,5.2,0.86,4.3,4.083333333,8.08,331,108
04/02/1977,35,2598,18,4.7,0.89,3.9,3.666666667,0,331,108
04/02/1977,35,2599,19,4.4,0.92,3.7,3.5,0,331,108
04/02/1977,35,2600,20,3.9,0.93,3.3,3.222222222,0,331,108
04/02/1977,35,2601,21,3.4,0.94,3.1,3,0,331,108
04/02/1977,35,2602,22,3,0.94,2.8,2.916666667,0,331,108
04/02/1977,35,2603,23,3,0.94,2.8,3.222222222,0,331,108
05/02/1977,36,2604,24,3,0.93,2.7,3.805555556,0,331,109
05/02/1977,36,2605,1,3.3,0.9,2.8,4.222222222,0,331,109
05/02/1977,36,2606,2,3.6,0.88,3,4.694444444,0,331,109
05/02/1977,36,2607,3,3.7,0.88,3.1,4.972222222,0,331,109
05/02/1977,36,2608,4,3.7,0.92,3.2,4.972222222,0,331,109
05/02/1977,36,2609,5,3.9,0.93,3.3,4.583333333,0,331,109
05/02/1977,36,2610,6,4.2,0.95,3.4,4.222222222,0,331,109
05/02/1977,36,2611,7,5.6,0.98,3.9,4.805555556,0,331,109
05/02/1977,36,2612,8,7,0.97,4.4,6.638888889,4.04,331,109
05/02/1977,36,2613,9,7.5,0.96,4.8,7.527777778,34.34,331,109
05/02/1977,36,2614,10,7.6,0.93,5.2,7.388888889,101,331,109
05/02/1977,36,2615,11,8,0.89,5.6,6.972222222,191.9,331,109
05/02/1977,36,2616,12,8.1,0.88,5.9,7.055555556,256.54,331,109
05/02/1977,36,2617,13,8.5,0.83,6.3,7,436.32,331,109
05/02/1977,36,2618,14,8.4,0.83,6.4,6.444444444,327.24,331,109
05/02/1977,36,2619,15,8.2,0.83,6.4,6.277777778,240.38,331,109
05/02/1977,36,2620,16,7.7,0.84,6.1,5.916666667,111.1,331,109
05/02/1977,36,2621,17,7,0.87,5.6,5.75,10.1,331,109
05/02/1977,36,2622,18,6.8,0.89,5.3,5.444444444,0,331,109
05/02/1977,36,2623,19,6.9,0.9,5.3,5.472222222,0,331,109
05/02/1977,36,2624,20,6.7,0.9,5.1,5.5,0,331,109
05/02/1977,36,2625,21,6.2,0.92,4.9,5.5,0,331,109
05/02/1977,36,2626,22,5.9,0.92,4.8,5.555555556,0,331,109
05/02/1977,36,2627,23,5.7,0.92,4.7,5.388888889,0,331,109
06/02/1977,37,2628,24,5.5,0.92,4.6,5.25,0,331,110
06/02/1977,37,2629,1,5.5,0.92,4.6,5.305555556,0,331,110
06/02/1977,37,2630,2,5.9,0.93,4.7,6.083333333,0,331,110
06/02/1977,37,2631,3,6.6,0.92,5,6.694444444,0,331,110
06/02/1977,37,2632,4,7,0.91,5.2,7.361111111,0,331,110
06/02/1977,37,2633,5,7,0.9,5.3,7.972222222,0,331,110
06/02/1977,37,2634,6,7,0.9,5.3,8.277777778,0,331,110
06/02/1977,37,2635,7,6.5,0.89,5.2,8.111111111,0,331,110
06/02/1977,37,2636,8,6.2,0.9,5.1,7.527777778,18.18,331,110
06/02/1977,37,2637,9,6.3,0.89,5.2,7.25,82.82,331,110
06/02/1977,37,2638,10,6.7,0.88,5.6,6.777777778,212.1,331,110
06/02/1977,37,2639,11,7.4,0.86,6.1,6.916666667,454.5,331,110
06/02/1977,37,2640,12,7.9,0.85,6.6,7.027777778,500.96,331,110
06/02/1977,37,2641,13,8,0.85,6.8,6.75,430.26,331,110
06/02/1977,37,2642,14,8,0.84,7,6.083333333,305.02,331,110
06/02/1977,37,2643,15,7.6,0.86,6.8,5.5,214.12,331,110
06/02/1977,37,2644,16,6.8,0.89,6.3,4.694444444,125.24,331,110
06/02/1977,37,2645,17,6.1,0.91,5.8,4.222222222,10.1,331,110
06/02/1977,37,2646,18,5.6,0.92,5.5,3.916666667,0,331,110
06/02/1977,37,2647,19,5.1,0.95,5.1,4.166666667,0,331,110
06/02/1977,37,2648,20,5.3,0.95,5.1,4.277777778,0,331,110
06/02/1977,37,2649,21,5.5,0.94,5.1,3.833333333,0,331,110
06/02/1977,37,2650,22,5.7,0.94,5.2,3.833333333,0,331,110
06/02/1977,37,2651,23,5.9,0.94,5.2,4.083333333,0,331,110
07/02/1977,38,2652,24,6.3,0.94,5.3,4.611111111,0,331,111
07/02/1977,38,2653,1,6.5,0.93,5.4,5,0,331,111
07/02/1977,38,2654,2,6.5,0.93,5.5,5.111111111,0,331,111
07/02/1977,38,2655,3,6.8,0.94,5.6,5.694444444,0,331,111
07/02/1977,38,2656,4,7.7,0.94,5.9,7.722222222,0,331,111
07/02/1977,38,2657,5,8.3,0.94,6.1,9.111111111,0,331,111
07/02/1977,38,2658,6,8.4,0.92,6.2,9.777777778,0,331,111
07/02/1977,38,2659,7,8.3,0.91,6.3,9.861111111,0,331,111
07/02/1977,38,2660,8,8.3,0.91,6.3,10.13888889,4.04,331,111
07/02/1977,38,2661,9,8.4,0.91,6.4,10.38888889,24.24,331,111
07/02/1977,38,2662,10,8.8,0.89,6.6,11.05555556,107.06,331,111
07/02/1977,38,2663,11,9,0.89,6.9,10.77777778,137.36,331,111
07/02/1977,38,2664,12,9.4,0.86,7.2,9.944444444,208.06,331,111
07/02/1977,38,2665,13,9.1,0.86,7.3,9.333333333,321.18,331,111
07/02/1977,38,2666,14,8.7,0.88,7.2,9.722222222,311.08,331,111
07/02/1977,38,2667,15,8.4,0.87,7.1,9.444444444,204.02,331,111
07/02/1977,38,2668,16,8.1,0.87,6.9,9.111111111,96.96,331,111
07/02/1977,38,2669,17,7.6,0.86,6.6,9.055555556,12.12,331,111
07/02/1977,38,2670,18,7.3,0.88,6.3,9.222222222,0,331,111
07/02/1977,38,2671,19,8,0.88,6.5,9.472222222,0,331,111
07/02/1977,38,2672,20,7.7,0.87,6.4,9.75,0,331,111
07/02/1977,38,2673,21,7.4,0.87,6.2,10.08333333,0,331,111
07/02/1977,38,2674,22,7.1,0.87,6.1,9.916666667,0,331,111
07/02/1977,38,2675,23,7,0.85,6,9.694444444,0,331,111
08/02/1977,39,2676,24,6.9,0.84,5.8,9.555555556,0,331,112
08/02/1977,39,2677,1,6.7,0.84,5.8,9.638888889,0,331,112
08/02/1977,39,2678,2,6.2,0.86,5.5,9.194444444,0,331,112
08/02/1977,39,2679,3,6,0.86,5.4,8.722222222,0,331,112
08/02/1977,39,2680,4,5.9,0.87,5.3,8.972222222,0,331,112
08/02/1977,39,2681,5,6,0.87,5.3,9,0,331,112
08/02/1977,39,2682,6,5.8,0.87,5.2,8.944444444,0,331,112
08/02/1977,39,2683,7,5.4,0.88,5.1,8.694444444,0,331,112
08/02/1977,39,2684,8,5.2,0.89,5.1,8.694444444,20.2,331,112
08/02/1977,39,2685,9,5.2,0.88,5.1,9.305555556,113.12,331,112
08/02/1977,39,2686,10,5.4,0.87,5.2,8.888888889,248.46,331,112
08/02/1977,39,2687,11,6,0.84,5.7,9.694444444,450.46,331,112
08/02/1977,39,2688,12,6.3,0.82,6.1,10.44444444,476.72,331,112
08/02/1977,39,2689,13,6.4,0.81,6.3,10.02777778,492.88,331,112
08/02/1977,39,2690,14,6.4,0.8,6.4,9.833333333,365.62,331,112
08/02/1977,39,2691,15,6.1,0.81,6.2,8.583333333,290.88,331,112
08/02/1977,39,2692,16,5.6,0.84,5.9,6.805555556,119.18,331,112
08/02/1977,39,2693,17,5.1,0.86,5.5,5.388888889,12.12,331,112
08/02/1977,39,2694,18,5,0.86,5.3,4.833333333,0,331,112
08/02/1977,39,2695,19,4.8,0.86,5.1,4.305555556,0,331,112
08/02/1977,39,2696,20,4.5,0.87,4.9,4,0,331,112
08/02/1977,39,2697,21,4.1,0.88,4.6,2.916666667,0,331,112
08/02/1977,39,2698,22,4,0.88,4.5,1.777777778,0,331,112
08/02/1977,39,2699,23,3.9,0.88,4.4,1.527777778,0,331,112
09/02/1977,40,2700,24,3.8,0.88,4.3,1.416666667,0,331,113
09/02/1977,40,2701,1,3.5,0.9,4,1.277777778,0,331,113
09/02/1977,40,2702,2,3.2,0.92,3.8,1.666666667,0,331,113
09/02/1977,40,2703,3,2.9,0.92,3.6,1.861111111,0,331,113
09/02/1977,40,2704,4,2.6,0.93,3.4,1.694444444,0,331,113
09/02/1977,40,2705,5,2.3,0.94,3.1,1.638888889,0,331,113
09/02/1977,40,2706,6,1.9,0.95,2.8,1.944444444,0,331,113
09/02/1977,40,2707,7,2.2,0.97,2.8,2.277777778,0,331,113
09/02/1977,40,2708,8,2.1,0.97,2.8,2.361111111,28.28,331,113
09/02/1977,40,2709,9,3.4,0.94,3.6,2.138888889,167.66,331,113
09/02/1977,40,2710,10,4.6,0.9,4.6,2.111111111,355.52,331,113
09/02/1977,40,2711,11,5.4,0.81,5.5,1.861111111,410.06,331,113
09/02/1977,40,2712,12,5.9,0.72,6,1.805555556,436.32,331,113
09/02/1977,40,2713,13,6.2,0.68,6.3,1.777777778,367.64,331,113
09/02/1977,40,2714,14,6.2,0.67,6.4,1.944444444,278.76,331,113
09/02/1977,40,2715,15,6,0.68,6.1,2.055555556,210.08,331,113
09/02/1977,40,2716,16,5.6,0.71,5.7,2.333333333,84.84,331,113
09/02/1977,40,2717,17,4.8,0.75,5,2.722222222,12.12,331,113
09/02/1977,40,2718,18,4.3,0.76,4.6,3.416666667,0,331,113
09/02/1977,40,2719,19,3.7,0.8,4.2,3.527777778,0,331,113
09/02/1977,40,2720,20,3.5,0.81,4,3.722222222,0,331,113
09/02/1977,40,2721,21,3.4,0.82,3.9,4.111111111,0,331,113
09/02/1977,40,2722,22,3.4,0.83,3.8,4.305555556,0,331,113
09/02/1977,40,2723,23,3.2,0.85,3.7,4.805555556,0,331,113
10/02/1977,41,2724,24,3.3,0.85,3.7,5.027777778,0,331,114
10/02/1977,41,2725,1,3.5,0.84,3.8,4.888888889,0,331,114
10/02/1977,41,2726,2,3.7,0.83,3.9,5.194444444,0,331,114
10/02/1977,41,2727,3,3.8,0.83,3.9,5.222222222,0,331,114
10/02/1977,41,2728,4,3.9,0.84,4,5.416666667,0,331,114
10/02/1977,41,2729,5,4,0.85,4,5.916666667,0,331,114
10/02/1977,41,2730,6,4.1,0.86,4,6.138888889,0,331,114
10/02/1977,41,2731,7,4.6,0.91,4.2,6.583333333,0,331,114
10/02/1977,41,2732,8,4.9,0.93,4.3,6.555555556,6.06,331,114
10/02/1977,41,2733,9,5.4,0.94,4.5,6.027777778,16.16,331,114
10/02/1977,41,2734,10,5.8,0.95,4.8,5.25,20.2,331,114
10/02/1977,41,2735,11,6.5,0.96,5.1,4.444444444,48.48,331,114
10/02/1977,41,2736,12,7.8,0.95,5.6,4.333333333,250.48,331,114
10/02/1977,41,2737,13,9.3,0.88,6.7,5.027777778,539.34,331,114
10/02/1977,41,2738,14,9.8,0.83,7,4.277777778,456.52,331,114
10/02/1977,41,2739,15,9.4,0.83,7,3,303,331,114
10/02/1977,41,2740,16,8.6,0.84,6.6,3.694444444,141.4,331,114
10/02/1977,41,2741,17,7.3,0.87,6,3.805555556,16.16,331,114
10/02/1977,41,2742,18,6.6,0.9,5.6,4.305555556,0,331,114
10/02/1977,41,2743,19,6.9,0.9,5.5,4.916666667,0,331,114
10/02/1977,41,2744,20,6.3,0.91,5.2,5.5,0,331,114
10/02/1977,41,2745,21,6.5,0.9,5.2,6.222222222,0,331,114
10/02/1977,41,2746,22,6.7,0.9,5.3,6.083333333,0,331,114
10/02/1977,41,2747,23,7,0.89,5.5,6.027777778,0,331,114
11/02/1977,42,2748,24,7,0.88,5.5,6.361111111,0,331,115
11/02/1977,42,2749,1,7,0.87,5.5,6.583333333,0,331,115
11/02/1977,42,2750,2,6.9,0.86,5.5,6.805555556,0,331,115
11/02/1977,42,2751,3,6.8,0.86,5.5,7.055555556,0,331,115
11/02/1977,42,2752,4,6.8,0.85,5.6,7.277777778,0,331,115
11/02/1977,42,2753,5,6.7,0.85,5.6,7.638888889,0,331,115
11/02/1977,42,2754,6,6.7,0.85,5.6,7.75,0,331,115
11/02/1977,42,2755,7,6.3,0.86,5.5,7.527777778,0,331,115
11/02/1977,42,2756,8,6.3,0.85,5.5,7.666666667,34.34,331,115
11/02/1977,42,2757,9,6.5,0.83,5.7,7.972222222,115.14,331,115
11/02/1977,42,2758,10,6.8,0.82,6,8.972222222,244.42,331,115
11/02/1977,42,2759,11,7.6,0.75,6.6,9.388888889,440.36,331,115
11/02/1977,42,2760,12,8,0.71,6.9,10.05555556,474.7,331,115
11/02/1977,42,2761,13,8.1,0.71,7.1,8.972222222,452.48,331,115
11/02/1977,42,2762,14,8.1,0.71,7.2,8,404,331,115
11/02/1977,42,2763,15,8,0.73,7.1,8.194444444,329.26,331,115
11/02/1977,42,2764,16,7.5,0.75,6.8,7.611111111,137.36,331,115
11/02/1977,42,2765,17,7,0.77,6.4,7.25,18.18,331,115
11/02/1977,42,2766,18,6.7,0.78,6.1,7.111111111,0,331,115
11/02/1977,42,2767,19,6.4,0.81,5.8,6.972222222,0,331,115
11/02/1977,42,2768,20,6.2,0.82,5.7,6.833333333,0,331,115
11/02/1977,42,2769,21,6,0.84,5.5,6.694444444,0,331,115
11/02/1977,42,2770,22,5.5,0.86,5.3,6.694444444,0,331,115
11/02/1977,42,2771,23,5.3,0.88,5.2,6.333333333,0,331,115
12/02/1977,43,2772,24,4.9,0.9,5,6.027777778,0,331,116
12/02/1977,43,2773,1,4.8,0.91,4.9,5.527777778,0,331,116
12/02/1977,43,2774,2,4.6,0.92,4.8,4.944444444,0,331,116
12/02/1977,43,2775,3,4.4,0.93,4.7,4.805555556,0,331,116
12/02/1977,43,2776,4,4.4,0.93,4.6,4.694444444,0,331,116
12/02/1977,43,2777,5,4.2,0.94,4.5,4.333333333,0,331,116
12/02/1977,43,2778,6,3.8,0.95,4.4,4.166666667,0,331,116
12/02/1977,43,2779,7,3.6,0.97,4.1,3.944444444,0,331,116
12/02/1977,43,2780,8,3.7,0.97,4.2,4.083333333,54.54,331,116
12/02/1977,43,2781,9,4.5,0.93,4.6,4.666666667,177.76,331,116
12/02/1977,43,2782,10,5.6,0.89,5.5,4.222222222,321.18,331,116
12/02/1977,43,2783,11,6.6,0.85,6.1,4.111111111,369.66,331,116
12/02/1977,43,2784,12,7.5,0.78,6.8,4.055555556,377.74,331,116
12/02/1977,43,2785,13,8,0.74,7.2,3.777777778,385.82,331,116
12/02/1977,43,2786,14,8,0.73,7.4,3.5,401.98,331,116
12/02/1977,43,2787,15,7.7,0.76,7.2,2.972222222,288.86,331,116
12/02/1977,43,2788,16,7,0.81,6.7,2.527777778,159.58,331,116
12/02/1977,43,2789,17,5.7,0.87,5.9,2.194444444,26.26,331,116
12/02/1977,43,2790,18,5,0.9,5.3,1.888888889,0,331,116
12/02/1977,43,2791,19,4.1,0.94,4.6,2.027777778,0,331,116
12/02/1977,43,2792,20,3.3,0.96,4.2,2.083333333,0,331,116
12/02/1977,43,2793,21,2.4,0.97,3.6,1.777777778,0,331,116
12/02/1977,43,2794,22,1.7,0.98,3.1,1.888888889,0,331,116
12/02/1977,43,2795,23,1,0.99,2.5,1.916666667,0,331,116
13/02/1977,44,2796,24,1.2,0.99,2.5,1.555555556,0,331,117
13/02/1977,44,2797,1,0.9,0.99,2.3,1.416666667,0,331,117
13/02/1977,44,2798,2,0.8,1,2.3,1.194444444,0,331,117
13/02/1977,44,2799,3,0.8,1,2.3,1.527777778,0,331,117
13/02/1977,44,2800,4,1,1,2.4,1.805555556,0,331,117
13/02/1977,44,2801,5,1.1,1,2.5,2.055555556,0,331,117
13/02/1977,44,2802,6,1.1,0.99,2.5,2.305555556,0,331,117
13/02/1977,44,2803,7,1.6,0.99,2.7,2.555555556,0,331,117
13/02/1977,44,2804,8,2,0.99,2.9,2.916666667,30.3,331,117
13/02/1977,44,2805,9,2.8,0.98,3.4,3.472222222,109.08,331,117
13/02/1977,44,2806,10,4.3,0.92,4.2,3.611111111,226.24,331,117
13/02/1977,44,2807,11,5.6,0.87,5,3.388888889,274.72,331,117
13/02/1977,44,2808,12,6.5,0.85,5.8,3.027777778,393.9,331,117
13/02/1977,44,2809,13,7.4,0.8,6.4,3.027777778,547.42,331,117
13/02/1977,44,2810,14,7.5,0.77,6.4,3.055555556,393.9,331,117
13/02/1977,44,2811,15,7.4,0.8,6.3,2.833333333,262.6,331,117
13/02/1977,44,2812,16,6.8,0.82,5.9,2.027777778,107.06,331,117
13/02/1977,44,2813,17,5.9,0.85,5.2,2.277777778,20.2,331,117
13/02/1977,44,2814,18,4.8,0.9,4.6,2.055555556,0,331,117
13/02/1977,44,2815,19,4.2,0.96,4.3,2.055555556,0,331,117
13/02/1977,44,2816,20,4,0.96,4.1,2,0,331,117
13/02/1977,44,2817,21,3.7,0.97,3.9,2.222222222,0,331,117
13/02/1977,44,2818,22,3.6,0.97,3.8,2.166666667,0,331,117
13/02/1977,44,2819,23,3.2,0.97,3.5,2.111111111,0,331,117
14/02/1977,45,2820,24,3,0.97,3.4,2.472222222,0,331,118
14/02/1977,45,2821,1,3,0.97,3.4,2.222222222,0,331,118
14/02/1977,45,2822,2,2.8,0.97,3.3,2.277777778,0,331,118
14/02/1977,45,2823,3,2.7,0.97,3.2,2.277777778,0,331,118
14/02/1977,45,2824,4,2.6,0.97,3.2,2.472222222,0,331,118
14/02/1977,45,2825,5,2.4,0.97,3.1,2.75,0,331,118
14/02/1977,45,2826,6,2.4,0.97,3.1,2.972222222,0,331,118
14/02/1977,45,2827,7,1,0.96,2.5,2.972222222,0,331,118
14/02/1977,45,2828,8,1.4,0.96,2.5,3.194444444,72.72,331,118
14/02/1977,45,2829,9,2.8,0.93,3.2,3.166666667,276.74,331,118
14/02/1977,45,2830,10,4.6,0.85,4.3,3.5,486.82,331,118
14/02/1977,45,2831,11,5.8,0.83,5.3,3.5,624.18,331,118
14/02/1977,45,2832,12,6.6,0.78,6,3.833333333,658.52,331,118
14/02/1977,45,2833,13,7.1,0.73,6.4,3.916666667,591.86,331,118
14/02/1977,45,2834,14,7.1,0.71,6.5,3.916666667,480.76,331,118
14/02/1977,45,2835,15,6.9,0.72,6.2,3.722222222,343.4,331,118
14/02/1977,45,2836,16,6.5,0.73,5.9,3.388888889,191.9,331,118
14/02/1977,45,2837,17,5.8,0.77,5.4,3.222222222,32.32,331,118
14/02/1977,45,2838,18,5.3,0.78,5,3.527777778,0,331,118
14/02/1977,45,2839,19,5.1,0.83,4.7,3.444444444,0,331,118
14/02/1977,45,2840,20,4.6,0.85,4.4,3.555555556,0,331,118
14/02/1977,45,2841,21,4.1,0.87,4.1,3.555555556,0,331,118
14/02/1977,45,2842,22,3.7,0.88,3.9,3.444444444,0,331,118
14/02/1977,45,2843,23,3.2,0.9,3.6,3.666666667,0,331,118
15/02/1977,46,2844,24,2.8,0.91,3.3,3.722222222,0,331,119
15/02/1977,46,2845,1,2.4,0.92,3,3.527777778,0,331,119
15/02/1977,46,2846,2,1.9,0.92,2.7,3.333333333,0,331,119
15/02/1977,46,2847,3,1.4,0.93,2.4,3.333333333,0,331,119
15/02/1977,46,2848,4,1.1,0.93,2.2,3.444444444,0,331,119
15/02/1977,46,2849,5,0.8,0.94,2,3.472222222,0,331,119
15/02/1977,46,2850,6,0.6,0.94,1.8,3.361111111,0,331,119
15/02/1977,46,2851,7,0.6,0.94,1.7,3.361111111,0,331,119
15/02/1977,46,2852,8,1.1,0.94,1.9,3.833333333,84.84,331,119
15/02/1977,46,2853,9,2.4,0.91,2.7,4.305555556,294.92,331,119
15/02/1977,46,2854,10,3.8,0.87,3.9,3.805555556,500.96,331,119
15/02/1977,46,2855,11,5.1,0.82,5.1,3.916666667,640.34,331,119
15/02/1977,46,2856,12,5.9,0.79,5.9,4.416666667,646.4,331,119
15/02/1977,46,2857,13,6.1,0.77,6.2,4.611111111,547.42,331,119
15/02/1977,46,2858,14,6,0.78,6.1,4.805555556,385.82,331,119
15/02/1977,46,2859,15,5.5,0.81,5.7,4.583333333,244.42,331,119
15/02/1977,46,2860,16,5.1,0.83,5.4,4.333333333,111.1,331,119
15/02/1977,46,2861,17,4.1,0.87,4.7,3.333333333,22.22,331,119
15/02/1977,46,2862,18,3.6,0.9,4.3,2.666666667,0,331,119
15/02/1977,46,2863,19,3.7,0.89,4.2,2.361111111,0,331,119
15/02/1977,46,2864,20,3.5,0.91,3.9,2.111111111,0,331,119
15/02/1977,46,2865,21,3.4,0.92,3.8,2.305555556,0,331,119
15/02/1977,46,2866,22,3.3,0.93,3.8,2,0,331,119
15/02/1977,46,2867,23,3.2,0.94,3.7,2.083333333,0,331,119
16/02/1977,47,2868,24,3.1,0.95,3.6,2.166666667,0,331,120
16/02/1977,47,2869,1,3.2,0.95,3.6,2.111111111,0,331,120
16/02/1977,47,2870,2,3.2,0.95,3.6,2.111111111,0,331,120
16/02/1977,47,2871,3,3.2,0.96,3.6,2.222222222,0,331,120
16/02/1977,47,2872,4,3.2,0.97,3.6,2.361111111,0,331,120
16/02/1977,47,2873,5,3.1,0.97,3.5,2.444444444,0,331,120
16/02/1977,47,2874,6,3,0.98,3.4,2.472222222,0,331,120
16/02/1977,47,2875,7,2.7,0.96,3.3,2.416666667,0,331,120
16/02/1977,47,2876,8,3.1,0.94,3.5,2.583333333,34.34,331,120
16/02/1977,47,2877,9,3.8,0.92,3.9,2.555555556,109.08,331,120
16/02/1977,47,2878,10,4.5,0.86,4.5,2,244.42,331,120
16/02/1977,47,2879,11,5.4,0.76,5.4,1.888888889,428.24,331,120
16/02/1977,47,2880,12,6,0.69,6.1,1.777777778,569.64,331,120
16/02/1977,47,2881,13,6.5,0.66,6.5,1.833333333,450.46,331,120
16/02/1977,47,2882,14,6.4,0.67,6.3,2.055555556,242.4,331,120
16/02/1977,47,2883,15,6.3,0.7,6,2.055555556,197.96,331,120
16/02/1977,47,2884,16,5.9,0.75,5.7,1.694444444,153.52,331,120
16/02/1977,47,2885,17,5.1,0.8,5.1,2.027777778,28.28,331,120
16/02/1977,47,2886,18,4.6,0.83,4.7,2.166666667,0,331,120
16/02/1977,47,2887,19,4.4,0.87,4.5,2.138888889,0,331,120
16/02/1977,47,2888,20,4.2,0.89,4.4,2.194444444,0,331,120
16/02/1977,47,2889,21,4,0.9,4.3,2.222222222,0,331,120
16/02/1977,47,2890,22,3.7,0.92,4.1,2.611111111,0,331,120
16/02/1977,47,2891,23,3.2,0.93,3.8,2.611111111,0,331,120
17/02/1977,48,2892,24,2.6,0.94,3.5,3,0,331,121
17/02/1977,48,2893,1,1.8,0.95,3,3.222222222,0,331,121
17/02/1977,48,2894,2,1.3,0.94,2.6,3.111111111,0,331,121
17/02/1977,48,2895,3,1,0.93,2.4,3.194444444,0,331,121
17/02/1977,48,2896,4,0.7,0.92,2.2,3.416666667,0,331,121
17/02/1977,48,2897,5,0.6,0.92,2,3.416666667,0,331,121
17/02/1977,48,2898,6,0.6,0.92,1.9,3.333333333,0,331,121
17/02/1977,48,2899,7,0.1,0.93,1.6,3.444444444,0,331,121
17/02/1977,48,2900,8,0.6,0.93,1.8,3.888888889,98.98,331,121
17/02/1977,48,2901,9,2.1,0.9,2.6,3.972222222,337.34,331,121
17/02/1977,48,2902,10,3.8,0.86,3.9,4.861111111,571.66,331,121
17/02/1977,48,2903,11,5.4,0.83,5.2,5,711.04,331,121
17/02/1977,48,2904,12,6.6,0.77,6.2,5.333333333,814.06,331,121
17/02/1977,48,2905,13,7.3,0.72,6.7,5.777777778,733.26,331,121
17/02/1977,48,2906,14,7.5,0.69,6.7,6.305555556,490.86,331,121
17/02/1977,48,2907,15,7.3,0.71,6.4,5.777777778,208.06,331,121
17/02/1977,48,2908,16,6.8,0.75,6,5.722222222,78.78,331,121
17/02/1977,48,2909,17,6.3,0.8,5.6,5.694444444,12.12,331,121
17/02/1977,48,2910,18,6,0.83,5.4,6,0,331,121
17/02/1977,48,2911,19,5.5,0.85,5.2,5.861111111,0,331,121
17/02/1977,48,2912,20,5.5,0.86,5,5.972222222,0,331,121
17/02/1977,48,2913,21,5.5,0.88,5,6.388888889,0,331,121
17/02/1977,48,2914,22,5.5,0.93,4.9,6.611111111,0,331,121
17/02/1977,48,2915,23,5.7,0.95,5,6.333333333,0,331,121
18/02/1977,49,2916,24,6.2,0.95,5.2,6.333333333,0,331,122
18/02/1977,49,2917,1,6.9,0.96,5.4,6.277777778,0,331,122
18/02/1977,49,2918,2,7.5,0.95,5.7,6.833333333,0,331,122
18/02/1977,49,2919,3,7.7,0.91,5.8,7.055555556,0,331,122
18/02/1977,49,2920,4,7.1,0.89,5.6,6.583333333,0,331,122
18/02/1977,49,2921,5,6.4,0.88,5.3,7.388888889,0,331,122
18/02/1977,49,2922,6,5.8,0.88,5,7.833333333,0,331,122
18/02/1977,49,2923,7,5.8,0.88,5,8.25,0,331,122
18/02/1977,49,2924,8,6,0.87,5.1,8.555555556,38.38,331,122
18/02/1977,49,2925,9,6.6,0.86,5.4,8.722222222,151.5,331,122
18/02/1977,49,2926,10,7.2,0.83,5.8,8.777777778,260.58,331,122
18/02/1977,49,2927,11,8.2,0.79,6.5,8.861111111,577.72,331,122
18/02/1977,49,2928,12,8.8,0.77,7.2,8.888888889,690.84,331,122
18/02/1977,49,2929,13,9.1,0.71,7.7,8.555555556,654.48,331,122
18/02/1977,49,2930,14,9.1,0.68,7.8,8.333333333,531.26,331,122
18/02/1977,49,2931,15,8.7,0.7,7.6,8.25,296.94,331,122
18/02/1977,49,2932,16,7.9,0.73,7.1,7.472222222,92.92,331,122
18/02/1977,49,2933,17,7.5,0.74,6.6,7.222222222,16.16,331,122
18/02/1977,49,2934,18,7.6,0.72,6.4,8.305555556,0,331,122
18/02/1977,49,2935,19,7.7,0.72,6.1,9.055555556,0,331,122
18/02/1977,49,2936,20,7.4,0.78,6.1,8.944444444,0,331,122
18/02/1977,49,2937,21,7.5,0.81,6.1,9.194444444,0,331,122
18/02/1977,49,2938,22,7.7,0.81,6.1,8.833333333,0,331,122
18/02/1977,49,2939,23,7.7,0.84,6.1,9.611111111,0,331,122
19/02/1977,50,2940,24,8,0.84,6.2,10.5,0,331,123
19/02/1977,50,2941,1,8.2,0.87,6.4,11.19444444,0,331,123
19/02/1977,50,2942,2,8.1,0.88,6.4,10.77777778,0,331,123
19/02/1977,50,2943,3,7.2,0.83,6.1,11.58333333,0,331,123
19/02/1977,50,2944,4,5.8,0.84,5.7,11.91666667,0,331,123
19/02/1977,50,2945,5,5.4,0.84,5.5,11.58333333,0,331,123
19/02/1977,50,2946,6,5.4,0.83,5.3,10.33333333,0,331,123
19/02/1977,50,2947,7,5.4,0.83,5.2,9.25,0,331,123
19/02/1977,50,2948,8,5.5,0.83,5.3,8.694444444,58.58,331,123
19/02/1977,50,2949,9,5.9,0.82,5.6,8.5,234.32,331,123
19/02/1977,50,2950,10,6.6,0.79,6.3,8.388888889,519.14,331,123
19/02/1977,50,2951,11,7,0.75,6.9,8.666666667,634.28,331,123
19/02/1977,50,2952,12,7.4,0.69,7.4,8.666666667,719.12,331,123
19/02/1977,50,2953,13,7.4,0.65,7.6,9.055555556,702.96,331,123
19/02/1977,50,2954,14,7.4,0.63,7.5,8.361111111,577.72,331,123
19/02/1977,50,2955,15,7.3,0.64,7.3,8.055555556,410.06,331,123
19/02/1977,50,2956,16,6.8,0.68,6.9,7.527777778,248.46,331,123
19/02/1977,50,2957,17,6.1,0.72,6.3,7.388888889,62.62,331,123
19/02/1977,50,2958,18,6,0.73,5.9,7.944444444,0,331,123
19/02/1977,50,2959,19,6.3,0.73,5.9,7.861111111,0,331,123
19/02/1977,50,2960,20,6.3,0.73,5.8,7.861111111,0,331,123
19/02/1977,50,2961,21,6.1,0.74,5.7,8,0,331,123
19/02/1977,50,2962,22,6,0.77,5.6,7.722222222,0,331,123
19/02/1977,50,2963,23,5.6,0.8,5.5,7.555555556,0,331,123
20/02/1977,51,2964,24,5.1,0.83,5.2,7.305555556,0,331,124
20/02/1977,51,2965,1,4.5,0.85,4.9,7.333333333,0,331,124
20/02/1977,51,2966,2,4.2,0.87,4.7,6.555555556,0,331,124
20/02/1977,51,2967,3,4,0.86,4.5,5.638888889,0,331,124
20/02/1977,51,2968,4,4,0.85,4.5,4.888888889,0,331,124
20/02/1977,51,2969,5,3.7,0.86,4.3,4.222222222,0,331,124
20/02/1977,51,2970,6,3.7,0.86,4.3,4.388888889,0,331,124
20/02/1977,51,2971,7,4.1,0.86,4.3,5.555555556,0,331,124
20/02/1977,51,2972,8,4.3,0.87,4.4,5.583333333,22.22,331,124
20/02/1977,51,2973,9,4.8,0.87,4.6,5.777777778,72.72,331,124
20/02/1977,51,2974,10,4.9,0.9,4.7,6.722222222,72.72,331,124
20/02/1977,51,2975,11,5.3,0.92,5,7.333333333,101,331,124
20/02/1977,51,2976,12,5.9,0.95,5.2,6.916666667,76.76,331,124
20/02/1977,51,2977,13,7.9,0.93,5.8,6.416666667,66.66,331,124
20/02/1977,51,2978,14,9.3,0.91,6.4,9.916666667,121.2,331,124
20/02/1977,51,2979,15,8.9,0.89,6.5,11.25,133.32,331,124
20/02/1977,51,2980,16,8.8,0.84,6.6,11.63888889,68.68,331,124
20/02/1977,51,2981,17,8.6,0.8,6.5,11.41666667,26.26,331,124
20/02/1977,51,2982,18,8.4,0.79,6.4,10.55555556,0,331,124
20/02/1977,51,2983,19,7,0.84,6.1,9.444444444,0,331,124
20/02/1977,51,2984,20,6.4,0.85,5.9,8.027777778,0,331,124
20/02/1977,51,2985,21,5.8,0.87,5.6,6.527777778,0,331,124
20/02/1977,51,2986,22,5.3,0.88,5.4,5.388888889,0,331,124
20/02/1977,51,2987,23,5,0.89,5.3,3.972222222,0,331,124
21/02/1977,52,2988,24,4.8,0.91,5.1,2.444444444,0,331,125
21/02/1977,52,2989,1,4.5,0.93,4.9,1.777777778,0,331,125
21/02/1977,52,2990,2,4.5,0.95,4.7,1.972222222,0,331,125
21/02/1977,52,2991,3,4.9,0.95,4.8,2.277777778,0,331,125
21/02/1977,52,2992,4,5.3,0.94,4.9,3.472222222,0,331,125
21/02/1977,52,2993,5,5.8,0.95,5.1,4.666666667,0,331,125
21/02/1977,52,2994,6,6,0.94,5.3,5.25,0,331,125
21/02/1977,52,2995,7,6.3,0.92,5.4,5.916666667,0,331,125
21/02/1977,52,2996,8,6.4,0.91,5.5,6.916666667,32.32,331,125
21/02/1977,52,2997,9,6.7,0.91,5.7,7.138888889,111.1,331,125
21/02/1977,52,2998,10,7.5,0.89,6.2,5.861111111,379.76,331,125
21/02/1977,52,2999,11,8.2,0.87,6.9,5.888888889,502.98,331,125
21/02/1977,52,3000,12,8.6,0.84,7.3,5.972222222,410.06,331,125
21/02/1977,52,3001,13,8.9,0.82,7.6,6,426.22,331,125
21/02/1977,52,3002,14,8.9,0.81,7.5,5.833333333,305.02,331,125
21/02/1977,52,3003,15,9.1,0.8,7.5,5.527777778,329.26,331,125
21/02/1977,52,3004,16,8.8,0.8,7.4,4.611111111,206.04,331,125
21/02/1977,52,3005,17,7.8,0.84,6.8,4.111111111,56.56,331,125
21/02/1977,52,3006,18,6.7,0.87,6.2,4.583333333,0,331,125
21/02/1977,52,3007,19,6.5,0.9,6,4.527777778,0,331,125
21/02/1977,52,3008,20,6.3,0.9,5.8,4.5,0,331,125
21/02/1977,52,3009,21,6,0.91,5.6,4.972222222,0,331,125
21/02/1977,52,3010,22,5.8,0.91,5.5,4.972222222,0,331,125
21/02/1977,52,3011,23,5.5,0.92,5.3,5.305555556,0,331,125
22/02/1977,53,3012,24,5.4,0.92,5.2,5.527777778,0,331,126
22/02/1977,53,3013,1,5.3,0.92,5.1,5.527777778,0,331,126
22/02/1977,53,3014,2,5.2,0.92,5,5.138888889,0,331,126
22/02/1977,53,3015,3,5.1,0.92,4.9,4.972222222,0,331,126
22/02/1977,53,3016,4,4.9,0.92,4.8,5.027777778,0,331,126
22/02/1977,53,3017,5,4.9,0.93,4.8,4.972222222,0,331,126
22/02/1977,53,3018,6,4.8,0.93,4.7,5.194444444,0,331,126
22/02/1977,53,3019,7,4.7,0.93,4.7,5.5,4.04,331,126
22/02/1977,53,3020,8,5.2,0.92,4.9,5.75,113.12,331,126
22/02/1977,53,3021,9,6.2,0.9,5.4,6.027777778,274.72,331,126
22/02/1977,53,3022,10,7.3,0.82,6.2,6.361111111,496.92,331,126
22/02/1977,53,3023,11,8.1,0.76,7,6.305555556,672.66,331,126
22/02/1977,53,3024,12,8.6,0.71,7.4,5.805555556,557.52,331,126
22/02/1977,53,3025,13,9.2,0.67,8,5.555555556,624.18,331,126
22/02/1977,53,3026,14,9.5,0.66,8.2,5,573.68,331,126
22/02/1977,53,3027,15,9.7,0.65,8.3,4.083333333,444.4,331,126
22/02/1977,53,3028,16,9.3,0.7,8,2.638888889,242.4,331,126
22/02/1977,53,3029,17,8,0.76,7.1,2.222222222,62.62,331,126
22/02/1977,53,3030,18,6.9,0.81,6.4,2.694444444,0,331,126
22/02/1977,53,3031,19,6.6,0.84,6,2.916666667,0,331,126
22/02/1977,53,3032,20,6.4,0.88,5.9,3.027777778,0,331,126
22/02/1977,53,3033,21,6.1,0.9,5.8,3,0,331,126
22/02/1977,53,3034,22,5.6,0.92,5.5,2.916666667,0,331,126
22/02/1977,53,3035,23,5.3,0.93,5.3,3.111111111,0,331,126
23/02/1977,54,3036,24,5.2,0.93,5.2,3,0,331,127
23/02/1977,54,3037,1,5,0.94,5.1,2.722222222,0,331,127
23/02/1977,54,3038,2,4.7,0.94,5,2.5,0,331,127
23/02/1977,54,3039,3,4.5,0.94,4.8,2.638888889,0,331,127
23/02/1977,54,3040,4,3.9,0.95,4.5,2.833333333,0,331,127
23/02/1977,54,3041,5,3.9,0.95,4.4,3,0,331,127
23/02/1977,54,3042,6,3.5,0.95,4.2,3.305555556,0,331,127
23/02/1977,54,3043,7,3.7,0.95,4.1,3.5,4.04,331,127
23/02/1977,54,3044,8,4.3,0.94,4.4,3.75,80.8,331,127
23/02/1977,54,3045,9,5.2,0.93,4.9,3.805555556,181.8,331,127
23/02/1977,54,3046,10,6.1,0.89,5.7,3.777777778,300.98,331,127
23/02/1977,54,3047,11,7.2,0.84,6.4,3.888888889,347.44,331,127
23/02/1977,54,3048,12,8.2,0.78,6.9,4.472222222,387.84,331,127
23/02/1977,54,3049,13,8.3,0.77,7.2,4.888888889,367.64,331,127
23/02/1977,54,3050,14,8.5,0.76,7.3,4.333333333,404,331,127
23/02/1977,54,3051,15,8.5,0.77,7.4,4.25,418.14,331,127
23/02/1977,54,3052,16,8,0.8,7.1,4.416666667,197.96,331,127
23/02/1977,54,3053,17,7.4,0.83,6.7,3.75,64.64,331,127
23/02/1977,54,3054,18,6.4,0.87,6,3.333333333,0,331,127
23/02/1977,54,3055,19,6.3,0.89,5.7,3.611111111,0,331,127
23/02/1977,54,3056,20,5.7,0.91,5.3,3.888888889,0,331,127
23/02/1977,54,3057,21,5.3,0.92,5.1,3.888888889,0,331,127
23/02/1977,54,3058,22,5,0.92,4.9,3.611111111,0,331,127
23/02/1977,54,3059,23,4.7,0.93,4.7,3.805555556,0,331,127
24/02/1977,55,3060,24,4.6,0.93,4.6,4,0,331,128
24/02/1977,55,3061,1,4.3,0.94,4.4,3.416666667,0,331,128
24/02/1977,55,3062,2,3.7,0.95,4.2,2.694444444,0,331,128
24/02/1977,55,3063,3,3.3,0.96,3.9,2.583333333,0,331,128
24/02/1977,55,3064,4,3,0.96,3.7,2.694444444,0,331,128
24/02/1977,55,3065,5,2.7,0.96,3.5,2.777777778,0,331,128
24/02/1977,55,3066,6,2.3,0.96,3.3,3.277777778,0,331,128
24/02/1977,55,3067,7,3.6,0.94,3.5,3.333333333,4.04,331,128
24/02/1977,55,3068,8,4.7,0.92,4.1,3.277777778,94.94,331,128
24/02/1977,55,3069,9,6,0.9,4.9,3.194444444,226.24,331,128
24/02/1977,55,3070,10,7.6,0.86,6,2.833333333,357.54,331,128
24/02/1977,55,3071,11,8.7,0.82,6.9,3.055555556,515.1,331,128
24/02/1977,55,3072,12,9.7,0.77,7.7,3.027777778,630.24,331,128
24/02/1977,55,3073,13,10.2,0.73,8.4,2.583333333,696.9,331,128
24/02/1977,55,3074,14,10.3,0.71,8.7,2.722222222,523.18,331,128
24/02/1977,55,3075,15,9.9,0.73,8.6,2.138888889,307.04,331,128
24/02/1977,55,3076,16,9.2,0.77,7.9,1.555555556,151.5,331,128
24/02/1977,55,3077,17,8.2,0.81,7.2,1.833333333,38.38,331,128
24/02/1977,55,3078,18,7.3,0.85,6.6,2.166666667,0,331,128
24/02/1977,55,3079,19,7.1,0.91,6.4,2.444444444,0,331,128
24/02/1977,55,3080,20,6.7,0.92,6.1,1.833333333,0,331,128
24/02/1977,55,3081,21,6.1,0.94,5.8,1.638888889,0,331,128
24/02/1977,55,3082,22,5.7,0.95,5.6,1.694444444,0,331,128
24/02/1977,55,3083,23,5.3,0.96,5.4,1.111111111,0,331,128
25/02/1977,56,3084,24,4.8,0.96,5.2,0.944444444,0,331,129
25/02/1977,56,3085,1,5.2,0.94,5,1.111111111,0,331,129
25/02/1977,56,3086,2,4.9,0.96,5,0.916666667,0,331,129
25/02/1977,56,3087,3,4.9,0.98,5.1,1.138888889,0,331,129
25/02/1977,56,3088,4,5,0.97,5.2,1.333333333,0,331,129
25/02/1977,56,3089,5,5.1,0.98,5.2,1.305555556,0,331,129
25/02/1977,56,3090,6,5,0.98,5.2,1.25,0,331,129
25/02/1977,56,3091,7,4.9,0.97,5.2,1.111111111,2.02,331,129
25/02/1977,56,3092,8,4.9,0.97,5.3,1.388888889,32.32,331,129
25/02/1977,56,3093,9,5.2,0.97,5.5,1.666666667,84.84,331,129
25/02/1977,56,3094,10,5.4,0.97,5.8,2.111111111,141.4,331,129
25/02/1977,56,3095,11,5.7,0.96,6,2.222222222,226.24,331,129
25/02/1977,56,3096,12,5.7,0.95,6,2.361111111,185.84,331,129
25/02/1977,56,3097,13,5.7,0.95,6.1,2.444444444,177.76,331,129
25/02/1977,56,3098,14,5.4,0.96,5.9,2.222222222,101,331,129
25/02/1977,56,3099,15,5.4,0.95,5.9,2.833333333,101,331,129
25/02/1977,56,3100,16,5.3,0.96,5.8,3.527777778,42.42,331,129
25/02/1977,56,3101,17,4.9,0.96,5.5,4.305555556,16.16,331,129
25/02/1977,56,3102,18,4.5,0.96,5.3,4.694444444,0,331,129
25/02/1977,56,3103,19,3.4,0.97,4.9,5,0,331,129
25/02/1977,56,3104,20,2.8,0.96,4.6,5.111111111,0,331,129
25/02/1977,56,3105,21,2.3,0.94,4.2,4.916666667,0,331,129
25/02/1977,56,3106,22,1.9,0.93,3.9,4.944444444,0,331,129
25/02/1977,56,3107,23,1.4,0.92,3.6,4.777777778,0,331,129
26/02/1977,57,3108,24,1.2,0.88,3.3,4.972222222,0,331,130
26/02/1977,57,3109,1,1.1,0.85,3.1,5.388888889,0,331,130
26/02/1977,57,3110,2,1,0.82,2.8,5.25,0,331,130
26/02/1977,57,3111,3,0.8,0.8,2.6,5.055555556,0,331,130
26/02/1977,57,3112,4,0.7,0.78,2.5,5.166666667,0,331,130
26/02/1977,57,3113,5,0.6,0.77,2.3,5.305555556,0,331,130
26/02/1977,57,3114,6,0.4,0.77,2.2,5.305555556,0,331,130
26/02/1977,57,3115,7,0.2,0.71,2,5.25,6.06,331,130
26/02/1977,57,3116,8,0.6,0.69,2.1,4.555555556,145.44,331,130
26/02/1977,57,3117,9,1.4,0.59,2.7,5.111111111,428.24,331,130
26/02/1977,57,3118,10,2.2,0.55,3.6,5.694444444,690.84,331,130
26/02/1977,57,3119,11,2.6,0.56,4.1,5.25,573.68,331,130
26/02/1977,57,3120,12,2.8,0.57,4.4,5,638.32,331,130
26/02/1977,57,3121,13,2.9,0.6,4.7,5,599.94,331,130
26/02/1977,57,3122,14,3.1,0.57,4.8,5.027777778,579.74,331,130
26/02/1977,57,3123,15,3.3,0.54,4.7,4.805555556,480.76,331,130
26/02/1977,57,3124,16,3.2,0.53,4.4,4.527777778,311.08,331,130
26/02/1977,57,3125,17,2.4,0.6,3.7,3.888888889,88.88,331,130
26/02/1977,57,3126,18,1.5,0.67,2.9,3.305555556,0,331,130
26/02/1977,57,3127,19,0.9,0.72,2.4,2.944444444,0,331,130
26/02/1977,57,3128,20,0.6,0.77,2,2.416666667,0,331,130
26/02/1977,57,3129,21,0.2,0.81,1.7,2.194444444,0,331,130
26/02/1977,57,3130,22,-0.6,0.88,1.2,2.611111111,0,331,130
26/02/1977,57,3131,23,-1.4,0.9,0.6,2.472222222,0,331,130
27/02/1977,58,3132,24,-1.9,0.9,0.5,2.611111111,0,331,131
27/02/1977,58,3133,1,-2,0.91,0.4,2.277777778,0,331,131
27/02/1977,58,3134,2,-2,0.9,0.4,2.055555556,0,331,131
27/02/1977,58,3135,3,-2.3,0.9,0.3,2.166666667,0,331,131
27/02/1977,58,3136,4,-2.7,0.9,0.3,2.055555556,0,331,131
27/02/1977,58,3137,5,-2.8,0.9,0.2,2.027777778,0,331,131
27/02/1977,58,3138,6,-2.8,0.88,0.2,1.916666667,0,331,131
27/02/1977,58,3139,7,-3.3,0.91,0.1,1.833333333,12.12,331,131
27/02/1977,58,3140,8,-1.8,0.9,0.2,1.444444444,177.76,331,131
27/02/1977,58,3141,9,0.3,0.74,0.4,1.805555556,426.22,331,131
27/02/1977,58,3142,10,1,0.68,0.6,3,686.8,331,131
27/02/1977,58,3143,11,1.6,0.64,1,2.972222222,747.4,331,131
27/02/1977,58,3144,12,2.1,0.61,2.3,2.888888889,808,331,131
27/02/1977,58,3145,13,2.4,0.58,3.2,3.111111111,852.44,331,131
27/02/1977,58,3146,14,2.5,0.57,3.6,3.166666667,652.46,331,131
27/02/1977,58,3147,15,2.6,0.56,3.7,3.222222222,511.06,331,131
27/02/1977,58,3148,16,2.5,0.57,3.3,2.972222222,315.12,331,131
27/02/1977,58,3149,17,2,0.62,2.6,2.416666667,98.98,331,131
27/02/1977,58,3150,18,1.2,0.67,1.7,2.5,0,331,131
27/02/1977,58,3151,19,0.2,0.77,0.9,2.555555556,0,331,131
27/02/1977,58,3152,20,-0.2,0.8,0.6,2.527777778,0,331,131
27/02/1977,58,3153,21,-0.4,0.82,0.5,2.638888889,0,331,131
27/02/1977,58,3154,22,-0.4,0.83,0.5,2.75,0,331,131
27/02/1977,58,3155,23,-0.7,0.85,0.4,2.694444444,0,331,131
28/02/1977,59,3156,24,-0.8,0.87,0.4,2.388888889,0,331,132
28/02/1977,59,3157,1,-1.3,0.88,0.3,1.944444444,0,331,132
28/02/1977,59,3158,2,-2.2,0.9,0.2,2.083333333,0,331,132
28/02/1977,59,3159,3,-0.4,0.81,0.1,1.111111111,0,331,132
28/02/1977,59,3160,4,-0.4,0.8,0.1,0.388888889,0,331,132
28/02/1977,59,3161,5,-0.5,0.79,0,0.861111111,0,331,132
28/02/1977,59,3162,6,-2.2,0.84,-0.1,1.277777778,0,331,132
28/02/1977,59,3163,7,-3.1,0.91,-0.1,1.638888889,14.14,331,132
28/02/1977,59,3164,8,-1,0.91,-0.1,1.916666667,187.86,331,132
28/02/1977,59,3165,9,1.9,0.72,0.1,2.527777778,440.36,331,132
28/02/1977,59,3166,10,2.7,0.66,0.3,2.888888889,634.28,331,132
28/02/1977,59,3167,11,3.5,0.66,0.5,3.194444444,757.5,331,132
28/02/1977,59,3168,12,4.1,0.63,0.8,3.444444444,814.06,331,132
28/02/1977,59,3169,13,4,0.63,1.3,3.888888889,610.04,331,132
28/02/1977,59,3170,14,4,0.62,2.1,4.083333333,387.84,331,132
28/02/1977,59,3171,15,3.7,0.66,2.3,3.944444444,230.28,331,132
28/02/1977,59,3172,16,3.4,0.68,2.4,3.361111111,127.26,331,132
28/02/1977,59,3173,17,2.8,0.71,2.2,2.944444444,62.62,331,132
28/02/1977,59,3174,18,1.9,0.76,1.7,2.75,0,331,132
28/02/1977,59,3175,19,1.7,0.79,1.4,2.805555556,0,331,132
28/02/1977,59,3176,20,1.3,0.8,1.1,2.805555556,0,331,132
28/02/1977,59,3177,21,1.3,0.79,1.1,2.694444444,0,331,132
28/02/1977,59,3178,22,1.3,0.79,1,2.722222222,0,331,132
28/02/1977,59,3179,23,0.9,0.81,0.8,2.694444444,0,331,132
01/03/1977,60,3180,24,0.2,0.84,0.6,2.416666667,0,331,133
01/03/1977,60,3181,1,-0.7,0.88,0.5,2.194444444,0,331,133
01/03/1977,60,3182,2,-1.5,0.9,0.4,2.138888889,0,331,133
01/03/1977,60,3183,3,-1.7,0.91,0.3,2.055555556,0,331,133
01/03/1977,60,3184,4,-1.3,0.92,0.2,2.138888889,0,331,133
01/03/1977,60,3185,5,-1,0.91,0.2,2.694444444,0,331,133
01/03/1977,60,3186,6,-1.1,0.91,0.2,2.444444444,0,331,133
01/03/1977,60,3187,7,-0.9,0.89,0.2,2.777777778,14.14,331,133
01/03/1977,60,3188,8,0.1,0.85,0.3,3.138888889,141.4,331,133
01/03/1977,60,3189,9,1.3,0.79,0.4,3.111111111,305.02,331,133
01/03/1977,60,3190,10,2.5,0.73,0.6,3.388888889,482.78,331,133
01/03/1977,60,3191,11,3.6,0.68,0.9,4,622.16,331,133
01/03/1977,60,3192,12,4.6,0.63,1.8,4.166666667,658.52,331,133
01/03/1977,60,3193,13,5.3,0.6,3.2,4.333333333,642.36,331,133
01/03/1977,60,3194,14,5.6,0.59,3.9,4.527777778,480.76,331,133
01/03/1977,60,3195,15,5.6,0.59,4,4.111111111,363.6,331,133
01/03/1977,60,3196,16,5.2,0.63,3.8,3.722222222,187.86,331,133
01/03/1977,60,3197,17,4.4,0.67,3.4,3.277777778,54.54,331,133
01/03/1977,60,3198,18,3.6,0.72,2.8,3.555555556,2.02,331,133
01/03/1977,60,3199,19,3.7,0.69,2.7,3.972222222,0,331,133
01/03/1977,60,3200,20,3.9,0.69,2.8,4.111111111,0,331,133
01/03/1977,60,3201,21,4,0.7,2.9,4.083333333,0,331,133
01/03/1977,60,3202,22,4.1,0.72,3,3.722222222,0,331,133
01/03/1977,60,3203,23,4,0.75,3,3.916666667,0,331,133
02/03/1977,61,3204,24,4,0.79,3.1,4.25,0,331,134
02/03/1977,61,3205,1,3.9,0.82,3.1,4.25,0,331,134
02/03/1977,61,3206,2,3.9,0.86,3.2,4.083333333,0,331,134
02/03/1977,61,3207,3,4,0.89,3.2,4.305555556,0,331,134
02/03/1977,61,3208,4,4,0.92,3.3,4.25,0,331,134
02/03/1977,61,3209,5,4.2,0.95,3.4,4.472222222,0,331,134
02/03/1977,61,3210,6,4.5,0.97,3.6,4.388888889,0,331,134
02/03/1977,61,3211,7,4.6,0.98,3.7,4.166666667,2.02,331,134
02/03/1977,61,3212,8,5.3,0.98,4,4.527777778,30.3,331,134
02/03/1977,61,3213,9,6.2,0.98,4.4,4.666666667,76.76,331,134
02/03/1977,61,3214,10,7.1,0.97,5,4.388888889,145.44,331,134
02/03/1977,61,3215,11,8,0.94,5.7,5.055555556,157.56,331,134
02/03/1977,61,3216,12,8.4,0.92,6.1,5.166666667,228.26,331,134
02/03/1977,61,3217,13,8.6,0.89,6.3,5.305555556,248.46,331,134
02/03/1977,61,3218,14,8.8,0.87,6.7,5.555555556,311.08,331,134
02/03/1977,61,3219,15,8.9,0.85,6.8,5.944444444,258.56,331,134
02/03/1977,61,3220,16,8.9,0.85,6.8,5.333333333,175.74,331,134
02/03/1977,61,3221,17,8.3,0.89,6.6,5.138888889,46.46,331,134
02/03/1977,61,3222,18,7.8,0.92,6.2,5.083333333,2.02,331,134
02/03/1977,61,3223,19,8,0.93,6.1,5.472222222,0,331,134
02/03/1977,61,3224,20,8.1,0.92,6,5.388888889,0,331,134
02/03/1977,61,3225,21,8.1,0.92,6,5.5,0,331,134
02/03/1977,61,3226,22,8.3,0.92,6,5.833333333,0,331,134
02/03/1977,61,3227,23,8.5,0.89,6,6.277777778,0,331,134
03/03/1977,62,3228,24,8.7,0.85,6.1,6.777777778,0,331,135
03/03/1977,62,3229,1,8.8,0.85,6.1,7.583333333,0,331,135
03/03/1977,62,3230,2,9.4,0.82,6.4,8.305555556,0,331,135
03/03/1977,62,3231,3,10,0.77,6.7,9.166666667,0,331,135
03/03/1977,62,3232,4,10.6,0.76,7.1,10.02777778,0,331,135
03/03/1977,62,3233,5,10.6,0.78,7.3,9.972222222,0,331,135
03/03/1977,62,3234,6,10.3,0.81,7.3,10.05555556,0,331,135
03/03/1977,62,3235,7,10,0.88,7.4,9.472222222,6.06,331,135
03/03/1977,62,3236,8,10.1,0.89,7.5,8.972222222,74.74,331,135
03/03/1977,62,3237,9,10.4,0.87,7.9,8.611111111,181.8,331,135
03/03/1977,62,3238,10,10.4,0.81,8.4,7.805555556,430.26,331,135
03/03/1977,62,3239,11,10.4,0.76,8.7,8,563.58,331,135
03/03/1977,62,3240,12,10.5,0.75,9.1,8.305555556,709.02,331,135
03/03/1977,62,3241,13,10.5,0.72,9.4,8.5,593.88,331,135
03/03/1977,62,3242,14,10,0.73,9.2,7.694444444,454.5,331,135
03/03/1977,62,3243,15,9.7,0.75,9,6.805555556,454.5,331,135
03/03/1977,62,3244,16,9.2,0.77,8.6,6.027777778,311.08,331,135
03/03/1977,62,3245,17,8.5,0.8,8,5.638888889,115.14,331,135
03/03/1977,62,3246,18,7.7,0.83,7.4,5.444444444,4.04,331,135
03/03/1977,62,3247,19,7.5,0.86,7,5.194444444,0,331,135
03/03/1977,62,3248,20,7.3,0.87,6.7,5.416666667,0,331,135
03/03/1977,62,3249,21,7.3,0.88,6.6,5.833333333,0,331,135
03/03/1977,62,3250,22,7.3,0.91,6.5,5.805555556,0,331,135
03/03/1977,62,3251,23,7.3,0.92,6.5,5.861111111,0,331,135
04/03/1977,63,3252,24,7.7,0.93,6.6,6,0,331,136
04/03/1977,63,3253,1,8.4,0.93,6.9,5.638888889,0,331,136
04/03/1977,63,3254,2,8.9,0.94,7.2,5.583333333,0,331,136
04/03/1977,63,3255,3,9.2,0.95,7.4,6.027777778,0,331,136
04/03/1977,63,3256,4,9.3,0.95,7.5,6.666666667,0,331,136
04/03/1977,63,3257,5,9.3,0.95,7.6,6.833333333,0,331,136
04/03/1977,63,3258,6,9.2,0.95,7.6,7.555555556,0,331,136
04/03/1977,63,3259,7,9.1,0.92,7.6,7.555555556,6.06,331,136
04/03/1977,63,3260,8,9.3,0.88,7.6,8.25,64.64,331,136
04/03/1977,63,3261,9,9.5,0.85,7.7,8.611111111,111.1,331,136
04/03/1977,63,3262,10,9.7,0.83,7.8,9.694444444,111.1,331,136
04/03/1977,63,3263,11,10.2,0.8,8.3,10.72222222,523.18,331,136
04/03/1977,63,3264,12,10.2,0.72,8.8,11.22222222,599.94,331,136
04/03/1977,63,3265,13,9.6,0.65,9,11.19444444,662.56,331,136
04/03/1977,63,3266,14,9,0.63,9,11.66666667,779.72,331,136
04/03/1977,63,3267,15,8.6,0.64,8.8,11.80555556,648.42,331,136
04/03/1977,63,3268,16,8.1,0.65,8.3,11.83333333,389.86,331,136
04/03/1977,63,3269,17,7.5,0.64,7.7,10.94444444,131.3,331,136
04/03/1977,63,3270,18,7.1,0.64,7.2,10.44444444,4.04,331,136
04/03/1977,63,3271,19,6.9,0.65,6.8,10.08333333,0,331,136
04/03/1977,63,3272,20,6.9,0.66,6.6,10.05555556,0,331,136
04/03/1977,63,3273,21,6.9,0.66,6.5,10.25,0,331,136
04/03/1977,63,3274,22,6.8,0.67,6.4,10.5,0,331,136
04/03/1977,63,3275,23,6.8,0.68,6.3,10.41666667,0,331,136
05/03/1977,64,3276,24,6.7,0.69,6.3,10.27777778,0,331,137
05/03/1977,64,3277,1,6.7,0.7,6.2,10,0,331,137
05/03/1977,64,3278,2,6.6,0.72,6.2,9.277777778,0,331,137
05/03/1977,64,3279,3,6.3,0.74,6,8.888888889,0,331,137
05/03/1977,64,3280,4,6,0.77,5.8,8.416666667,0,331,137
05/03/1977,64,3281,5,5.7,0.78,5.6,7.694444444,0,331,137
05/03/1977,64,3282,6,5.5,0.79,5.5,6.972222222,0,331,137
05/03/1977,64,3283,7,5.8,0.81,5.6,5.916666667,28.28,331,137
05/03/1977,64,3284,8,6.3,0.81,5.9,5.055555556,206.04,331,137
05/03/1977,64,3285,9,7.1,0.77,6.6,5.861111111,399.96,331,137
05/03/1977,64,3286,10,8,0.73,7.5,7.388888889,668.62,331,137
05/03/1977,64,3287,11,8.6,0.7,8.2,7.361111111,769.62,331,137
05/03/1977,64,3288,12,9.3,0.68,8.7,7.416666667,890.82,331,137
05/03/1977,64,3289,13,9.5,0.67,9,8.277777778,727.2,331,137
05/03/1977,64,3290,14,9.2,0.69,8.9,8.583333333,531.26,331,137
05/03/1977,64,3291,15,9,0.7,8.8,8.777777778,500.96,331,137
05/03/1977,64,3292,16,8.7,0.74,8.5,8.027777778,329.26,331,137
05/03/1977,64,3293,17,8.3,0.77,8,7.555555556,105.04,331,137
05/03/1977,64,3294,18,8.2,0.8,7.7,7.111111111,4.04,331,137
05/03/1977,64,3295,19,8,0.82,7.4,6.75,0,331,137
05/03/1977,64,3296,20,7.6,0.85,7,6.388888889,0,331,137
05/03/1977,64,3297,21,7.4,0.85,6.8,6.25,0,331,137
05/03/1977,64,3298,22,6.9,0.86,6.5,5.916666667,0,331,137
05/03/1977,64,3299,23,6.4,0.86,6.2,5.5,0,331,137
06/03/1977,65,3300,24,5.8,0.86,5.8,4.833333333,0,331,138
06/03/1977,65,3301,1,5.4,0.86,5.5,4.583333333,0,331,138
06/03/1977,65,3302,2,5,0.88,5.2,4.138888889,0,331,138
06/03/1977,65,3303,3,4.6,0.89,4.9,3.527777778,0,331,138
06/03/1977,65,3304,4,4.1,0.91,4.6,3.138888889,0,331,138
06/03/1977,65,3305,5,3.7,0.92,4.3,2.805555556,0,331,138
06/03/1977,65,3306,6,3.4,0.93,4.1,2.805555556,0,331,138
06/03/1977,65,3307,7,3.6,0.94,4.1,2.888888889,36.36,331,138
06/03/1977,65,3308,8,5.1,0.92,4.9,2.833333333,252.5,331,138
06/03/1977,65,3309,9,7.1,0.84,6.5,2.388888889,523.18,331,138
06/03/1977,65,3310,10,8.2,0.76,7.9,2.305555556,763.56,331,138
06/03/1977,65,3311,11,9.1,0.7,9.1,1.5,923.14,331,138
06/03/1977,65,3312,12,9.9,0.65,10.1,1.444444444,1003.94,331,138
06/03/1977,65,3313,13,10.4,0.63,10.6,1.305555556,947.38,331,138
06/03/1977,65,3314,14,10.6,0.62,10.5,0.916666667,743.36,331,138
06/03/1977,65,3315,15,10.5,0.63,10.2,0.722222222,559.54,331,138
06/03/1977,65,3316,16,10.2,0.65,9.6,0.5,393.9,331,138
06/03/1977,65,3317,17,9.4,0.7,8.6,1.111111111,155.54,331,138
06/03/1977,65,3318,18,7.5,0.78,7.4,2.111111111,8.08,331,138
06/03/1977,65,3319,19,6.1,0.84,6.6,2.25,0,331,138
06/03/1977,65,3320,20,5.6,0.85,6.1,2.916666667,0,331,138
06/03/1977,65,3321,21,5.2,0.85,5.7,3.694444444,0,331,138
06/03/1977,65,3322,22,5,0.86,5.4,4,0,331,138
06/03/1977,65,3323,23,4.8,0.86,5.2,4.416666667,0,331,138
07/03/1977,66,3324,24,4.7,0.86,5.1,4.722222222,0,331,139
07/03/1977,66,3325,1,4.6,0.86,4.9,5.027777778,0,331,139
07/03/1977,66,3326,2,4.4,0.85,4.8,5.111111111,0,331,139
07/03/1977,66,3327,3,4.3,0.83,4.6,5.111111111,0,331,139
07/03/1977,66,3328,4,4.1,0.83,4.5,5.305555556,0,331,139
07/03/1977,66,3329,5,4.1,0.81,4.4,5.388888889,0,331,139
07/03/1977,66,3330,6,4.1,0.81,4.4,5.472222222,0,331,139
07/03/1977,66,3331,7,4.6,0.79,4.5,5.638888889,38.38,331,139
07/03/1977,66,3332,8,5.8,0.77,5.2,5.916666667,230.28,331,139
07/03/1977,66,3333,9,7.4,0.72,6.2,6.194444444,418.14,331,139
07/03/1977,66,3334,10,8.9,0.67,7.3,6.527777778,585.8,331,139
07/03/1977,66,3335,11,10.1,0.64,8.1,6.166666667,620.14,331,139
07/03/1977,66,3336,12,11.5,0.6,9,6.305555556,779.72,331,139
07/03/1977,66,3337,13,12.4,0.58,9.7,6.333333333,773.66,331,139
07/03/1977,66,3338,14,13,0.58,10.1,6.277777778,660.54,331,139
07/03/1977,66,3339,15,13.2,0.6,10.3,6.166666667,555.5,331,139
07/03/1977,66,3340,16,12.9,0.61,10.1,6.027777778,391.88,331,139
07/03/1977,66,3341,17,12,0.62,9.5,5.527777778,157.56,331,139
07/03/1977,66,3342,18,10.9,0.66,8.8,4.916666667,8.08,331,139
07/03/1977,66,3343,19,10.1,0.69,8.3,4.944444444,0,331,139
07/03/1977,66,3344,20,9.8,0.74,8,4.861111111,0,331,139
07/03/1977,66,3345,21,9.9,0.8,7.9,5.055555556,0,331,139
07/03/1977,66,3346,22,9.9,0.87,7.9,6.083333333,0,331,139
07/03/1977,66,3347,23,9.5,0.89,8,6.527777778,0,331,139
08/03/1977,67,3348,24,9.2,0.89,8,6.833333333,0,331,140
08/03/1977,67,3349,1,9.2,0.89,8,7.111111111,0,331,140
08/03/1977,67,3350,2,8.8,0.92,7.8,6.444444444,0,331,140
08/03/1977,67,3351,3,8.3,0.92,7.6,6.361111111,0,331,140
08/03/1977,67,3352,4,7.7,0.91,7.3,6.527777778,0,331,140
08/03/1977,67,3353,5,7.1,0.91,7,6.305555556,0,331,140
08/03/1977,67,3354,6,6.7,0.92,6.7,5.916666667,0,331,140
08/03/1977,67,3355,7,7,0.93,6.7,6.305555556,40.4,331,140
08/03/1977,67,3356,8,7.7,0.92,7.1,6.888888889,210.08,331,140
08/03/1977,67,3357,9,8.7,0.84,7.7,7.527777778,418.14,331,140
08/03/1977,67,3358,10,9.3,0.8,8.3,7.222222222,612.06,331,140
08/03/1977,67,3359,11,10,0.74,9,7.361111111,789.82,331,140
08/03/1977,67,3360,12,10.5,0.7,9.6,7.472222222,765.58,331,140
08/03/1977,67,3361,13,11.1,0.65,10.2,6.416666667,808,331,140
08/03/1977,67,3362,14,11.4,0.65,10.6,6.166666667,812.04,331,140
08/03/1977,67,3363,15,11.3,0.67,10.4,5.944444444,624.18,331,140
08/03/1977,67,3364,16,11,0.7,10.1,4.833333333,369.66,331,140
08/03/1977,67,3365,17,10,0.74,9.3,3.888888889,165.64,331,140
08/03/1977,67,3366,18,8.6,0.8,8.3,2.972222222,10.1,331,140
08/03/1977,67,3367,19,7.8,0.86,7.7,2.666666667,0,331,140
08/03/1977,67,3368,20,7.2,0.88,7.1,3.111111111,0,331,140
08/03/1977,67,3369,21,6.9,0.87,6.8,3.5,0,331,140
08/03/1977,67,3370,22,6.6,0.86,6.5,3.416666667,0,331,140
08/03/1977,67,3371,23,6.4,0.86,6.2,3.611111111,0,331,140
09/03/1977,68,3372,24,6.1,0.88,6,3.722222222,0,331,141
09/03/1977,68,3373,1,5.8,0.89,5.8,3.916666667,0,331,141
09/03/1977,68,3374,2,5.4,0.91,5.6,3.694444444,0,331,141
09/03/1977,68,3375,3,5,0.93,5.4,3.611111111,0,331,141
09/03/1977,68,3376,4,4.7,0.94,5.2,3.777777778,0,331,141
09/03/1977,68,3377,5,4.5,0.94,5.1,3.944444444,0,331,141
09/03/1977,68,3378,6,4.4,0.94,4.9,4.305555556,0,331,141
09/03/1977,68,3379,7,5.1,0.93,5.1,4.611111111,46.46,331,141
09/03/1977,68,3380,8,6.5,0.9,5.8,4.972222222,260.58,331,141
09/03/1977,68,3381,9,8.5,0.83,7.2,5.111111111,551.46,331,141
09/03/1977,68,3382,10,10.7,0.76,8.7,5.472222222,785.78,331,141
09/03/1977,68,3383,11,12.6,0.71,10.1,5.611111111,955.46,331,141
09/03/1977,68,3384,12,14.2,0.69,11.3,5.805555556,1038.28,331,141
09/03/1977,68,3385,13,15.4,0.67,12.2,5.888888889,1020.1,331,141
09/03/1977,68,3386,14,16.3,0.66,12.7,6.027777778,904.96,331,141
09/03/1977,68,3387,15,16.6,0.66,12.8,5.888888889,704.98,331,141
09/03/1977,68,3388,16,16.3,0.68,12.6,5.666666667,450.46,331,141
09/03/1977,68,3389,17,15.3,0.69,11.9,5.583333333,183.82,331,141
09/03/1977,68,3390,18,14.2,0.71,11.1,5.638888889,12.12,331,141
09/03/1977,68,3391,19,13.1,0.74,10.6,6,0,331,141
09/03/1977,68,3392,20,12.8,0.74,10.2,6.361111111,0,331,141
09/03/1977,68,3393,21,12.5,0.74,10,6.472222222,0,331,141
09/03/1977,68,3394,22,12.3,0.75,9.8,6.638888889,0,331,141
09/03/1977,68,3395,23,12.2,0.75,9.7,6.861111111,0,331,141
10/03/1977,69,3396,24,12.3,0.76,9.8,7.555555556,0,331,142
10/03/1977,69,3397,1,12.1,0.78,9.8,8.527777778,0,331,142
10/03/1977,69,3398,2,10.4,0.79,9.4,9.222222222,0,331,142
10/03/1977,69,3399,3,8.7,0.77,8.8,8.5,0,331,142
10/03/1977,69,3400,4,7.7,0.77,8.3,7.25,0,331,142
10/03/1977,69,3401,5,7.1,0.77,7.8,6.361111111,0,331,142
10/03/1977,69,3402,6,6.7,0.78,7.4,5.694444444,0,331,142
10/03/1977,69,3403,7,6.3,0.82,7.2,5.277777778,60.6,331,142
10/03/1977,69,3404,8,7,0.82,7.6,5.027777778,303,331,142
10/03/1977,69,3405,9,8.1,0.75,8.5,5.388888889,563.58,331,142
10/03/1977,69,3406,10,9.1,0.68,9.4,5.805555556,822.14,331,142
10/03/1977,69,3407,11,9.8,0.65,10.2,5.194444444,945.36,331,142
10/03/1977,69,3408,12,10.6,0.6,11,4.694444444,985.76,331,142
10/03/1977,69,3409,13,11.2,0.56,11.5,4.444444444,997.88,331,142
10/03/1977,69,3410,14,11.6,0.54,11.6,5.583333333,927.18,331,142
10/03/1977,69,3411,15,12,0.51,11.5,5.277777778,680.74,331,142
10/03/1977,69,3412,16,11.9,0.55,11.1,3.944444444,371.68,331,142
10/03/1977,69,3413,17,11.5,0.59,10.5,3.555555556,171.7,331,142
10/03/1977,69,3414,18,11,0.64,9.9,3.805555556,14.14,331,142
10/03/1977,69,3415,19,9.9,0.72,9.3,4.305555556,0,331,142
10/03/1977,69,3416,20,9.4,0.76,8.9,4.527777778,0,331,142
10/03/1977,69,3417,21,9.1,0.78,8.6,4.805555556,0,331,142
10/03/1977,69,3418,22,9.1,0.78,8.5,5.138888889,0,331,142
10/03/1977,69,3419,23,9.2,0.8,8.4,5.277777778,0,331,142
11/03/1977,70,3420,24,9.4,0.82,8.5,5.444444444,0,331,143
11/03/1977,70,3421,1,9.7,0.83,8.6,5.805555556,0,331,143
11/03/1977,70,3422,2,9.8,0.84,8.7,5.805555556,0,331,143
11/03/1977,70,3423,3,9.8,0.84,8.7,5.694444444,0,331,143
11/03/1977,70,3424,4,9.8,0.85,8.7,5.694444444,0,331,143
11/03/1977,70,3425,5,9.6,0.86,8.6,5.555555556,0,331,143
11/03/1977,70,3426,6,9.3,0.87,8.4,5.444444444,0,331,143
11/03/1977,70,3427,7,9.7,0.87,8.6,5.194444444,30.3,331,143
11/03/1977,70,3428,8,10.4,0.86,9.1,4.777777778,185.84,331,143
11/03/1977,70,3429,9,11.4,0.83,9.9,4.694444444,408.04,331,143
11/03/1977,70,3430,10,12.4,0.79,10.9,5.166666667,523.18,331,143
11/03/1977,70,3431,11,12.4,0.77,11.2,4.805555556,680.74,331,143
11/03/1977,70,3432,12,11.2,0.84,10.8,4.194444444,614.08,331,143
11/03/1977,70,3433,13,10.5,0.87,10.3,4,343.4,331,143
11/03/1977,70,3434,14,10.3,0.87,9.9,3.666666667,189.88,331,143
11/03/1977,70,3435,15,9.8,0.89,9.6,3.277777778,66.66,331,143
11/03/1977,70,3436,16,9.3,0.89,9.2,2.277777778,50.5,331,143
11/03/1977,70,3437,17,8.9,0.9,8.9,1.944444444,50.5,331,143
11/03/1977,70,3438,18,8.4,0.91,8.5,2.666666667,6.06,331,143
11/03/1977,70,3439,19,8,0.92,8.2,3.361111111,0,331,143
11/03/1977,70,3440,20,7.5,0.93,7.8,3.666666667,0,331,143
11/03/1977,70,3441,21,6.7,0.93,7.4,3.777777778,0,331,143
11/03/1977,70,3442,22,6.2,0.94,7,3.694444444,0,331,143
11/03/1977,70,3443,23,5.8,0.94,6.7,3.833333333,0,331,143
12/03/1977,71,3444,24,5.6,0.94,6.5,4.055555556,0,331,144
12/03/1977,71,3445,1,5.4,0.93,6.3,4.111111111,0,331,144
12/03/1977,71,3446,2,5.2,0.93,6.1,3.888888889,0,331,144
12/03/1977,71,3447,3,5.1,0.93,6,3.833333333,0,331,144
12/03/1977,71,3448,4,5.1,0.93,5.9,3.805555556,0,331,144
12/03/1977,71,3449,5,4.7,0.93,5.7,3.722222222,0,331,144
12/03/1977,71,3450,6,4.3,0.94,5.4,3.5,0,331,144
12/03/1977,71,3451,7,4.7,0.94,5.5,3.666666667,70.7,331,144
12/03/1977,71,3452,8,6,0.92,6.3,3.805555556,315.12,331,144
12/03/1977,71,3453,9,7.5,0.85,7.3,4.694444444,575.7,331,144
12/03/1977,71,3454,10,8.4,0.81,8.1,4.75,664.58,331,144
12/03/1977,71,3455,11,9.4,0.72,9,4.944444444,763.56,331,144
12/03/1977,71,3456,12,9.8,0.69,9.4,4.722222222,757.5,331,144
12/03/1977,71,3457,13,10.1,0.67,9.8,4.694444444,803.96,331,144
12/03/1977,71,3458,14,10.1,0.67,9.9,4.111111111,688.82,331,144
12/03/1977,71,3459,15,10.1,0.67,9.9,3.444444444,583.78,331,144
12/03/1977,71,3460,16,9.3,0.73,9.5,2.75,343.4,331,144
12/03/1977,71,3461,17,8.8,0.78,8.8,1.833333333,143.42,331,144
12/03/1977,71,3462,18,7.8,0.83,7.9,1.972222222,16.16,331,144
12/03/1977,71,3463,19,6.2,0.9,6.9,2.305555556,0,331,144
12/03/1977,71,3464,20,5,0.92,5.9,2.222222222,0,331,144
12/03/1977,71,3465,21,4.8,0.92,5.1,1.972222222,0,331,144
12/03/1977,71,3466,22,3.8,0.95,4.5,2.027777778,0,331,144
12/03/1977,71,3467,23,2.6,0.98,4,2.333333333,0,331,144
13/03/1977,72,3468,24,2.1,0.98,3.6,2.416666667,0,331,145
13/03/1977,72,3469,1,1.5,0.99,3.2,2.305555556,0,331,145
13/03/1977,72,3470,2,0.9,1,3,2.138888889,0,331,145
13/03/1977,72,3471,3,0.8,1,3,2.166666667,0,331,145
13/03/1977,72,3472,4,1.2,1,3.2,2.138888889,0,331,145
13/03/1977,72,3473,5,1.5,0.99,3.4,2.166666667,0,331,145
13/03/1977,72,3474,6,1.7,0.99,3.6,2.25,0,331,145
13/03/1977,72,3475,7,2.8,0.99,3.9,2.694444444,66.66,331,145
13/03/1977,72,3476,8,4.3,0.96,4.8,2.777777778,266.64,331,145
13/03/1977,72,3477,9,6.1,0.91,6.1,2.916666667,505,331,145
13/03/1977,72,3478,10,8,0.86,7.6,2.611111111,753.46,331,145
13/03/1977,72,3479,11,9.6,0.78,9,3.027777778,973.64,331,145
13/03/1977,72,3480,12,10.7,0.73,10,3.527777778,933.24,331,145
13/03/1977,72,3481,13,11.1,0.7,10.4,3.666666667,941.32,331,145
13/03/1977,72,3482,14,11.1,0.68,10.4,3.5,822.14,331,145
13/03/1977,72,3483,15,10.7,0.7,10,3.888888889,559.54,331,145
13/03/1977,72,3484,16,9.5,0.76,9.3,4.305555556,327.24,331,145
13/03/1977,72,3485,17,9,0.78,8.5,3.361111111,143.42,331,145
13/03/1977,72,3486,18,8,0.83,7.7,3.222222222,16.16,331,145
13/03/1977,72,3487,19,6.9,0.9,7,3.611111111,0,331,145
13/03/1977,72,3488,20,6.6,0.91,6.6,3.833333333,0,331,145
13/03/1977,72,3489,21,6.5,0.91,6.5,3.916666667,0,331,145
13/03/1977,72,3490,22,6.2,0.91,6.3,4.166666667,0,331,145
13/03/1977,72,3491,23,5.9,0.91,6,4.416666667,0,331,145
14/03/1977,73,3492,24,5.6,0.91,5.8,4.361111111,0,331,146
14/03/1977,73,3493,1,5.3,0.92,5.6,4.527777778,0,331,146
14/03/1977,73,3494,2,5.2,0.92,5.5,4.888888889,0,331,146
14/03/1977,73,3495,3,5.3,0.93,5.5,5.277777778,0,331,146
14/03/1977,73,3496,4,5.8,0.92,5.7,5.722222222,0,331,146
14/03/1977,73,3497,5,6.4,0.91,5.9,6.027777778,0,331,146
14/03/1977,73,3498,6,7.1,0.91,6.2,6.5,0,331,146
14/03/1977,73,3499,7,8.3,0.9,6.6,6.611111111,18.18,331,146
14/03/1977,73,3500,8,8.6,0.88,6.9,6.972222222,52.52,331,146
14/03/1977,73,3501,9,8.4,0.86,6.9,8.277777778,44.44,331,146
14/03/1977,73,3502,10,8.1,0.82,7,7.222222222,230.28,331,146
14/03/1977,73,3503,11,8.8,0.75,7.6,9.25,601.96,331,146
14/03/1977,73,3504,12,9.6,0.67,8.7,9.333333333,848.4,331,146
14/03/1977,73,3505,13,9.9,0.61,9.2,9.583333333,973.64,331,146
14/03/1977,73,3506,14,10,0.59,9.5,9.861111111,846.38,331,146
14/03/1977,73,3507,15,9.6,0.61,9.3,10.11111111,676.7,331,146
14/03/1977,73,3508,16,8.9,0.65,8.8,8,341.38,331,146
14/03/1977,73,3509,17,8,0.68,8.2,8.305555556,197.96,331,146
14/03/1977,73,3510,18,7.2,0.73,7.6,8.055555556,22.22,331,146
14/03/1977,73,3511,19,6.9,0.78,7.1,7.555555556,0,331,146
14/03/1977,73,3512,20,6.6,0.79,6.8,7.583333333,0,331,146
14/03/1977,73,3513,21,5.9,0.82,6.5,7.555555556,0,331,146
14/03/1977,73,3514,22,5.8,0.82,6.3,7.777777778,0,331,146
14/03/1977,73,3515,23,5.3,0.86,6.1,8.027777778,0,331,146
15/03/1977,74,3516,24,5,0.88,5.9,7.388888889,0,331,147
15/03/1977,74,3517,1,4.9,0.89,5.7,6.166666667,0,331,147
15/03/1977,74,3518,2,4.8,0.89,5.5,5.722222222,0,331,147
15/03/1977,74,3519,3,4.7,0.88,5.3,5.138888889,0,331,147
15/03/1977,74,3520,4,4.5,0.88,5.2,4.583333333,0,331,147
15/03/1977,74,3521,5,4.2,0.89,4.9,4.694444444,0,331,147
15/03/1977,74,3522,6,3.9,0.91,4.7,4.527777778,0,331,147
15/03/1977,74,3523,7,4.4,0.92,4.9,4.666666667,90.9,331,147
15/03/1977,74,3524,8,5.7,0.91,5.7,4.694444444,317.14,331,147
15/03/1977,74,3525,9,7.3,0.84,6.8,6.25,569.64,331,147
15/03/1977,74,3526,10,8.6,0.73,7.6,6.833333333,555.5,331,147
15/03/1977,74,3527,11,9.6,0.66,8.4,6.222222222,587.82,331,147
15/03/1977,74,3528,12,10.1,0.65,8.9,6.472222222,688.82,331,147
15/03/1977,74,3529,13,10.5,0.65,9.1,6.166666667,668.62,331,147
15/03/1977,74,3530,14,10.8,0.66,9.4,5.666666667,662.56,331,147
15/03/1977,74,3531,15,11.1,0.64,9.7,5.916666667,535.3,331,147
15/03/1977,74,3532,16,11,0.65,9.5,5.305555556,371.68,331,147
15/03/1977,74,3533,17,10.4,0.66,9.1,5.055555556,171.7,331,147
15/03/1977,74,3534,18,9.7,0.67,8.5,5,18.18,331,147
15/03/1977,74,3535,19,9.6,0.67,8.3,5.472222222,0,331,147
15/03/1977,74,3536,20,9.5,0.65,8.2,6.083333333,0,331,147
15/03/1977,74,3537,21,9.4,0.64,8,6.444444444,0,331,147
15/03/1977,74,3538,22,9.2,0.64,7.9,6.666666667,0,331,147
15/03/1977,74,3539,23,9,0.65,7.9,6.861111111,0,331,147
16/03/1977,75,3540,24,8.7,0.68,7.8,7.138888889,0,331,148
16/03/1977,75,3541,1,8.3,0.74,7.7,6.944444444,0,331,148
16/03/1977,75,3542,2,7.8,0.83,7.5,7.055555556,0,331,148
16/03/1977,75,3543,3,7.9,0.86,7.3,7.555555556,0,331,148
16/03/1977,75,3544,4,8.1,0.84,7.3,7.611111111,0,331,148
16/03/1977,75,3545,5,8.6,0.81,7.4,7.555555556,0,331,148
16/03/1977,75,3546,6,9,0.78,7.5,7.416666667,0,331,148
16/03/1977,75,3547,7,9.7,0.77,7.8,7.111111111,44.44,331,148
16/03/1977,75,3548,8,10.3,0.74,8.2,7.111111111,187.86,331,148
16/03/1977,75,3549,9,11.4,0.69,8.9,7,276.74,331,148
16/03/1977,75,3550,10,12.9,0.65,10.1,6.305555556,359.56,331,148
16/03/1977,75,3551,11,13.9,0.6,11.1,6.388888889,434.3,331,148
16/03/1977,75,3552,12,14,0.6,11.3,6.611111111,539.34,331,148
16/03/1977,75,3553,13,14,0.61,11.4,6.305555556,416.12,331,148
16/03/1977,75,3554,14,14.2,0.62,11.6,5.527777778,464.6,331,148
16/03/1977,75,3555,15,15,0.61,12.1,5,638.32,331,148
16/03/1977,75,3556,16,15.2,0.62,12.1,4.694444444,484.8,331,148
16/03/1977,75,3557,17,14.6,0.64,11.7,3.444444444,179.78,331,148
16/03/1977,75,3558,18,14,0.66,11.3,2.583333333,20.2,331,148
16/03/1977,75,3559,19,12.3,0.73,10.7,2.611111111,0,331,148
16/03/1977,75,3560,20,11.7,0.76,10.2,2.555555556,0,331,148
16/03/1977,75,3561,21,11.2,0.8,9.9,2.138888889,0,331,148
16/03/1977,75,3562,22,10.5,0.84,9.5,2.583333333,0,331,148
16/03/1977,75,3563,23,10.4,0.85,9.3,3.555555556,0,331,148
17/03/1977,76,3564,24,10.4,0.88,9.3,4.027777778,0,331,149
17/03/1977,76,3565,1,9.9,0.91,9.2,4.333333333,0,331,149
17/03/1977,76,3566,2,9.7,0.93,9.1,4.444444444,0,331,149
17/03/1977,76,3567,3,9.5,0.92,8.9,5.305555556,0,331,149
17/03/1977,76,3568,4,9.3,0.92,8.8,5.944444444,0,331,149
17/03/1977,76,3569,5,8.9,0.92,8.6,5.805555556,0,331,149
17/03/1977,76,3570,6,8.6,0.91,8.4,5.666666667,0,331,149
17/03/1977,76,3571,7,8.5,0.9,8.4,5.75,80.8,331,149
17/03/1977,76,3572,8,9.2,0.88,8.8,6.527777778,313.1,331,149
17/03/1977,76,3573,9,9.9,0.83,9.4,7.722222222,575.7,331,149
17/03/1977,76,3574,10,10.9,0.74,10.1,7.916666667,777.7,331,149
17/03/1977,76,3575,11,11.5,0.68,10.8,7.916666667,820.12,331,149
17/03/1977,76,3576,12,12.2,0.61,11.5,7.833333333,913.04,331,149
17/03/1977,76,3577,13,12.6,0.58,11.9,7.444444444,977.68,331,149
17/03/1977,76,3578,14,12.7,0.57,12,6.777777778,805.98,331,149
17/03/1977,76,3579,15,12.6,0.57,11.9,5.75,636.3,331,149
17/03/1977,76,3580,16,12.3,0.6,11.5,4.861111111,424.2,331,149
17/03/1977,76,3581,17,11.6,0.63,10.9,4.055555556,204.02,331,149
17/03/1977,76,3582,18,10.4,0.68,10,3.722222222,28.28,331,149
17/03/1977,76,3583,19,9.3,0.73,9.3,3.722222222,0,331,149
17/03/1977,76,3584,20,8.9,0.75,8.9,3.861111111,0,331,149
17/03/1977,76,3585,21,8.3,0.77,8.4,4.166666667,0,331,149
17/03/1977,76,3586,22,7.8,0.78,8,4.166666667,0,331,149
17/03/1977,76,3587,23,7.6,0.78,7.8,4.305555556,0,331,149
18/03/1977,77,3588,24,7.4,0.78,7.6,4.194444444,0,331,150
18/03/1977,77,3589,1,7,0.8,7.4,4.222222222,0,331,150
18/03/1977,77,3590,2,6.8,0.82,7.2,4,0,331,150
18/03/1977,77,3591,3,6.7,0.83,7.1,3.75,0,331,150
18/03/1977,77,3592,4,6.3,0.86,6.9,3.722222222,0,331,150
18/03/1977,77,3593,5,5.8,0.89,6.6,3.916666667,0,331,150
18/03/1977,77,3594,6,5.6,0.9,6.4,3.916666667,2.02,331,150
18/03/1977,77,3595,7,6.1,0.9,6.6,4.138888889,113.12,331,150
18/03/1977,77,3596,8,7.3,0.87,7.5,4.472222222,357.54,331,150
18/03/1977,77,3597,9,8.6,0.8,8.5,5.472222222,577.72,331,150
18/03/1977,77,3598,10,9.5,0.77,9.3,6.138888889,640.34,331,150
18/03/1977,77,3599,11,9.9,0.74,9.8,6.222222222,614.08,331,150
18/03/1977,77,3600,12,10.3,0.74,10.1,6.055555556,707,331,150
18/03/1977,77,3601,13,10.4,0.75,10.3,5.833333333,624.18,331,150
18/03/1977,77,3602,14,10.3,0.75,10.3,5.527777778,478.74,331,150
18/03/1977,77,3603,15,10,0.74,10.1,5.472222222,440.36,331,150
18/03/1977,77,3604,16,9.9,0.74,9.7,4.722222222,341.38,331,150
18/03/1977,77,3605,17,9.6,0.75,9.3,3.138888889,216.14,331,150
18/03/1977,77,3606,18,8.4,0.8,8.5,3.166666667,36.36,331,150
18/03/1977,77,3607,19,8,0.8,8,3.666666667,0,331,150
18/03/1977,77,3608,20,7.3,0.84,7.6,3.944444444,0,331,150
18/03/1977,77,3609,21,6.8,0.87,7.2,4.111111111,0,331,150
18/03/1977,77,3610,22,6.5,0.89,7,3.75,0,331,150
18/03/1977,77,3611,23,6.5,0.89,6.9,3.888888889,0,331,150
19/03/1977,78,3612,24,6.3,0.9,6.7,3.805555556,0,331,151
19/03/1977,78,3613,1,5.9,0.91,6.5,3.916666667,0,331,151
19/03/1977,78,3614,2,5.6,0.92,6.3,4.111111111,0,331,151
19/03/1977,78,3615,3,5.2,0.93,6.1,4.111111111,0,331,151
19/03/1977,78,3616,4,5,0.94,5.9,4.111111111,0,331,151
19/03/1977,78,3617,5,4.6,0.94,5.6,4.111111111,0,331,151
19/03/1977,78,3618,6,4.5,0.95,5.5,4.194444444,2.02,331,151
19/03/1977,78,3619,7,5.1,0.94,5.7,4.5,105.04,331,151
19/03/1977,78,3620,8,6.3,0.88,6.5,5.805555556,290.88,331,151
19/03/1977,78,3621,9,7.4,0.84,7.3,5.805555556,454.5,331,151
19/03/1977,78,3622,10,8.2,0.79,8,5.416666667,454.5,331,151
19/03/1977,78,3623,11,8.8,0.76,8.5,5.083333333,682.76,331,151
19/03/1977,78,3624,12,9.7,0.74,9.4,4.555555556,810.02,331,151
19/03/1977,78,3625,13,10.3,0.73,10.2,4.388888889,858.5,331,151
19/03/1977,78,3626,14,10.5,0.72,10.4,4.388888889,747.4,331,151
19/03/1977,78,3627,15,10.3,0.72,10.2,4.083333333,545.4,331,151
19/03/1977,78,3628,16,10.1,0.73,9.7,3.305555556,335.32,331,151
19/03/1977,78,3629,17,9,0.78,9.1,2.416666667,181.8,331,151
19/03/1977,78,3630,18,8,0.82,8.2,2.222222222,34.34,331,151
19/03/1977,78,3631,19,7,0.84,7.4,2.027777778,0,331,151
19/03/1977,78,3632,20,6.2,0.89,6.9,2,0,331,151
19/03/1977,78,3633,21,5.6,0.91,6.5,2,0,331,151
19/03/1977,78,3634,22,5,0.93,6,2.166666667,0,331,151
19/03/1977,78,3635,23,4.4,0.95,5.6,1.944444444,0,331,151
20/03/1977,79,3636,24,3.7,0.96,5.2,1.944444444,0,331,152
20/03/1977,79,3637,1,3.1,0.97,4.8,1.861111111,0,331,152
20/03/1977,79,3638,2,2.5,0.98,4.3,2.055555556,0,331,152
20/03/1977,79,3639,3,2,0.99,3.9,2.055555556,0,331,152
20/03/1977,79,3640,4,1.9,0.99,3.8,2.055555556,0,331,152
20/03/1977,79,3641,5,1.7,1,3.6,1.833333333,0,331,152
20/03/1977,79,3642,6,1.9,1,3.7,1.722222222,2.02,331,152
20/03/1977,79,3643,7,3.2,0.98,4.3,1.805555556,105.04,331,152
20/03/1977,79,3644,8,5.2,0.96,6,1.722222222,307.04,331,152
20/03/1977,79,3645,9,6.8,0.94,7.1,2,517.12,331,152
20/03/1977,79,3646,10,8.3,0.88,8.3,2.222222222,761.54,331,152
20/03/1977,79,3647,11,9.6,0.79,9.6,2.527777778,1016.06,331,152
20/03/1977,79,3648,12,10.5,0.77,10.6,3.027777778,1161.5,331,152
20/03/1977,79,3649,13,10.9,0.76,11.1,3.416666667,1060.5,331,152
20/03/1977,79,3650,14,10.9,0.73,11.1,3.777777778,805.98,331,152
20/03/1977,79,3651,15,10.6,0.72,10.7,3.777777778,610.04,331,152
20/03/1977,79,3652,16,10.1,0.71,10.1,4.611111111,454.5,331,152
20/03/1977,79,3653,17,9.1,0.76,9.2,5.111111111,161.6,331,152
20/03/1977,79,3654,18,7.8,0.82,8.3,4.527777778,34.34,331,152
20/03/1977,79,3655,19,7.3,0.88,7.8,4.805555556,0,331,152
20/03/1977,79,3656,20,6.8,0.91,7.4,5.361111111,0,331,152
20/03/1977,79,3657,21,6.3,0.93,7.1,5.666666667,0,331,152
20/03/1977,79,3658,22,5.8,0.94,6.8,5.666666667,0,331,152
20/03/1977,79,3659,23,5.4,0.94,6.5,5.805555556,0,331,152
21/03/1977,80,3660,24,5.1,0.94,6.3,5.75,0,331,153
21/03/1977,80,3661,1,5.1,0.93,6.2,5.833333333,0,331,153
21/03/1977,80,3662,2,4.9,0.93,6,5.888888889,0,331,153
21/03/1977,80,3663,3,4.8,0.94,5.8,5.916666667,0,331,153
21/03/1977,80,3664,4,4.7,0.94,5.7,5.833333333,0,331,153
21/03/1977,80,3665,5,4.5,0.94,5.5,5.861111111,0,331,153
21/03/1977,80,3666,6,4.5,0.94,5.5,5.861111111,2.02,331,153
21/03/1977,80,3667,7,5.3,0.92,5.8,6.805555556,74.74,331,153
21/03/1977,80,3668,8,6.2,0.88,6.4,6.75,183.82,331,153
21/03/1977,80,3669,9,7.1,0.85,7,6.75,327.24,331,153
21/03/1977,80,3670,10,8.1,0.8,7.8,6.388888889,513.08,331,153
21/03/1977,80,3671,11,8.9,0.75,8.5,6.277777778,624.18,331,153
21/03/1977,80,3672,12,9.3,0.72,8.9,6.111111111,515.1,331,153
21/03/1977,80,3673,13,9.4,0.71,9,5.916666667,442.38,331,153
21/03/1977,80,3674,14,9.3,0.71,9,5.583333333,343.4,331,153
21/03/1977,80,3675,15,9.2,0.7,8.9,5.277777778,311.08,331,153
21/03/1977,80,3676,16,9.1,0.7,8.7,4.916666667,236.34,331,153
21/03/1977,80,3677,17,8.8,0.7,8.4,4.666666667,133.32,331,153
21/03/1977,80,3678,18,8.2,0.72,7.9,4.472222222,22.22,331,153
21/03/1977,80,3679,19,7.4,0.75,7.5,4.333333333,0,331,153
21/03/1977,80,3680,20,6.9,0.78,7.2,4.305555556,0,331,153
21/03/1977,80,3681,21,6.5,0.81,6.9,4.416666667,0,331,153
21/03/1977,80,3682,22,6.2,0.82,6.7,4.416666667,0,331,153
21/03/1977,80,3683,23,5.6,0.86,6.4,4.75,0,331,153
22/03/1977,81,3684,24,5.2,0.86,6.1,5.194444444,0,331,154
22/03/1977,81,3685,1,4.8,0.88,5.9,5.694444444,0,331,154
22/03/1977,81,3686,2,4.6,0.89,5.8,5.694444444,0,331,154
22/03/1977,81,3687,3,4.5,0.9,5.7,5.944444444,0,331,154
22/03/1977,81,3688,4,4.5,0.9,5.6,5.888888889,0,331,154
22/03/1977,81,3689,5,4.6,0.9,5.6,5.638888889,0,331,154
22/03/1977,81,3690,6,4.8,0.9,5.6,5.5,2.02,331,154
22/03/1977,81,3691,7,5,0.92,5.7,5.222222222,26.26,331,154
22/03/1977,81,3692,8,5.6,0.9,5.9,5.527777778,86.86,331,154
22/03/1977,81,3693,9,6.3,0.9,6.2,5.055555556,165.64,331,154
22/03/1977,81,3694,10,7.4,0.86,6.9,4.611111111,286.84,331,154
22/03/1977,81,3695,11,8.4,0.79,7.6,4.5,347.44,331,154
22/03/1977,81,3696,12,9,0.75,8.1,4.444444444,345.42,331,154
22/03/1977,81,3697,13,9.4,0.73,8.5,4.805555556,395.92,331,154
22/03/1977,81,3698,14,9.3,0.76,8.5,5,303,331,154
22/03/1977,81,3699,15,9.3,0.77,8.6,4.722222222,363.6,331,154
22/03/1977,81,3700,16,9.2,0.79,8.6,4.25,325.22,331,154
22/03/1977,81,3701,17,8.6,0.82,8.2,4.083333333,149.48,331,154
22/03/1977,81,3702,18,8,0.84,7.7,3.833333333,34.34,331,154
22/03/1977,81,3703,19,6.7,0.88,7.1,3.805555556,0,331,154
22/03/1977,81,3704,20,6.3,0.89,6.7,3.583333333,0,331,154
22/03/1977,81,3705,21,5.7,0.91,6.2,3.444444444,0,331,154
22/03/1977,81,3706,22,5.4,0.92,6,3.611111111,0,331,154
22/03/1977,81,3707,23,5.2,0.93,5.7,3.638888889,0,331,154
23/03/1977,82,3708,24,4.9,0.94,5.5,3.416666667,0,331,155
23/03/1977,82,3709,1,4.9,0.94,5.5,3.333333333,0,331,155
23/03/1977,82,3710,2,5,0.94,5.4,3.361111111,0,331,155
23/03/1977,82,3711,3,5,0.94,5.4,3.583333333,0,331,155
23/03/1977,82,3712,4,5.2,0.94,5.4,3.638888889,0,331,155
23/03/1977,82,3713,5,5.5,0.94,5.5,3.805555556,0,331,155
23/03/1977,82,3714,6,5.7,0.93,5.7,4.027777778,6.06,331,155
23/03/1977,82,3715,7,5.9,0.93,5.9,4.416666667,109.08,331,155
23/03/1977,82,3716,8,6.8,0.88,6.6,5.944444444,315.12,331,155
23/03/1977,82,3717,9,7.7,0.84,7.4,6.277777778,468.64,331,155
23/03/1977,82,3718,10,8.7,0.81,8.2,6.138888889,559.54,331,155
23/03/1977,82,3719,11,9.4,0.8,8.8,6.25,438.34,331,155
23/03/1977,82,3720,12,9.5,0.81,8.7,6.277777778,276.74,331,155
23/03/1977,82,3721,13,9.8,0.81,8.7,6.111111111,220.18,331,155
23/03/1977,82,3722,14,9.9,0.82,8.6,6.861111111,195.94,331,155
23/03/1977,82,3723,15,10.2,0.82,8.7,7.5,147.46,331,155
23/03/1977,82,3724,16,10.3,0.81,8.7,6.861111111,125.24,331,155
23/03/1977,82,3725,17,10.2,0.81,8.6,6.027777778,82.82,331,155
23/03/1977,82,3726,18,10,0.81,8.4,6.027777778,42.42,331,155
23/03/1977,82,3727,19,9.3,0.81,8.1,6.111111111,0,331,155
23/03/1977,82,3728,20,8.8,0.83,7.8,5.944444444,0,331,155
23/03/1977,82,3729,21,8.4,0.86,7.5,5.833333333,0,331,155
23/03/1977,82,3730,22,8.2,0.87,7.4,4.972222222,0,331,155
23/03/1977,82,3731,23,8.1,0.88,7.3,4.888888889,0,331,155
24/03/1977,83,3732,24,7.9,0.9,7.2,4.972222222,0,331,156
24/03/1977,83,3733,1,7.6,0.91,7.1,4.611111111,0,331,156
24/03/1977,83,3734,2,7.3,0.92,6.9,3.972222222,0,331,156
24/03/1977,83,3735,3,6.8,0.93,6.6,3.25,0,331,156
24/03/1977,83,3736,4,6.5,0.94,6.5,2.611111111,0,331,156
24/03/1977,83,3737,5,6.3,0.94,6.3,2.111111111,0,331,156
24/03/1977,83,3738,6,6,0.95,6.2,2.166666667,8.08,331,156
24/03/1977,83,3739,7,6.8,0.94,6.5,2.416666667,129.28,331,156
24/03/1977,83,3740,8,9,0.88,7.9,1.833333333,395.92,331,156
24/03/1977,83,3741,9,11.3,0.83,9.7,1.611111111,700.94,331,156
24/03/1977,83,3742,10,13.3,0.78,11.4,1.777777778,967.58,331,156
24/03/1977,83,3743,11,14.8,0.76,12.8,2.666666667,1129.18,331,156
24/03/1977,83,3744,12,15.5,0.75,13.7,3.194444444,1086.76,331,156
24/03/1977,83,3745,13,15.6,0.75,14,3.611111111,1074.64,331,156
24/03/1977,83,3746,14,15.5,0.75,14.1,3.583333333,917.08,331,156
24/03/1977,83,3747,15,14.8,0.76,13.8,4.027777778,646.4,331,156
24/03/1977,83,3748,16,13.5,0.8,12.9,3.5,416.12,331,156
24/03/1977,83,3749,17,12,0.84,11.9,3.055555556,197.96,331,156
24/03/1977,83,3750,18,10.2,0.89,10.7,3.111111111,42.42,331,156
24/03/1977,83,3751,19,8.7,0.92,9.9,3.194444444,0,331,156
24/03/1977,83,3752,20,8.1,0.94,9.3,3.694444444,0,331,156
24/03/1977,83,3753,21,7.6,0.94,8.9,3.805555556,0,331,156
24/03/1977,83,3754,22,7.2,0.95,8.5,3.555555556,0,331,156
24/03/1977,83,3755,23,7,0.94,8.3,3.805555556,0,331,156
25/03/1977,84,3756,24,6.9,0.93,8.1,3.888888889,0,331,157
25/03/1977,84,3757,1,6.9,0.92,8,3.833333333,0,331,157
25/03/1977,84,3758,2,6.7,0.92,7.8,3.805555556,0,331,157
25/03/1977,84,3759,3,6.5,0.92,7.6,3.777777778,0,331,157
25/03/1977,84,3760,4,6.3,0.9,7.5,3.944444444,0,331,157
25/03/1977,84,3761,5,6,0.9,7.3,3.944444444,0,331,157
25/03/1977,84,3762,6,6,0.87,7.2,3.666666667,4.04,331,157
25/03/1977,84,3763,7,6,0.85,7.2,3.666666667,62.62,331,157
25/03/1977,84,3764,8,6,0.82,7.3,3.805555556,157.56,331,157
25/03/1977,84,3765,9,6.1,0.8,7.5,4,349.46,331,157
25/03/1977,84,3766,10,6.3,0.78,7.8,4.027777778,319.16,331,157
25/03/1977,84,3767,11,6.5,0.76,8.1,3.944444444,343.4,331,157
25/03/1977,84,3768,12,6.8,0.75,8.5,3.75,480.76,331,157
25/03/1977,84,3769,13,6.9,0.73,8.7,3.694444444,438.34,331,157
25/03/1977,84,3770,14,7.1,0.71,8.8,3.472222222,389.86,331,157
25/03/1977,84,3771,15,7.2,0.69,8.8,3.25,361.58,331,157
25/03/1977,84,3772,16,7.1,0.68,8.5,2.805555556,260.58,331,157
25/03/1977,84,3773,17,6.9,0.67,8.1,2.027777778,135.34,331,157
25/03/1977,84,3774,18,6.6,0.7,7.6,1,34.34,331,157
25/03/1977,84,3775,19,6.1,0.81,7.1,0.944444444,0,331,157
25/03/1977,84,3776,20,6.2,0.77,6.4,0.972222222,0,331,157
25/03/1977,84,3777,21,5.2,0.84,5.7,1.138888889,0,331,157
25/03/1977,84,3778,22,4.2,0.88,5,1.055555556,0,331,157
25/03/1977,84,3779,23,3.2,0.92,4.4,1.055555556,0,331,157
26/03/1977,85,3780,24,2.9,0.93,3.9,1.333333333,0,331,158
26/03/1977,85,3781,1,2.7,0.93,3.6,1.527777778,0,331,158
26/03/1977,85,3782,2,2.3,0.95,3.4,1.805555556,0,331,158
26/03/1977,85,3783,3,2.4,0.95,3.3,1.833333333,0,331,158
26/03/1977,85,3784,4,2.6,0.95,3.3,2.138888889,0,331,158
26/03/1977,85,3785,5,2.3,0.96,3.3,2.222222222,0,331,158
26/03/1977,85,3786,6,2.4,0.98,3.4,1.888888889,12.12,331,158
26/03/1977,85,3787,7,3.9,0.97,4.4,2.083333333,167.66,331,158
26/03/1977,85,3788,8,5.5,0.91,5.7,2.055555556,432.28,331,158
26/03/1977,85,3789,9,6.6,0.81,7,2.444444444,660.54,331,158
26/03/1977,85,3790,10,7.7,0.75,8.4,2.833333333,925.16,331,158
26/03/1977,85,3791,11,8.6,0.7,9.4,2.444444444,1042.32,331,158
26/03/1977,85,3792,12,9.3,0.67,10.2,3.166666667,1030.2,331,158
26/03/1977,85,3793,13,9.9,0.64,10.6,3.694444444,787.8,331,158
26/03/1977,85,3794,14,10.1,0.63,10.8,3.888888889,571.66,331,158
26/03/1977,85,3795,15,10.1,0.63,10.5,3.583333333,494.9,331,158
26/03/1977,85,3796,16,9.8,0.64,9.8,3.083333333,337.34,331,158
26/03/1977,85,3797,17,9.3,0.68,9.2,2.611111111,143.42,331,158
26/03/1977,85,3798,18,8.5,0.72,8.5,3.388888889,26.26,331,158
26/03/1977,85,3799,19,8,0.76,8.1,4.111111111,0,331,158
26/03/1977,85,3800,20,7.6,0.79,7.7,4.305555556,0,331,158
26/03/1977,85,3801,21,7,0.81,7.4,4.583333333,0,331,158
26/03/1977,85,3802,22,6.5,0.83,7.1,4.75,0,331,158
26/03/1977,85,3803,23,6.1,0.85,6.8,4.722222222,0,331,158
27/03/1977,86,3804,24,5.7,0.88,6.5,4.833333333,0,331,159
27/03/1977,86,3805,1,5.3,0.91,6.3,4.638888889,0,331,159
27/03/1977,86,3806,2,5,0.92,6.2,4.638888889,0,331,159
27/03/1977,86,3807,3,4.7,0.92,6,4.5,0,331,159
27/03/1977,86,3808,4,4.5,0.93,5.9,4.361111111,0,331,159
27/03/1977,86,3809,5,4.3,0.93,5.7,4.305555556,0,331,159
27/03/1977,86,3810,6,4.1,0.93,5.6,4.083333333,2.02,331,159
27/03/1977,86,3811,7,4.1,0.92,5.5,3.972222222,40.4,331,159
27/03/1977,86,3812,8,4.2,0.92,5.6,4.194444444,86.86,331,159
27/03/1977,86,3813,9,4.3,0.9,5.8,4.083333333,171.7,331,159
27/03/1977,86,3814,10,4.9,0.88,6.3,3.916666667,246.44,331,159
27/03/1977,86,3815,11,5.6,0.84,6.9,3.75,313.1,331,159
27/03/1977,86,3816,12,5.7,0.85,7,3.611111111,222.2,331,159
27/03/1977,86,3817,13,5.8,0.86,7.1,3.5,248.46,331,159
27/03/1977,86,3818,14,5.9,0.86,7.2,3.527777778,208.06,331,159
27/03/1977,86,3819,15,5.6,0.88,6.9,3.611111111,111.1,331,159
27/03/1977,86,3820,16,5.4,0.88,6.7,3.833333333,86.86,331,159
27/03/1977,86,3821,17,5,0.89,6.3,4,46.46,331,159
27/03/1977,86,3822,18,4.4,0.9,5.8,4.333333333,14.14,331,159
27/03/1977,86,3823,19,3.5,0.93,5.4,4.527777778,0,331,159
27/03/1977,86,3824,20,2.8,0.96,5.1,5,0,331,159
27/03/1977,86,3825,21,2.2,0.98,4.8,5.583333333,0,331,159
27/03/1977,86,3826,22,1.5,0.97,4.4,7.75,0,331,159
27/03/1977,86,3827,23,1.4,0.93,4.1,7.75,0,331,159
28/03/1977,87,3828,24,1.7,0.88,3.9,7.416666667,0,331,160
28/03/1977,87,3829,1,1.9,0.79,3.7,6.833333333,0,331,160
28/03/1977,87,3830,2,1.8,0.73,3.4,5.916666667,0,331,160
28/03/1977,87,3831,3,1.4,0.7,3.1,5.333333333,0,331,160
28/03/1977,87,3832,4,0.9,0.7,2.7,5.138888889,0,331,160
28/03/1977,87,3833,5,0.7,0.69,2.4,4.972222222,0,331,160
28/03/1977,87,3834,6,0.7,0.7,2.2,4.888888889,22.22,331,160
28/03/1977,87,3835,7,1.9,0.68,2.8,5.5,204.02,331,160
28/03/1977,87,3836,8,2.9,0.66,3.7,7.027777778,454.5,331,160
28/03/1977,87,3837,9,3.4,0.72,4.7,8.25,729.22,331,160
28/03/1977,87,3838,10,3.7,0.77,5.4,8.361111111,884.76,331,160
28/03/1977,87,3839,11,3.9,0.79,5.8,9.555555556,979.7,331,160
28/03/1977,87,3840,12,4.2,0.76,6.2,10.33333333,1068.58,331,160
28/03/1977,87,3841,13,4.3,0.73,6.4,10.5,1060.5,331,160
28/03/1977,87,3842,14,4.2,0.67,6.4,10.5,900.92,331,160
28/03/1977,87,3843,15,3.7,0.67,6.2,10.91666667,812.04,331,160
28/03/1977,87,3844,16,3,0.72,5.7,10.91666667,597.92,331,160
28/03/1977,87,3845,17,2.8,0.67,5,10.5,337.34,331,160
28/03/1977,87,3846,18,2.5,0.62,4.3,10,76.76,331,160
28/03/1977,87,3847,19,1.9,0.63,3.7,9.444444444,0,331,160
28/03/1977,87,3848,20,1.8,0.6,3.4,8.944444444,0,331,160
28/03/1977,87,3849,21,1.7,0.58,3.1,8.277777778,0,331,160
28/03/1977,87,3850,22,1.5,0.56,2.9,7.611111111,0,331,160
28/03/1977,87,3851,23,1.2,0.54,2.7,6.805555556,0,331,160
29/03/1977,88,3852,24,0.9,0.53,2.4,5.916666667,0,331,161
29/03/1977,88,3853,1,0.6,0.54,2.1,5.194444444,0,331,161
29/03/1977,88,3854,2,0.3,0.57,1.9,4.611111111,0,331,161
29/03/1977,88,3855,3,0,0.61,1.7,4.361111111,0,331,161
29/03/1977,88,3856,4,-0.1,0.64,1.4,4.25,0,331,161
29/03/1977,88,3857,5,-0.3,0.66,1.2,3.777777778,0,331,161
29/03/1977,88,3858,6,-0.3,0.67,1.1,3.416666667,26.26,331,161
29/03/1977,88,3859,7,0.1,0.72,1.6,3.25,236.34,331,161
29/03/1977,88,3860,8,1.5,0.62,2.9,3.361111111,537.32,331,161
29/03/1977,88,3861,9,2.3,0.55,4.1,3.277777778,801.94,331,161
29/03/1977,88,3862,10,3,0.51,5.2,3.083333333,1032.22,331,161
29/03/1977,88,3863,11,3.6,0.48,6,3.083333333,1082.72,331,161
29/03/1977,88,3864,12,4.1,0.47,6.7,3.138888889,1177.66,331,161
29/03/1977,88,3865,13,4.4,0.47,7,3.361111111,1133.22,331,161
29/03/1977,88,3866,14,4.5,0.46,7,3.722222222,1018.08,331,161
29/03/1977,88,3867,15,4.5,0.47,6.7,3.805555556,810.02,331,161
29/03/1977,88,3868,16,4.2,0.47,6.1,3.694444444,541.36,331,161
29/03/1977,88,3869,17,3.8,0.5,5.5,3.166666667,321.18,331,161
29/03/1977,88,3870,18,2.8,0.55,4.5,2.416666667,94.94,331,161
29/03/1977,88,3871,19,1.8,0.62,3.5,2.444444444,0,331,161
29/03/1977,88,3872,20,1.1,0.65,2.8,2.555555556,0,331,161
29/03/1977,88,3873,21,0.5,0.68,2.3,2.638888889,0,331,161
29/03/1977,88,3874,22,-0.2,0.7,1.8,2.611111111,0,331,161
29/03/1977,88,3875,23,-0.7,0.71,1.4,2.527777778,0,331,161
30/03/1977,89,3876,24,-1.3,0.71,1,2.5,0,331,162
30/03/1977,89,3877,1,-1.7,0.71,0.7,2.638888889,0,331,162
30/03/1977,89,3878,2,-2.1,0.72,0.6,2.694444444,0,331,162
30/03/1977,89,3879,3,-2.3,0.72,0.5,2.555555556,0,331,162
30/03/1977,89,3880,4,-2.6,0.74,0.4,2.555555556,0,331,162
30/03/1977,89,3881,5,-2.8,0.75,0.4,2.611111111,0,331,162
30/03/1977,89,3882,6,-2.8,0.77,0.3,2.777777778,32.32,331,162
30/03/1977,89,3883,7,-1.3,0.76,0.4,3.111111111,258.56,331,162
30/03/1977,89,3884,8,0.3,0.68,0.6,3.416666667,573.68,331,162
30/03/1977,89,3885,9,1.4,0.54,1,4.222222222,878.7,331,162
30/03/1977,89,3886,10,2.2,0.48,2.8,4.722222222,1121.1,331,162
30/03/1977,89,3887,11,2.8,0.45,4.2,5.25,1286.74,331,162
30/03/1977,89,3888,12,3.3,0.43,5.2,5.555555556,1369.56,331,162
30/03/1977,89,3889,13,3.7,0.42,5.8,5.388888889,1343.3,331,162
30/03/1977,89,3890,14,3.9,0.42,6,5.611111111,1214.02,331,162
30/03/1977,89,3891,15,3.8,0.42,5.9,5.722222222,997.88,331,162
30/03/1977,89,3892,16,3.4,0.43,5.4,5.805555556,711.04,331,162
30/03/1977,89,3893,17,2.8,0.45,4.6,5.444444444,391.88,331,162
30/03/1977,89,3894,18,1.6,0.49,3.5,4.972222222,107.06,331,162
30/03/1977,89,3895,19,0.4,0.52,2.5,4.638888889,0,331,162
30/03/1977,89,3896,20,-0.4,0.55,1.8,4.111111111,0,331,162
30/03/1977,89,3897,21,-1.2,0.59,1.2,4.444444444,0,331,162
30/03/1977,89,3898,22,-1.6,0.6,0.8,4.25,0,331,162
30/03/1977,89,3899,23,-2,0.61,0.6,4.388888889,0,331,162
31/03/1977,90,3900,24,-2.3,0.61,0.5,4.666666667,0,331,163
31/03/1977,90,3901,1,-2.7,0.62,0.5,4.527777778,0,331,163
31/03/1977,90,3902,2,-3,0.64,0.4,4.472222222,0,331,163
31/03/1977,90,3903,3,-3.2,0.65,0.3,4.333333333,0,331,163
31/03/1977,90,3904,4,-3.5,0.67,0.2,4.333333333,0,331,163
31/03/1977,90,3905,5,-3.7,0.68,0.2,4.75,0,331,163
31/03/1977,90,3906,6,-3.6,0.69,0.1,5.083333333,36.36,331,163
31/03/1977,90,3907,7,-2.2,0.68,0.2,5.361111111,274.72,331,163
31/03/1977,90,3908,8,-0.8,0.63,0.3,5.722222222,593.88,331,163
31/03/1977,90,3909,9,0.4,0.58,0.5,5.888888889,898.9,331,163
31/03/1977,90,3910,10,1.6,0.56,0.8,5.972222222,1151.4,331,163
31/03/1977,90,3911,11,2.7,0.54,1.6,5.916666667,1310.98,331,163
31/03/1977,90,3912,12,3.7,0.51,3.4,5.972222222,1365.52,331,163
31/03/1977,90,3913,13,4.4,0.5,4.5,5.805555556,1280.68,331,163
31/03/1977,90,3914,14,4.8,0.5,4.9,5.916666667,1072.62,331,163
31/03/1977,90,3915,15,5,0.5,4.9,6,739.32,331,163
31/03/1977,90,3916,16,5.2,0.51,4.7,6.194444444,549.44,331,163
31/03/1977,90,3917,17,4.9,0.54,4.4,5.916666667,294.92,331,163
31/03/1977,90,3918,18,4.6,0.56,4,6.111111111,60.6,331,163
31/03/1977,90,3919,19,4,0.58,3.6,6.861111111,0,331,163
31/03/1977,90,3920,20,4.1,0.58,3.5,7.305555556,0,331,163
31/03/1977,90,3921,21,4.2,0.58,3.5,7.916666667,0,331,163
31/03/1977,90,3922,22,3.8,0.65,3.5,7.805555556,0,331,163
31/03/1977,90,3923,23,3.6,0.75,3.4,8.472222222,0,331,163
01/04/1977,91,3924,24,3.6,0.81,3.2,8.777777778,0,331,164
01/04/1977,91,3925,1,3.8,0.87,3.3,9.083333333,0,331,164
01/04/1977,91,3926,2,4.3,0.89,3.5,9.138888889,0,331,164
01/04/1977,91,3927,3,4.9,0.9,3.8,9.222222222,0,331,164
01/04/1977,91,3928,4,5.5,0.91,4,9.305555556,0,331,164
01/04/1977,91,3929,5,6,0.92,4.3,9.166666667,0,331,164
01/04/1977,91,3930,6,6.5,0.91,4.6,9.305555556,6.06,331,164
01/04/1977,91,3931,7,6.3,0.93,4.8,8.666666667,50.5,331,164
01/04/1977,91,3932,8,7.2,0.92,5.1,9.277777778,129.28,331,164
01/04/1977,91,3933,9,7.6,0.93,5.5,9.166666667,202,331,164
01/04/1977,91,3934,10,7.8,0.94,5.8,8.361111111,238.36,331,164
01/04/1977,91,3935,11,8,0.94,6.1,8.916666667,284.82,331,164
01/04/1977,91,3936,12,8.6,0.94,6.4,8.888888889,220.18,331,164
01/04/1977,91,3937,13,9.2,0.94,6.7,8.833333333,149.48,331,164
01/04/1977,91,3938,14,9.7,0.92,6.9,8.805555556,117.16,331,164
01/04/1977,91,3939,15,10.2,0.9,7.1,8.888888889,143.42,331,164
01/04/1977,91,3940,16,10.3,0.9,7.2,9.944444444,80.8,331,164
01/04/1977,91,3941,17,10.2,0.9,7.2,10.11111111,28.28,331,164
01/04/1977,91,3942,18,9.8,0.91,7.2,10.13888889,6.06,331,164
01/04/1977,91,3943,19,8.9,0.86,6.8,10.55555556,0,331,164
01/04/1977,91,3944,20,8.2,0.83,6.5,10.5,0,331,164
01/04/1977,91,3945,21,7.5,0.79,6.1,10.11111111,0,331,164
01/04/1977,91,3946,22,7.2,0.74,5.9,9.75,0,331,164
01/04/1977,91,3947,23,6.9,0.73,5.7,9.277777778,0,331,164
02/04/1977,92,3948,24,6.6,0.72,5.6,9.055555556,0,331,165
02/04/1977,92,3949,1,6.3,0.72,5.4,9.166666667,0,331,165
02/04/1977,92,3950,2,5.9,0.73,5.2,9.361111111,0,331,165
02/04/1977,92,3951,3,5.7,0.75,5.1,8.916666667,0,331,165
02/04/1977,92,3952,4,5.5,0.76,5,9.027777778,0,331,165
02/04/1977,92,3953,5,5.3,0.76,4.9,8.805555556,0,331,165
02/04/1977,92,3954,6,5.2,0.76,4.9,9,40.4,331,165
02/04/1977,92,3955,7,5.7,0.76,5.3,9.194444444,220.18,331,165
02/04/1977,92,3956,8,6.4,0.71,6,11.05555556,444.4,331,165
02/04/1977,92,3957,9,6.9,0.68,6.5,11.41666667,654.48,331,165
02/04/1977,92,3958,10,7.2,0.65,7,10.55555556,777.7,331,165
02/04/1977,92,3959,11,7.4,0.64,7.3,10.55555556,805.98,331,165
02/04/1977,92,3960,12,7.7,0.63,7.7,10.44444444,876.68,331,165
02/04/1977,92,3961,13,7.8,0.64,7.8,10.47222222,676.7,331,165
02/04/1977,92,3962,14,8,0.63,8.1,9.75,898.9,331,165
02/04/1977,92,3963,15,8.2,0.6,8.1,9.222222222,713.06,331,165
02/04/1977,92,3964,16,8.1,0.6,7.9,8.194444444,553.48,331,165
02/04/1977,92,3965,17,7.8,0.62,7.6,6.972222222,331.28,331,165
02/04/1977,92,3966,18,7,0.66,7,5.805555556,103.02,331,165
02/04/1977,92,3967,19,6,0.69,6.2,4.527777778,0,331,165
02/04/1977,92,3968,20,5.3,0.72,5.7,4.416666667,0,331,165
02/04/1977,92,3969,21,5,0.73,5.3,4.472222222,0,331,165
02/04/1977,92,3970,22,4.7,0.75,5.1,4.111111111,0,331,165
02/04/1977,92,3971,23,4.5,0.76,4.9,4.111111111,0,331,165
03/04/1977,93,3972,24,4.5,0.77,4.8,3.666666667,0,331,166
03/04/1977,93,3973,1,4.4,0.78,4.8,2.861111111,0,331,166
03/04/1977,93,3974,2,4.2,0.8,4.7,2.027777778,0,331,166
03/04/1977,93,3975,3,3.8,0.82,4.5,2.305555556,0,331,166
03/04/1977,93,3976,4,3.4,0.86,4.2,1.555555556,0,331,166
03/04/1977,93,3977,5,2.7,0.91,3.9,1.444444444,0,331,166
03/04/1977,93,3978,6,2.7,0.91,3.8,1.694444444,24.24,331,166
03/04/1977,93,3979,7,3.6,0.89,4.2,1.916666667,82.82,331,166
03/04/1977,93,3980,8,4.6,0.85,4.9,2.194444444,171.7,331,166
03/04/1977,93,3981,9,5.6,0.8,5.7,2.888888889,298.96,331,166
03/04/1977,93,3982,10,6.1,0.77,6.2,3.916666667,414.1,331,166
03/04/1977,93,3983,11,6.4,0.73,6.5,4.972222222,476.72,331,166
03/04/1977,93,3984,12,6.2,0.77,6.5,5.333333333,488.84,331,166
03/04/1977,93,3985,13,6.5,0.79,6.7,5.611111111,509.04,331,166
03/04/1977,93,3986,14,6.9,0.78,7,5.888888889,541.36,331,166
03/04/1977,93,3987,15,6.6,0.76,6.9,5.944444444,474.7,331,166
03/04/1977,93,3988,16,6.4,0.73,6.6,5.805555556,272.7,331,166
03/04/1977,93,3989,17,6,0.75,6.2,5.472222222,167.66,331,166
03/04/1977,93,3990,18,5.5,0.77,5.8,5.055555556,72.72,331,166
03/04/1977,93,3991,19,4.7,0.78,5.3,4.138888889,2.02,331,166
03/04/1977,93,3992,20,4.2,0.8,4.8,3.416666667,0,331,166
03/04/1977,93,3993,21,3.7,0.83,4.5,3.25,0,331,166
03/04/1977,93,3994,22,3.3,0.84,4.1,3.444444444,0,331,166
03/04/1977,93,3995,23,3,0.84,3.8,3.444444444,0,331,166
04/04/1977,94,3996,24,2.8,0.84,3.7,3.555555556,0,331,167
04/04/1977,94,3997,1,2.6,0.85,3.5,3.722222222,0,331,167
04/04/1977,94,3998,2,2.5,0.86,3.3,3.611111111,0,331,167
04/04/1977,94,3999,3,2.4,0.87,3.2,3.388888889,0,331,167
04/04/1977,94,4000,4,2.3,0.88,3.1,3.222222222,0,331,167
04/04/1977,94,4001,5,2.3,0.89,3,2.833333333,0,331,167
04/04/1977,94,4002,6,2.6,0.9,3.1,2.638888889,40.4,331,167
04/04/1977,94,4003,7,3.8,0.89,3.8,2.75,222.2,331,167
04/04/1977,94,4004,8,5.4,0.82,5.1,4.055555556,454.5,331,167
04/04/1977,94,4005,9,6.2,0.8,6.2,4.472222222,686.8,331,167
04/04/1977,94,4006,10,6.9,0.77,7.1,4.611111111,902.94,331,167
04/04/1977,94,4007,11,7.2,0.74,7.8,5.111111111,1070.6,331,167
04/04/1977,94,4008,12,7.2,0.7,8.3,5.638888889,1086.76,331,167
04/04/1977,94,4009,13,7.2,0.67,8.5,6.222222222,1064.54,331,167
04/04/1977,94,4010,14,7.2,0.64,8.6,6.583333333,1016.06,331,167
04/04/1977,94,4011,15,6.9,0.64,8.4,6.722222222,870.62,331,167
04/04/1977,94,4012,16,6.4,0.63,7.9,6.305555556,684.78,331,167
04/04/1977,94,4013,17,5.7,0.62,7.1,6.083333333,401.98,331,167
04/04/1977,94,4014,18,4.8,0.63,6.1,4.472222222,131.3,331,167
04/04/1977,94,4015,19,3.8,0.67,5.2,3.305555556,2.02,331,167
04/04/1977,94,4016,20,3.2,0.69,4.5,2.944444444,0,331,167
04/04/1977,94,4017,21,2.8,0.71,4,2.361111111,0,331,167
04/04/1977,94,4018,22,2.4,0.75,3.5,2.388888889,0,331,167
04/04/1977,94,4019,23,2.2,0.78,3.3,2.388888889,0,331,167
05/04/1977,95,4020,24,2,0.8,3,2.777777778,0,331,168
05/04/1977,95,4021,1,2.4,0.79,3.1,3.361111111,0,331,168
05/04/1977,95,4022,2,2.7,0.79,3.2,3.944444444,0,331,168
05/04/1977,95,4023,3,3.4,0.78,3.5,4.416666667,0,331,168
05/04/1977,95,4024,4,3.8,0.78,3.7,5.194444444,0,331,168
05/04/1977,95,4025,5,4.1,0.8,3.9,5.5,0,331,168
05/04/1977,95,4026,6,4.4,0.83,4.1,5.777777778,38.38,331,168
05/04/1977,95,4027,7,5.5,0.86,4.7,5.472222222,151.5,331,168
05/04/1977,95,4028,8,6.5,0.82,5.4,6.944444444,258.56,331,168
05/04/1977,95,4029,9,7.3,0.77,6.1,6.694444444,375.72,331,168
05/04/1977,95,4030,10,7.5,0.79,6.4,7.833333333,401.98,331,168
05/04/1977,95,4031,11,8.1,0.76,7,7.388888889,593.88,331,168
05/04/1977,95,4032,12,8.3,0.75,7.5,7.333333333,664.58,331,168
05/04/1977,95,4033,13,8.3,0.75,7.6,7.305555556,612.06,331,168
05/04/1977,95,4034,14,8,0.77,7.4,7.138888889,379.76,331,168
05/04/1977,95,4035,15,7.8,0.79,7.3,6.861111111,278.76,331,168
05/04/1977,95,4036,16,7.7,0.79,7.3,6.055555556,272.7,331,168
05/04/1977,95,4037,17,7.2,0.83,7,5.861111111,125.24,331,168
05/04/1977,95,4038,18,6.7,0.86,6.6,5.166666667,50.5,331,168
05/04/1977,95,4039,19,5.8,0.89,6,4.888888889,2.02,331,168
05/04/1977,95,4040,20,5.4,0.9,5.6,4.722222222,0,331,168
05/04/1977,95,4041,21,5.1,0.91,5.3,4.722222222,0,331,168
05/04/1977,95,4042,22,4.9,0.92,5.1,4.472222222,0,331,168
05/04/1977,95,4043,23,4.9,0.92,5,4.972222222,0,331,168
06/04/1977,96,4044,24,5.1,0.91,4.9,5.222222222,0,331,169
06/04/1977,96,4045,1,5.5,0.9,5,5.472222222,0,331,169
06/04/1977,96,4046,2,5.7,0.89,5.1,5.805555556,0,331,169
06/04/1977,96,4047,3,6,0.88,5.3,5.638888889,0,331,169
06/04/1977,96,4048,4,6.1,0.88,5.4,5.861111111,0,331,169
06/04/1977,96,4049,5,6,0.89,5.4,5.888888889,0,331,169
06/04/1977,96,4050,6,6.1,0.89,5.5,6.055555556,22.22,331,169
06/04/1977,96,4051,7,6.7,0.87,6,6.166666667,177.76,331,169
06/04/1977,96,4052,8,7.1,0.83,6.4,8.25,363.6,331,169
06/04/1977,96,4053,9,7.8,0.77,7.1,8.111111111,480.76,331,169
06/04/1977,96,4054,10,7.8,0.79,7.2,8.583333333,446.42,331,169
06/04/1977,96,4055,11,7.7,0.82,7.1,7.222222222,185.84,331,169
06/04/1977,96,4056,12,6.8,0.91,6.7,6.416666667,191.9,331,169
06/04/1977,96,4057,13,6.1,0.92,6.5,5.611111111,208.06,331,169
06/04/1977,96,4058,14,5.5,0.89,6.2,5.027777778,189.88,331,169
06/04/1977,96,4059,15,5.3,0.82,6,5.444444444,212.1,331,169
06/04/1977,96,4060,16,5.3,0.77,5.8,5.916666667,246.44,331,169
06/04/1977,96,4061,17,5,0.75,5.6,6,208.06,331,169
06/04/1977,96,4062,18,4.4,0.75,5.2,5.722222222,111.1,331,169
06/04/1977,96,4063,19,3.5,0.79,4.7,5,4.04,331,169
06/04/1977,96,4064,20,3.1,0.8,4.3,4.611111111,0,331,169
06/04/1977,96,4065,21,2.7,0.8,3.9,4.416666667,0,331,169
06/04/1977,96,4066,22,2.4,0.81,3.5,5.833333333,0,331,169
06/04/1977,96,4067,23,2.3,0.8,3.3,6.055555556,0,331,169
07/04/1977,97,4068,24,2.3,0.77,3.1,6.305555556,0,331,170
07/04/1977,97,4069,1,2.7,0.74,3.2,6.222222222,0,331,170
07/04/1977,97,4070,2,2.9,0.75,3.3,6.111111111,0,331,170
07/04/1977,97,4071,3,3.1,0.79,3.3,4.944444444,0,331,170
07/04/1977,97,4072,4,3.1,0.81,3.4,4.305555556,0,331,170
07/04/1977,97,4073,5,2.7,0.84,3.1,4.027777778,0,331,170
07/04/1977,97,4074,6,3.2,0.83,3.3,4.527777778,64.64,331,170
07/04/1977,97,4075,7,3.8,0.8,3.9,4.916666667,254.52,331,170
07/04/1977,97,4076,8,4.8,0.76,4.7,5.361111111,595.9,331,170
07/04/1977,97,4077,9,5.7,0.76,5.9,4.916666667,909,331,170
07/04/1977,97,4078,10,6.5,0.77,7.2,4.583333333,1113.02,331,170
07/04/1977,97,4079,11,6.9,0.78,7.9,4.833333333,1185.74,331,170
07/04/1977,97,4080,12,7,0.78,8.4,5.027777778,1179.68,331,170
07/04/1977,97,4081,13,6.9,0.75,8.6,5.222222222,1149.38,331,170
07/04/1977,97,4082,14,6.7,0.71,8.4,5.194444444,1005.96,331,170
07/04/1977,97,4083,15,6.6,0.69,8.2,5.416666667,884.76,331,170
07/04/1977,97,4084,16,5.8,0.67,7.7,5.666666667,614.08,331,170
07/04/1977,97,4085,17,5.1,0.7,6.8,5.222222222,383.8,331,170
07/04/1977,97,4086,18,4.4,0.73,6,3.805555556,131.3,331,170
07/04/1977,97,4087,19,3.1,0.77,5,2.888888889,4.04,331,170
07/04/1977,97,4088,20,2.4,0.82,4.2,3.055555556,0,331,170
07/04/1977,97,4089,21,1.7,0.88,3.6,3.416666667,0,331,170
07/04/1977,97,4090,22,1.2,0.93,3.3,4.027777778,0,331,170
07/04/1977,97,4091,23,1,0.93,3,3.972222222,0,331,170
08/04/1977,98,4092,24,1.1,0.89,2.9,4.166666667,0,331,171
08/04/1977,98,4093,1,1.2,0.87,2.7,4.166666667,0,331,171
08/04/1977,98,4094,2,1.2,0.83,2.6,3.75,0,331,171
08/04/1977,98,4095,3,1.3,0.78,2.4,3.611111111,0,331,171
08/04/1977,98,4096,4,1.1,0.75,2.2,3.666666667,0,331,171
08/04/1977,98,4097,5,0.9,0.74,1.9,3.972222222,0,331,171
08/04/1977,98,4098,6,1.3,0.74,2,4.444444444,80.8,331,171
08/04/1977,98,4099,7,2.3,0.76,2.8,4.888888889,323.2,331,171
08/04/1977,98,4100,8,3.2,0.72,3.9,5.583333333,614.08,331,171
08/04/1977,98,4101,9,4,0.69,5.1,5.583333333,921.12,331,171
08/04/1977,98,4102,10,4.7,0.66,6.1,5.861111111,1100.9,331,171
08/04/1977,98,4103,11,4.9,0.64,6.5,6.305555556,1203.92,331,171
08/04/1977,98,4104,12,5.1,0.62,7,6.722222222,1218.06,331,171
08/04/1977,98,4105,13,5.1,0.61,7.2,6.944444444,1094.84,331,171
08/04/1977,98,4106,14,5.1,0.59,7.2,7.111111111,939.3,331,171
08/04/1977,98,4107,15,4.7,0.58,7,7.444444444,902.94,331,171
08/04/1977,98,4108,16,4.3,0.56,6.4,7.194444444,658.52,331,171
08/04/1977,98,4109,17,3.9,0.56,5.6,6.472222222,325.22,331,171
08/04/1977,98,4110,18,3.2,0.58,4.9,5.611111111,151.5,331,171
08/04/1977,98,4111,19,2.2,0.67,4,4.527777778,6.06,331,171
08/04/1977,98,4112,20,1.7,0.7,3.4,3.861111111,0,331,171
08/04/1977,98,4113,21,1.4,0.72,3,3.722222222,0,331,171
08/04/1977,98,4114,22,0.9,0.76,2.6,4.055555556,0,331,171
08/04/1977,98,4115,23,0.4,0.81,2.3,3.388888889,0,331,171
09/04/1977,99,4116,24,0.2,0.86,2.1,2.833333333,0,331,172
09/04/1977,99,4117,1,-0.3,0.91,1.7,2.611111111,0,331,172
09/04/1977,99,4118,2,-0.4,0.92,1.5,2.5,0,331,172
09/04/1977,99,4119,3,-0.5,0.93,1.4,2.611111111,0,331,172
09/04/1977,99,4120,4,-0.4,0.92,1.2,2.805555556,0,331,172
09/04/1977,99,4121,5,-0.4,0.91,1.1,2.916666667,0,331,172
09/04/1977,99,4122,6,0.2,0.89,1.3,3.388888889,86.86,331,172
09/04/1977,99,4123,7,1.2,0.83,2.1,4.166666667,343.4,331,172
09/04/1977,99,4124,8,2.2,0.75,3.2,4.888888889,640.34,331,172
09/04/1977,99,4125,9,3,0.71,4.1,4.944444444,844.36,331,172
09/04/1977,99,4126,10,4,0.68,5.4,4.111111111,1092.82,331,172
09/04/1977,99,4127,11,4.8,0.66,6.6,4.305555556,1337.24,331,172
09/04/1977,99,4128,12,5.3,0.63,7.3,4.611111111,1347.34,331,172
09/04/1977,99,4129,13,5.6,0.6,7.7,4.611111111,1256.44,331,172
09/04/1977,99,4130,14,5.7,0.56,7.7,4.833333333,1111,331,172
09/04/1977,99,4131,15,5.4,0.53,7.4,5.194444444,876.68,331,172
09/04/1977,99,4132,16,4.9,0.49,6.8,5.944444444,694.88,331,172
09/04/1977,99,4133,17,4.4,0.49,6,5.833333333,436.32,331,172
09/04/1977,99,4134,18,3.4,0.53,5,5.222222222,163.62,331,172
09/04/1977,99,4135,19,1.6,0.58,3.8,5,8.08,331,172
09/04/1977,99,4136,20,0.8,0.61,3,4.833333333,0,331,172
09/04/1977,99,4137,21,0.2,0.64,2.4,4.555555556,0,331,172
09/04/1977,99,4138,22,-0.3,0.66,1.9,4.472222222,0,331,172
09/04/1977,99,4139,23,-0.7,0.69,1.5,4.111111111,0,331,172
10/04/1977,100,4140,24,-1,0.7,1.2,3.611111111,0,331,173
10/04/1977,100,4141,1,-1.2,0.71,0.9,3.194444444,0,331,173
10/04/1977,100,4142,2,-1.5,0.73,0.7,2.833333333,0,331,173
10/04/1977,100,4143,3,-1.7,0.74,0.6,2.583333333,0,331,173
10/04/1977,100,4144,4,-2.1,0.78,0.5,2.25,0,331,173
10/04/1977,100,4145,5,-2.6,0.81,0.4,2.222222222,0,331,173
10/04/1977,100,4146,6,-1.1,0.75,0.4,1.305555556,88.88,331,173
10/04/1977,100,4147,7,0.7,0.69,0.7,0.916666667,371.68,331,173
10/04/1977,100,4148,8,2,0.59,1.3,0.694444444,696.9,331,173
10/04/1977,100,4149,9,2.9,0.56,3.7,0.138888889,983.74,331,173
10/04/1977,100,4150,10,3.9,0.52,5.6,0.805555556,1218.06,331,173
10/04/1977,100,4151,11,4.4,0.52,6.5,1.222222222,1197.86,331,173
10/04/1977,100,4152,12,5,0.52,7,2.25,1056.46,331,173
10/04/1977,100,4153,13,5.2,0.53,7.2,3.305555556,1108.98,331,173
10/04/1977,100,4154,14,5.1,0.58,7.1,4.388888889,1038.28,331,173
10/04/1977,100,4155,15,5,0.65,6.7,5.305555556,757.5,331,173
10/04/1977,100,4156,16,4.9,0.67,6.4,5.611111111,571.66,331,173
10/04/1977,100,4157,17,4.3,0.69,5.8,5.555555556,329.26,331,173
10/04/1977,100,4158,18,3.6,0.72,4.9,4.472222222,129.28,331,173
10/04/1977,100,4159,19,2.6,0.76,4,3.777777778,8.08,331,173
10/04/1977,100,4160,20,2.1,0.8,3.5,3.138888889,0,331,173
10/04/1977,100,4161,21,1.7,0.83,3,2.388888889,0,331,173
10/04/1977,100,4162,22,1.6,0.84,2.8,2.5,0,331,173
10/04/1977,100,4163,23,1.2,0.87,2.5,2.305555556,0,331,173
11/04/1977,101,4164,24,1,0.9,2.4,2.333333333,0,331,174
11/04/1977,101,4165,1,0.6,0.9,2.1,2.388888889,0,331,174
11/04/1977,101,4166,2,0.6,0.91,2,2.333333333,0,331,174
11/04/1977,101,4167,3,0.4,0.89,1.7,2.472222222,0,331,174
11/04/1977,101,4168,4,0.3,0.86,1.4,2.777777778,0,331,174
11/04/1977,101,4169,5,0.2,0.84,1.2,2.861111111,0,331,174
11/04/1977,101,4170,6,0.7,0.82,1.4,2.055555556,101,331,174
11/04/1977,101,4171,7,2.7,0.85,2.5,2.055555556,270.68,331,174
11/04/1977,101,4172,8,4,0.75,4.3,2.972222222,452.48,331,174
11/04/1977,101,4173,9,4.6,0.72,4.6,3.416666667,408.04,331,174
11/04/1977,101,4174,10,4.8,0.73,5.1,4.166666667,444.4,331,174
11/04/1977,101,4175,11,5.5,0.69,5.7,4.611111111,642.36,331,174
11/04/1977,101,4176,12,6.5,0.66,6.7,5.444444444,1005.96,331,174
11/04/1977,101,4177,13,6.8,0.66,7.3,5.972222222,961.52,331,174
11/04/1977,101,4178,14,7.1,0.66,7.6,6.777777778,1094.84,331,174
11/04/1977,101,4179,15,7.1,0.68,7.6,7.027777778,793.86,331,174
11/04/1977,101,4180,16,6.5,0.72,7.2,7.527777778,624.18,331,174
11/04/1977,101,4181,17,6,0.77,6.5,7.722222222,323.2,331,174
11/04/1977,101,4182,18,5.3,0.83,5.8,7,135.34,331,174
11/04/1977,101,4183,19,4.8,0.81,5.1,6.388888889,8.08,331,174
11/04/1977,101,4184,20,4.5,0.82,4.7,5.972222222,0,331,174
11/04/1977,101,4185,21,4.3,0.82,4.4,5.555555556,0,331,174
11/04/1977,101,4186,22,3.9,0.84,4.1,5.444444444,0,331,174
11/04/1977,101,4187,23,3.7,0.85,3.9,4.305555556,0,331,174
12/04/1977,102,4188,24,3.2,0.87,3.6,3.722222222,0,331,175
12/04/1977,102,4189,1,3.1,0.87,3.4,3.722222222,0,331,175
12/04/1977,102,4190,2,3.2,0.85,3.4,3.722222222,0,331,175
12/04/1977,102,4191,3,3.3,0.84,3.4,3.833333333,0,331,175
12/04/1977,102,4192,4,3.3,0.84,3.4,4.333333333,0,331,175
12/04/1977,102,4193,5,3.4,0.84,3.4,4.75,0,331,175
12/04/1977,102,4194,6,4,0.83,3.7,5.194444444,76.76,331,175
12/04/1977,102,4195,7,4.9,0.87,4.3,5.388888889,181.8,331,175
12/04/1977,102,4196,8,5.5,0.87,4.8,5.472222222,169.68,331,175
12/04/1977,102,4197,9,6.3,0.87,5.3,5.777777778,272.7,331,175
12/04/1977,102,4198,10,6.7,0.88,5.5,5.777777778,204.02,331,175
12/04/1977,102,4199,11,7.3,0.87,5.8,5.555555556,208.06,331,175
12/04/1977,102,4200,12,7.8,0.89,6.1,6.111111111,139.38,331,175
12/04/1977,102,4201,13,8.4,0.9,6.4,5.222222222,202,331,175
12/04/1977,102,4202,14,9.2,0.88,6.9,5,290.88,331,175
12/04/1977,102,4203,15,9.3,0.88,7.1,6.472222222,264.62,331,175
12/04/1977,102,4204,16,9.4,0.86,7.2,6.194444444,379.76,331,175
12/04/1977,102,4205,17,9.2,0.85,7.2,6.416666667,335.32,331,175
12/04/1977,102,4206,18,8.5,0.85,6.9,5.527777778,139.38,331,175
12/04/1977,102,4207,19,7.5,0.87,6.3,4.166666667,10.1,331,175
12/04/1977,102,4208,20,7,0.89,6,3.694444444,0,331,175
12/04/1977,102,4209,21,6.9,0.89,5.8,4.027777778,0,331,175
12/04/1977,102,4210,22,7.1,0.88,5.8,4.916666667,0,331,175
12/04/1977,102,4211,23,7.8,0.87,6.1,6.111111111,0,331,175
13/04/1977,103,4212,24,8.8,0.87,6.4,7.611111111,0,331,176
13/04/1977,103,4213,1,9.4,0.88,6.8,7.972222222,0,331,176
13/04/1977,103,4214,2,9.5,0.87,7,8.111111111,0,331,176
13/04/1977,103,4215,3,9.4,0.86,7.1,8.277777778,0,331,176
13/04/1977,103,4216,4,9.3,0.86,7.1,8.333333333,0,331,176
13/04/1977,103,4217,5,9.2,0.86,7.1,8,0,331,176
13/04/1977,103,4218,6,9.1,0.87,7.2,7.833333333,40.4,331,176
13/04/1977,103,4219,7,9.3,0.87,7.3,7.833333333,84.84,331,176
13/04/1977,103,4220,8,9.1,0.87,7.4,8.111111111,101,331,176
13/04/1977,103,4221,9,8.6,0.9,7.3,7.611111111,88.88,331,176
13/04/1977,103,4222,10,8.5,0.88,7.4,7.694444444,321.18,331,176
13/04/1977,103,4223,11,8.8,0.84,7.7,9.222222222,682.76,331,176
13/04/1977,103,4224,12,9.1,0.79,8.2,9.777777778,1224.12,331,176
13/04/1977,103,4225,13,9.2,0.65,8.9,10.19444444,1173.62,331,176
13/04/1977,103,4226,14,8.9,0.55,9.2,10.63888889,1129.18,331,176
13/04/1977,103,4227,15,8.5,0.55,9,9.638888889,886.78,331,176
13/04/1977,103,4228,16,8.3,0.54,8.8,9.055555556,777.7,331,176
13/04/1977,103,4229,17,8,0.55,8.4,7.416666667,474.7,331,176
13/04/1977,103,4230,18,7.3,0.61,7.7,5.861111111,187.86,331,176
13/04/1977,103,4231,19,6.7,0.66,6.9,5.5,14.14,331,176
13/04/1977,103,4232,20,6.2,0.68,6.4,5.5,0,331,176
13/04/1977,103,4233,21,5.9,0.71,6,5.555555556,0,331,176
13/04/1977,103,4234,22,5.7,0.71,5.8,5.527777778,0,331,176
13/04/1977,103,4235,23,5.4,0.71,5.6,5.805555556,0,331,176
14/04/1977,104,4236,24,5,0.74,5.3,5.944444444,0,331,177
14/04/1977,104,4237,1,4.6,0.77,5.1,5.944444444,0,331,177
14/04/1977,104,4238,2,4.4,0.79,4.9,6.222222222,0,331,177
14/04/1977,104,4239,3,4.2,0.79,4.7,6.138888889,0,331,177
14/04/1977,104,4240,4,4.2,0.79,4.5,6.083333333,0,331,177
14/04/1977,104,4241,5,4.2,0.79,4.4,6.25,2.02,331,177
14/04/1977,104,4242,6,4.6,0.8,4.6,6.638888889,96.96,331,177
14/04/1977,104,4243,7,5.1,0.82,5.2,6.638888889,282.8,331,177
14/04/1977,104,4244,8,5.6,0.8,5.8,6.805555556,551.46,331,177
14/04/1977,104,4245,9,6.1,0.8,6.5,6.722222222,743.36,331,177
14/04/1977,104,4246,10,6.1,0.81,6.9,6.833333333,854.46,331,177
14/04/1977,104,4247,11,6.7,0.79,7.5,6.944444444,1003.94,331,177
14/04/1977,104,4248,12,7.2,0.79,8.2,6.944444444,1197.86,331,177
14/04/1977,104,4249,13,7.5,0.79,8.7,7.333333333,1185.74,331,177
14/04/1977,104,4250,14,7.2,0.81,8.6,7.777777778,993.84,331,177
14/04/1977,104,4251,15,7,0.81,8.4,8,894.86,331,177
14/04/1977,104,4252,16,6.7,0.8,8,8.277777778,672.66,331,177
14/04/1977,104,4253,17,5.8,0.8,7.3,8.861111111,442.38,331,177
14/04/1977,104,4254,18,5.4,0.79,6.6,8.916666667,161.6,331,177
14/04/1977,104,4255,19,5,0.8,6,8.666666667,12.12,331,177
14/04/1977,104,4256,20,5.2,0.78,5.7,8.638888889,0,331,177
14/04/1977,104,4257,21,5.2,0.77,5.5,8.694444444,0,331,177
14/04/1977,104,4258,22,5.1,0.79,5.3,8.611111111,0,331,177
14/04/1977,104,4259,23,4.9,0.8,5.1,8.694444444,0,331,177
15/04/1977,105,4260,24,4.8,0.79,5,7.722222222,0,331,178
15/04/1977,105,4261,1,4.7,0.8,4.9,7.361111111,0,331,178
15/04/1977,105,4262,2,4.6,0.81,4.7,7.166666667,0,331,178
15/04/1977,105,4263,3,4.7,0.8,4.7,6.861111111,0,331,178
15/04/1977,105,4264,4,4.7,0.79,4.6,7.083333333,0,331,178
15/04/1977,105,4265,5,4.8,0.79,4.6,7.166666667,2.02,331,178
15/04/1977,105,4266,6,5.2,0.78,4.7,7.388888889,111.1,331,178
15/04/1977,105,4267,7,5.8,0.74,5.3,7.472222222,333.3,331,178
15/04/1977,105,4268,8,6.2,0.76,6.1,7.833333333,662.56,331,178
15/04/1977,105,4269,9,6.9,0.79,7,7.916666667,904.96,331,178
15/04/1977,105,4270,10,7.2,0.8,7.7,8.25,989.8,331,178
15/04/1977,105,4271,11,7.6,0.78,8.3,8.444444444,1230.18,331,178
15/04/1977,105,4272,12,7.4,0.76,8.7,8.75,1280.68,331,178
15/04/1977,105,4273,13,7.5,0.72,8.8,9.166666667,1258.46,331,178
15/04/1977,105,4274,14,7.2,0.68,8.9,9.583333333,1167.56,331,178
15/04/1977,105,4275,15,6.8,0.65,8.5,9.305555556,1001.92,331,178
15/04/1977,105,4276,16,6.3,0.65,8.1,8.805555556,648.42,331,178
15/04/1977,105,4277,17,5.7,0.65,7.4,7.972222222,460.56,331,178
15/04/1977,105,4278,18,5.1,0.65,6.7,7.138888889,193.92,331,178
15/04/1977,105,4279,19,4.4,0.67,5.9,6.444444444,16.16,331,178
15/04/1977,105,4280,20,4,0.7,5.3,6.166666667,0,331,178
15/04/1977,105,4281,21,3.6,0.72,4.9,5.777777778,0,331,178
15/04/1977,105,4282,22,3.4,0.74,4.6,6.555555556,0,331,178
15/04/1977,105,4283,23,3.1,0.76,4.3,6.138888889,0,331,178
16/04/1977,106,4284,24,3,0.76,4.2,5.611111111,0,331,179
16/04/1977,106,4285,1,2.9,0.76,4,5.222222222,0,331,179
16/04/1977,106,4286,2,2.8,0.77,3.8,4.833333333,0,331,179
16/04/1977,106,4287,3,2.6,0.76,3.6,4.361111111,0,331,179
16/04/1977,106,4288,4,2.6,0.74,3.5,3.972222222,0,331,179
16/04/1977,106,4289,5,2.8,0.73,3.4,3.416666667,4.04,331,179
16/04/1977,106,4290,6,3.5,0.73,3.7,3.472222222,119.18,331,179
16/04/1977,106,4291,7,4.9,0.72,4.8,3.472222222,337.34,331,179
16/04/1977,106,4292,8,5.6,0.68,5.8,4.25,549.44,331,179
16/04/1977,106,4293,9,6.5,0.64,6.5,3.888888889,854.46,331,179
16/04/1977,106,4294,10,7.3,0.6,7.4,4.111111111,866.58,331,179
16/04/1977,106,4295,11,7.9,0.58,8.1,4.416666667,1143.32,331,179
16/04/1977,106,4296,12,8.6,0.54,8.9,4.638888889,1141.3,331,179
16/04/1977,106,4297,13,8.9,0.51,9.1,4.916666667,814.06,331,179
16/04/1977,106,4298,14,8.8,0.51,8.9,5.111111111,781.74,331,179
16/04/1977,106,4299,15,8.8,0.52,8.8,5.444444444,694.88,331,179
16/04/1977,106,4300,16,8.6,0.54,8.6,5,482.78,331,179
16/04/1977,106,4301,17,8.1,0.58,8.1,4.333333333,319.16,331,179
16/04/1977,106,4302,18,7.3,0.62,7.4,3.333333333,133.32,331,179
16/04/1977,106,4303,19,6.6,0.67,6.7,3.083333333,16.16,331,179
16/04/1977,106,4304,20,6,0.71,6.1,3.277777778,0,331,179
16/04/1977,106,4305,21,5.5,0.73,5.7,3.805555556,0,331,179
16/04/1977,106,4306,22,5.2,0.72,5.4,3.805555556,0,331,179
16/04/1977,106,4307,23,5.1,0.71,5.3,4.333333333,0,331,179
17/04/1977,107,4308,24,5,0.69,5.2,4.388888889,0,331,180
17/04/1977,107,4309,1,4.8,0.68,5,4.388888889,0,331,180
17/04/1977,107,4310,2,4.7,0.68,4.9,4.25,0,331,180
17/04/1977,107,4311,3,4.4,0.68,4.8,4.25,0,331,180
17/04/1977,107,4312,4,4.1,0.69,4.6,4.166666667,0,331,180
17/04/1977,107,4313,5,3.8,0.72,4.4,4.111111111,4.04,331,180
17/04/1977,107,4314,6,4.2,0.74,4.6,4.166666667,101,331,180
17/04/1977,107,4315,7,5.6,0.73,5.5,4.083333333,307.04,331,180
17/04/1977,107,4316,8,6.9,0.69,6.5,3.916666667,496.92,331,180
17/04/1977,107,4317,9,7.7,0.67,7.2,3.555555556,612.06,331,180
17/04/1977,107,4318,10,8.6,0.66,8,3.305555556,832.24,331,180
17/04/1977,107,4319,11,9.4,0.65,8.9,3.111111111,943.34,331,180
17/04/1977,107,4320,12,10.1,0.62,9.7,3.055555556,975.66,331,180
17/04/1977,107,4321,13,10.3,0.61,9.9,3.611111111,741.34,331,180
17/04/1977,107,4322,14,9.7,0.68,9.6,4.333333333,585.8,331,180
17/04/1977,107,4323,15,8.8,0.77,9.2,4.944444444,418.14,331,180
17/04/1977,107,4324,16,7.5,0.84,8.6,5.805555556,347.44,331,180
17/04/1977,107,4325,17,6.3,0.86,7.9,6.111111111,278.76,331,180
17/04/1977,107,4326,18,5.5,0.83,7.1,6.138888889,131.3,331,180
17/04/1977,107,4327,19,5.2,0.73,6.5,5.944444444,16.16,331,180
17/04/1977,107,4328,20,4.7,0.7,6,5.833333333,0,331,180
17/04/1977,107,4329,21,4.3,0.68,5.5,5.416666667,0,331,180
17/04/1977,107,4330,22,4,0.68,5.1,4.138888889,0,331,180
17/04/1977,107,4331,23,3.5,0.7,4.7,3.694444444,0,331,180
18/04/1977,108,4332,24,3.2,0.71,4.4,4.027777778,0,331,181
18/04/1977,108,4333,1,3.2,0.7,4.3,4.055555556,0,331,181
18/04/1977,108,4334,2,3.1,0.67,4.2,4.083333333,0,331,181
18/04/1977,108,4335,3,2.9,0.67,4,4.305555556,0,331,181
18/04/1977,108,4336,4,2.8,0.66,3.8,4.527777778,0,331,181
18/04/1977,108,4337,5,2.7,0.68,3.7,4.194444444,6.06,331,181
18/04/1977,108,4338,6,3.1,0.69,3.8,4.111111111,94.94,331,181
18/04/1977,108,4339,7,4.3,0.65,4.7,4.861111111,389.86,331,181
18/04/1977,108,4340,8,4.9,0.6,5.6,5.388888889,626.2,331,181
18/04/1977,108,4341,9,5.4,0.57,6.3,5.305555556,737.3,331,181
18/04/1977,108,4342,10,5.7,0.55,7,4.638888889,935.26,331,181
18/04/1977,108,4343,11,5.9,0.53,7.4,4.166666667,836.28,331,181
18/04/1977,108,4344,12,6,0.52,7.5,4.027777778,870.62,331,181
18/04/1977,108,4345,13,6.3,0.5,7.8,4.333333333,791.84,331,181
18/04/1977,108,4346,14,6.2,0.49,7.6,4.166666667,787.8,331,181
18/04/1977,108,4347,15,6.1,0.49,7.4,4.166666667,660.54,331,181
18/04/1977,108,4348,16,5.9,0.49,7.1,4.111111111,379.76,331,181
18/04/1977,108,4349,17,5.6,0.51,6.6,3.916666667,226.24,331,181
18/04/1977,108,4350,18,5.2,0.54,6.1,3.166666667,135.34,331,181
18/04/1977,108,4351,19,4.4,0.57,5.4,2.444444444,18.18,331,181
18/04/1977,108,4352,20,3.8,0.61,4.7,2.444444444,0,331,181
18/04/1977,108,4353,21,3.1,0.65,4,2.694444444,0,331,181
18/04/1977,108,4354,22,2.1,0.72,3.4,2.805555556,0,331,181
18/04/1977,108,4355,23,1.3,0.77,2.8,2.916666667,0,331,181
19/04/1977,109,4356,24,0.6,0.79,2.2,2.5,0,331,182
19/04/1977,109,4357,1,0.7,0.77,1.6,2.333333333,0,331,182
19/04/1977,109,4358,2,0,0.8,1.2,2.444444444,0,331,182
19/04/1977,109,4359,3,-0.4,0.81,0.9,2.638888889,0,331,182
19/04/1977,109,4360,4,-0.6,0.82,0.7,3.027777778,0,331,182
19/04/1977,109,4361,5,-0.5,0.82,0.7,2.916666667,8.08,331,182
19/04/1977,109,4362,6,1.4,0.83,1,2.388888889,145.44,331,182
19/04/1977,109,4363,7,4.3,0.73,3.2,2.472222222,325.22,331,182
19/04/1977,109,4364,8,5.3,0.64,4.7,3.75,599.94,331,182
19/04/1977,109,4365,9,5.7,0.64,5.6,4.361111111,717.1,331,182
19/04/1977,109,4366,10,6.1,0.64,6.5,4.305555556,931.22,331,182
19/04/1977,109,4367,11,6.5,0.63,7,4.305555556,991.82,331,182
19/04/1977,109,4368,12,7,0.6,7.6,4.611111111,1119.08,331,182
19/04/1977,109,4369,13,7.5,0.58,8.1,4.805555556,1102.92,331,182
19/04/1977,109,4370,14,7.7,0.57,8.5,5,1056.46,331,182
19/04/1977,109,4371,15,7.4,0.57,8.2,5.111111111,717.1,331,182
19/04/1977,109,4372,16,7,0.57,7.8,5,636.3,331,182
19/04/1977,109,4373,17,6.7,0.57,7.3,4.638888889,452.48,331,182
19/04/1977,109,4374,18,5.9,0.61,6.5,3.638888889,218.16,331,182
19/04/1977,109,4375,19,4.4,0.64,5.4,2.722222222,30.3,331,182
19/04/1977,109,4376,20,3.7,0.68,4.5,2.5,0,331,182
19/04/1977,109,4377,21,2.9,0.73,3.9,2.833333333,0,331,182
19/04/1977,109,4378,22,1.6,0.81,3.1,1.916666667,0,331,182
19/04/1977,109,4379,23,1.1,0.8,2.1,1.194444444,0,331,182
20/04/1977,110,4380,24,-0.7,0.86,1.4,1.555555556,0,331,183
20/04/1977,110,4381,1,-1.1,0.88,1,2.111111111,0,331,183
20/04/1977,110,4382,2,-1,0.89,1,2.388888889,0,331,183
20/04/1977,110,4383,3,-0.6,0.89,1,2.611111111,0,331,183
20/04/1977,110,4384,4,0.3,0.86,1.3,2.5,0,331,183
20/04/1977,110,4385,5,0.8,0.84,1.5,3.111111111,8.08,331,183
20/04/1977,110,4386,6,1.5,0.82,2,3.722222222,121.2,331,183
20/04/1977,110,4387,7,3.6,0.77,3.4,3.972222222,414.1,331,183
20/04/1977,110,4388,8,5.5,0.7,5,4.333333333,725.18,331,183
20/04/1977,110,4389,9,7.1,0.64,6.6,4.805555556,1026.16,331,183
20/04/1977,110,4390,10,8.3,0.61,7.9,5.083333333,1187.76,331,183
20/04/1977,110,4391,11,9.2,0.59,8.9,5.083333333,1252.4,331,183
20/04/1977,110,4392,12,9.9,0.58,9.6,5.222222222,1201.9,331,183
20/04/1977,110,4393,13,10.1,0.57,9.7,5.527777778,969.6,331,183
20/04/1977,110,4394,14,9.8,0.59,9.1,5.444444444,595.9,331,183
20/04/1977,110,4395,15,9.1,0.65,8.4,5.472222222,329.26,331,183
20/04/1977,110,4396,16,8.8,0.68,8.1,5.111111111,167.66,331,183
20/04/1977,110,4397,17,8.4,0.7,7.6,4.472222222,72.72,331,183
20/04/1977,110,4398,18,8.3,0.7,7.3,4.472222222,56.56,331,183
20/04/1977,110,4399,19,8.8,0.66,7.2,4.666666667,14.14,331,183
20/04/1977,110,4400,20,8.5,0.68,7.1,5.111111111,0,331,183
20/04/1977,110,4401,21,8.3,0.71,7,5.027777778,0,331,183
20/04/1977,110,4402,22,8,0.75,6.9,5.027777778,0,331,183
20/04/1977,110,4403,23,7.9,0.79,6.9,5.388888889,0,331,183
21/04/1977,111,4404,24,7.8,0.83,6.9,5.527777778,0,331,184
21/04/1977,111,4405,1,7.8,0.87,6.9,5.527777778,0,331,184
21/04/1977,111,4406,2,7.8,0.89,6.9,5.75,0,331,184
21/04/1977,111,4407,3,8,0.92,6.9,5.722222222,0,331,184
21/04/1977,111,4408,4,8.3,0.94,7,5.75,0,331,184
21/04/1977,111,4409,5,8.5,0.95,7.2,5.75,2.02,331,184
21/04/1977,111,4410,6,8.8,0.95,7.3,6.194444444,34.34,331,184
21/04/1977,111,4411,7,9.5,0.92,7.7,6.611111111,86.86,331,184
21/04/1977,111,4412,8,10.2,0.87,8.1,7.166666667,189.88,331,184
21/04/1977,111,4413,9,10.8,0.82,8.5,8.805555556,373.7,331,184
21/04/1977,111,4414,10,11.3,0.8,9.1,9.333333333,484.8,331,184
21/04/1977,111,4415,11,11.7,0.78,9.6,9.055555556,561.56,331,184
21/04/1977,111,4416,12,11.6,0.79,9.7,8.805555556,438.34,331,184
21/04/1977,111,4417,13,11.6,0.8,9.8,8.833333333,404,331,184
21/04/1977,111,4418,14,11.7,0.8,10,9.138888889,359.56,331,184
21/04/1977,111,4419,15,11.7,0.81,10,9.027777778,270.68,331,184
21/04/1977,111,4420,16,11.4,0.83,9.8,7.972222222,171.7,331,184
21/04/1977,111,4421,17,11.1,0.84,9.6,7.833333333,117.16,331,184
21/04/1977,111,4422,18,11.1,0.84,9.4,7.777777778,46.46,331,184
21/04/1977,111,4423,19,10.8,0.86,9.3,7.611111111,8.08,331,184
21/04/1977,111,4424,20,10.8,0.85,9.2,7.722222222,0,331,184
21/04/1977,111,4425,21,10.7,0.86,9.1,7.722222222,0,331,184
21/04/1977,111,4426,22,10.4,0.87,8.9,7.444444444,0,331,184
21/04/1977,111,4427,23,10,0.9,8.8,7.861111111,0,331,184
22/04/1977,112,4428,24,9.8,0.91,8.7,7.916666667,0,331,185
22/04/1977,112,4429,1,9.5,0.92,8.6,7.777777778,0,331,185
22/04/1977,112,4430,2,9.3,0.92,8.5,7.972222222,0,331,185
22/04/1977,112,4431,3,9.3,0.91,8.5,8.138888889,0,331,185
22/04/1977,112,4432,4,9.3,0.9,8.5,8.027777778,0,331,185
22/04/1977,112,4433,5,9.3,0.89,8.5,8,4.04,331,185
22/04/1977,112,4434,6,9.2,0.89,8.5,8.277777778,50.5,331,185
22/04/1977,112,4435,7,9.7,0.88,8.7,8.25,159.58,331,185
22/04/1977,112,4436,8,10.3,0.83,9.1,10.16666667,313.1,331,185
22/04/1977,112,4437,9,11.1,0.76,9.6,11.36111111,468.64,331,185
22/04/1977,112,4438,10,11.3,0.76,10,10.97222222,464.6,331,185
22/04/1977,112,4439,11,11.2,0.77,10.1,11.63888889,296.94,331,185
22/04/1977,112,4440,12,11.5,0.79,10.2,10.88888889,375.72,331,185
22/04/1977,112,4441,13,11.8,0.8,10.4,11,367.64,331,185
22/04/1977,112,4442,14,11.9,0.82,10.6,11.11111111,305.02,331,185
22/04/1977,112,4443,15,12.3,0.79,10.7,10.77777778,333.3,331,185
22/04/1977,112,4444,16,12.4,0.81,10.9,9.527777778,329.26,331,185
22/04/1977,112,4445,17,12.4,0.8,10.9,9.75,260.58,331,185
22/04/1977,112,4446,18,12.1,0.8,10.6,9.416666667,101,331,185
22/04/1977,112,4447,19,11.1,0.81,10.2,9.111111111,10.1,331,185
22/04/1977,112,4448,20,11,0.81,10,9,0,331,185
22/04/1977,112,4449,21,10.9,0.81,9.8,8.916666667,0,331,185
22/04/1977,112,4450,22,10.6,0.82,9.7,8.777777778,0,331,185
22/04/1977,112,4451,23,10.4,0.82,9.5,8.777777778,0,331,185
23/04/1977,113,4452,24,10.3,0.83,9.5,8.611111111,0,331,186
23/04/1977,113,4453,1,10.3,0.84,9.4,8.611111111,0,331,186
23/04/1977,113,4454,2,10.2,0.85,9.4,8.805555556,0,331,186
23/04/1977,113,4455,3,10.1,0.87,9.4,8.555555556,0,331,186
23/04/1977,113,4456,4,10,0.89,9.3,8.305555556,0,331,186
23/04/1977,113,4457,5,10.1,0.88,9.3,8.138888889,2.02,331,186
23/04/1977,113,4458,6,10.1,0.89,9.3,8,28.28,331,186
23/04/1977,113,4459,7,10.5,0.87,9.3,8.277777778,80.8,331,186
23/04/1977,113,4460,8,10.5,0.87,9.4,8.833333333,185.84,331,186
23/04/1977,113,4461,9,10.5,0.9,9.5,9,280.78,331,186
23/04/1977,113,4462,10,10.4,0.89,9.6,8.638888889,347.44,331,186
23/04/1977,113,4463,11,11.5,0.83,10.2,8.555555556,787.8,331,186
23/04/1977,113,4464,12,11.9,0.72,11.2,8.777777778,993.84,331,186
23/04/1977,113,4465,13,11.4,0.65,11.5,9.416666667,1026.16,331,186
23/04/1977,113,4466,14,11.6,0.66,11.7,9.722222222,1129.18,331,186
23/04/1977,113,4467,15,11.6,0.67,11.8,8.916666667,735.28,331,186
23/04/1977,113,4468,16,11.5,0.66,11.7,8.111111111,692.86,331,186
23/04/1977,113,4469,17,11.2,0.68,11.2,6.694444444,470.66,331,186
23/04/1977,113,4470,18,10.7,0.69,10.6,6.666666667,238.36,331,186
23/04/1977,113,4471,19,9.6,0.7,9.8,6.027777778,34.34,331,186
23/04/1977,113,4472,20,9.3,0.72,9.3,5.277777778,0,331,186
23/04/1977,113,4473,21,9,0.75,9,6.361111111,0,331,186
23/04/1977,113,4474,22,8.3,0.8,8.7,7.222222222,0,331,186
23/04/1977,113,4475,23,7.8,0.85,8.4,7.5,0,331,186
24/04/1977,114,4476,24,7.6,0.84,8.1,8.833333333,0,331,187
24/04/1977,114,4477,1,6.9,0.85,7.8,9.138888889,0,331,187
24/04/1977,114,4478,2,6.1,0.89,7.4,10.22222222,0,331,187
24/04/1977,114,4479,3,5.9,0.87,7.1,9.75,0,331,187
24/04/1977,114,4480,4,5.7,0.85,6.9,9.638888889,0,331,187
24/04/1977,114,4481,5,5.9,0.82,6.7,9.75,14.14,331,187
24/04/1977,114,4482,6,6.1,0.8,6.7,9.75,155.54,331,187
24/04/1977,114,4483,7,6.6,0.77,7.1,9.694444444,389.86,331,187
24/04/1977,114,4484,8,7.3,0.74,7.9,10.55555556,676.7,331,187
24/04/1977,114,4485,9,7.9,0.72,8.6,10.41666667,917.08,331,187
24/04/1977,114,4486,10,8.5,0.7,9.3,9.805555556,1121.1,331,187
24/04/1977,114,4487,11,8.9,0.68,9.9,9.305555556,1300.88,331,187
24/04/1977,114,4488,12,9.2,0.68,10.3,9.361111111,1212,331,187
24/04/1977,114,4489,13,9.2,0.69,10.6,9.083333333,1173.62,331,187
24/04/1977,114,4490,14,8.7,0.7,10.5,8.944444444,1005.96,331,187
24/04/1977,114,4491,15,8.8,0.71,10.1,8.916666667,866.58,331,187
24/04/1977,114,4492,16,9.1,0.68,10.1,8.611111111,733.26,331,187
24/04/1977,114,4493,17,8.9,0.65,9.7,8.027777778,500.96,331,187
24/04/1977,114,4494,18,8.5,0.67,9.1,6.722222222,226.24,331,187
24/04/1977,114,4495,19,7.6,0.67,8.4,5.916666667,40.4,331,187
24/04/1977,114,4496,20,7.3,0.7,7.8,5.611111111,0,331,187
24/04/1977,114,4497,21,7.1,0.74,7.5,5.305555556,0,331,187
24/04/1977,114,4498,22,7,0.76,7.3,5.111111111,0,331,187
24/04/1977,114,4499,23,6.9,0.78,7.2,5.111111111,0,331,187
25/04/1977,115,4500,24,6.5,0.82,6.9,4.666666667,0,331,188
25/04/1977,115,4501,1,6,0.87,6.6,4.25,0,331,188
25/04/1977,115,4502,2,5.8,0.9,6.4,3.75,0,331,188
25/04/1977,115,4503,3,5.6,0.91,6.3,3.416666667,0,331,188
25/04/1977,115,4504,4,5.5,0.91,6.2,3.111111111,0,331,188
25/04/1977,115,4505,5,5.3,0.91,6.1,2.722222222,18.18,331,188
25/04/1977,115,4506,6,6.1,0.87,6.5,2.555555556,161.6,331,188
25/04/1977,115,4507,7,7.5,0.84,7.7,2.416666667,444.4,331,188
25/04/1977,115,4508,8,8.8,0.77,9,2.722222222,715.08,331,188
25/04/1977,115,4509,9,10.1,0.7,10.2,3.277777778,886.78,331,188
25/04/1977,115,4510,10,10.8,0.68,10.5,4.75,767.6,331,188
25/04/1977,115,4511,11,11.1,0.68,10.7,5.25,658.52,331,188
25/04/1977,115,4512,12,11.2,0.68,10.8,5.5,458.54,331,188
25/04/1977,115,4513,13,10.7,0.71,10.3,5.638888889,224.22,331,188
25/04/1977,115,4514,14,10.7,0.71,10.3,6.361111111,335.32,331,188
25/04/1977,115,4515,15,10.9,0.72,10.2,6.583333333,290.88,331,188
25/04/1977,115,4516,16,11,0.77,10.2,6.444444444,167.66,331,188
25/04/1977,115,4517,17,11.3,0.81,10.1,5.666666667,125.24,331,188
25/04/1977,115,4518,18,11.5,0.82,10,5.944444444,70.7,331,188
25/04/1977,115,4519,19,10.9,0.84,9.8,6.111111111,6.06,331,188
25/04/1977,115,4520,20,10.8,0.85,9.6,6.305555556,0,331,188
25/04/1977,115,4521,21,10.8,0.86,9.6,6.361111111,0,331,188
25/04/1977,115,4522,22,10.7,0.87,9.5,6.138888889,0,331,188
25/04/1977,115,4523,23,10.6,0.88,9.4,6.138888889,0,331,188
26/04/1977,116,4524,24,10.5,0.88,9.4,6.222222222,0,331,189
26/04/1977,116,4525,1,10.3,0.89,9.4,6.222222222,0,331,189
26/04/1977,116,4526,2,10.2,0.89,9.3,6.138888889,0,331,189
26/04/1977,116,4527,3,10.2,0.89,9.3,6.083333333,0,331,189
26/04/1977,116,4528,4,10.1,0.89,9.3,5.805555556,0,331,189
26/04/1977,116,4529,5,10.1,0.89,9.3,5.75,6.06,331,189
26/04/1977,116,4530,6,10.2,0.88,9.4,6.083333333,42.42,331,189
26/04/1977,116,4531,7,10.8,0.87,9.6,6.777777778,111.1,331,189
26/04/1977,116,4532,8,11.4,0.84,10,6.25,167.66,331,189
26/04/1977,116,4533,9,12.3,0.77,10.6,7.527777778,347.44,331,189
26/04/1977,116,4534,10,13.3,0.74,11.2,7.888888889,426.22,331,189
26/04/1977,116,4535,11,14.1,0.72,11.7,7.944444444,569.64,331,189
26/04/1977,116,4536,12,14.8,0.69,12.3,7.611111111,644.38,331,189
26/04/1977,116,4537,13,14.8,0.69,12.4,6.75,517.12,331,189
26/04/1977,116,4538,14,14.9,0.68,12.6,6.472222222,535.3,331,189
26/04/1977,116,4539,15,14.8,0.68,12.7,6.666666667,416.12,331,189
26/04/1977,116,4540,16,14.8,0.68,12.9,6.083333333,519.14,331,189
26/04/1977,116,4541,17,14.3,0.71,12.6,6.5,280.78,331,189
26/04/1977,116,4542,18,13.4,0.72,12.1,6.944444444,105.04,331,189
26/04/1977,116,4543,19,12.3,0.78,11.5,8.194444444,16.16,331,189
26/04/1977,116,4544,20,11.1,0.87,10.9,9.222222222,0,331,189
26/04/1977,116,4545,21,9.6,0.92,10.2,7.694444444,0,331,189
26/04/1977,116,4546,22,8.4,0.88,9.6,7.25,0,331,189
26/04/1977,116,4547,23,7.6,0.87,9,6.194444444,0,331,189
27/04/1977,117,4548,24,7,0.87,8.4,5.5,0,331,190
27/04/1977,117,4549,1,6.9,0.87,8.1,5.194444444,0,331,190
27/04/1977,117,4550,2,6.7,0.88,7.9,5,0,331,190
27/04/1977,117,4551,3,6.5,0.9,7.6,4.888888889,0,331,190
27/04/1977,117,4552,4,6.4,0.9,7.4,4.777777778,0,331,190
27/04/1977,117,4553,5,6.5,0.9,7.4,4.805555556,24.24,331,190
27/04/1977,117,4554,6,7.1,0.88,7.6,5.333333333,183.82,331,190
27/04/1977,117,4555,7,7.8,0.83,8.2,6.444444444,385.82,331,190
27/04/1977,117,4556,8,8.5,0.81,8.9,7.027777778,573.68,331,190
27/04/1977,117,4557,9,9,0.79,9.6,7.166666667,854.46,331,190
27/04/1977,117,4558,10,9.5,0.77,10.3,7.777777778,1028.18,331,190
27/04/1977,117,4559,11,10,0.73,10.9,8.138888889,1236.24,331,190
27/04/1977,117,4560,12,9.8,0.68,11.3,8.361111111,1226.14,331,190
27/04/1977,117,4561,13,10.1,0.62,11.5,8.333333333,1353.4,331,190
27/04/1977,117,4562,14,10,0.6,11.7,8.527777778,1222.1,331,190
27/04/1977,117,4563,15,10,0.57,11.5,8.333333333,1117.06,331,190
27/04/1977,117,4564,16,9.9,0.57,11.2,8.111111111,820.12,331,190
27/04/1977,117,4565,17,9.6,0.58,10.7,7.222222222,555.5,331,190
27/04/1977,117,4566,18,9.1,0.62,10,5.555555556,278.76,331,190
27/04/1977,117,4567,19,7.8,0.68,9,4.305555556,56.56,331,190
27/04/1977,117,4568,20,6.9,0.73,8.2,3.888888889,0,331,190
27/04/1977,117,4569,21,6.2,0.76,7.5,3.666666667,0,331,190
27/04/1977,117,4570,22,5.7,0.78,7,3.611111111,0,331,190
27/04/1977,117,4571,23,5.2,0.79,6.6,3.805555556,0,331,190
28/04/1977,118,4572,24,4.9,0.79,6.3,4.111111111,0,331,191
28/04/1977,118,4573,1,4.6,0.81,6,4.361111111,0,331,191
28/04/1977,118,4574,2,4.3,0.83,5.8,4.138888889,0,331,191
28/04/1977,118,4575,3,3.9,0.85,5.5,3.694444444,0,331,191
28/04/1977,118,4576,4,3.5,0.87,5.2,3.916666667,0,331,191
28/04/1977,118,4577,5,3.5,0.88,5.1,4.222222222,32.32,331,191
28/04/1977,118,4578,6,4.7,0.85,5.7,4.611111111,208.06,331,191
28/04/1977,118,4579,7,6.7,0.79,7,4.888888889,517.12,331,191
28/04/1977,118,4580,8,8.6,0.72,8.4,5.527777778,803.96,331,191
28/04/1977,118,4581,9,10.2,0.64,9.7,6.333333333,1038.28,331,191
28/04/1977,118,4582,10,11.4,0.55,10.9,6.111111111,1169.58,331,191
28/04/1977,118,4583,11,12.2,0.48,11.6,5.888888889,1280.68,331,191
28/04/1977,118,4584,12,12.8,0.48,12,6.027777778,1442.28,331,191
28/04/1977,118,4585,13,12.7,0.5,12,5.527777778,945.36,331,191
28/04/1977,118,4586,14,12.4,0.52,11.8,5.722222222,614.08,331,191
28/04/1977,118,4587,15,12,0.58,11.4,5.111111111,422.18,331,191
28/04/1977,118,4588,16,11.9,0.6,11.2,4.222222222,521.16,331,191
28/04/1977,118,4589,17,11.9,0.61,11,4.444444444,468.64,331,191
28/04/1977,118,4590,18,11.4,0.64,10.5,3.694444444,193.92,331,191
28/04/1977,118,4591,19,10.8,0.66,9.9,3.194444444,36.36,331,191
28/04/1977,118,4592,20,10.3,0.68,9.5,3.111111111,0,331,191
28/04/1977,118,4593,21,9.9,0.69,9.2,2.944444444,0,331,191
28/04/1977,118,4594,22,9.7,0.72,9.1,2.388888889,0,331,191
28/04/1977,118,4595,23,9.2,0.77,8.9,2.111111111,0,331,191
29/04/1977,119,4596,24,8.4,0.84,8.5,2.5,0,331,192
29/04/1977,119,4597,1,8.2,0.86,8.2,3.555555556,0,331,192
29/04/1977,119,4598,2,8.1,0.89,8.2,5.027777778,0,331,192
29/04/1977,119,4599,3,7.3,0.91,8,5.777777778,0,331,192
29/04/1977,119,4600,4,6.6,0.89,7.7,6.583333333,0,331,192
29/04/1977,119,4601,5,6.4,0.85,7.3,6.055555556,20.2,331,192
29/04/1977,119,4602,6,6.9,0.85,7.5,5.416666667,214.12,331,192
29/04/1977,119,4603,7,8,0.81,8.2,6.833333333,517.12,331,192
29/04/1977,119,4604,8,9.2,0.73,9.1,7.222222222,777.7,331,192
29/04/1977,119,4605,9,10.1,0.67,9.9,7.444444444,860.52,331,192
29/04/1977,119,4606,10,10.7,0.65,10.5,7.611111111,892.84,331,192
29/04/1977,119,4607,11,11.5,0.59,11.1,7.416666667,973.64,331,192
29/04/1977,119,4608,12,12.2,0.55,11.8,7.444444444,1220.08,331,192
29/04/1977,119,4609,13,12.8,0.52,12.4,6.75,1280.68,331,192
29/04/1977,119,4610,14,12.7,0.52,12.3,6.666666667,1032.22,331,192
29/04/1977,119,4611,15,12.8,0.57,12.4,6.333333333,902.94,331,192
29/04/1977,119,4612,16,12.5,0.63,12.3,5.805555556,723.16,331,192
29/04/1977,119,4613,17,11.3,0.73,11.6,4.416666667,464.6,331,192
29/04/1977,119,4614,18,10.4,0.76,10.7,4.583333333,254.52,331,192
29/04/1977,119,4615,19,9.8,0.78,9.9,4.083333333,46.46,331,192
29/04/1977,119,4616,20,9.1,0.81,9.3,3.722222222,0,331,192
29/04/1977,119,4617,21,8.4,0.84,8.8,4.055555556,0,331,192
29/04/1977,119,4618,22,8.1,0.85,8.5,3.972222222,0,331,192
29/04/1977,119,4619,23,7.6,0.86,8.1,4.222222222,0,331,192
30/04/1977,120,4620,24,7.1,0.87,7.7,4.25,0,331,193
30/04/1977,120,4621,1,6.7,0.87,7.5,4.222222222,0,331,193
30/04/1977,120,4622,2,6.3,0.89,7.2,4.055555556,0,331,193
30/04/1977,120,4623,3,5.8,0.9,6.9,3.611111111,0,331,193
30/04/1977,120,4624,4,5.4,0.91,6.6,3.361111111,0,331,193
30/04/1977,120,4625,5,5.4,0.92,6.5,3.472222222,34.34,331,193
30/04/1977,120,4626,6,6.3,0.9,7,3.5,236.34,331,193
30/04/1977,120,4627,7,8.2,0.88,8.3,3.333333333,527.22,331,193
30/04/1977,120,4628,8,9.7,0.83,9.7,3.25,832.24,331,193
30/04/1977,120,4629,9,11.1,0.76,11.1,3.25,1096.86,331,193
30/04/1977,120,4630,10,12.2,0.73,12.5,3.361111111,1175.64,331,193
30/04/1977,120,4631,11,13,0.71,13.4,3.555555556,1363.5,331,193
30/04/1977,120,4632,12,13.5,0.69,13.9,3.444444444,1319.06,331,193
30/04/1977,120,4633,13,13.9,0.68,14.4,3.111111111,1294.82,331,193
30/04/1977,120,4634,14,14,0.67,14.3,2.5,1048.38,331,193
30/04/1977,120,4635,15,13.8,0.66,14,1.361111111,852.44,331,193
30/04/1977,120,4636,16,12.8,0.69,13.4,0.527777778,622.16,331,193
30/04/1977,120,4637,17,12.5,0.72,12.8,1,375.72,331,193
30/04/1977,120,4638,18,11.6,0.78,11.9,1.055555556,179.78,331,193
30/04/1977,120,4639,19,10.4,0.82,10.9,1.222222222,44.44,331,193
30/04/1977,120,4640,20,9.3,0.86,10.1,1.416666667,0,331,193
30/04/1977,120,4641,21,8.4,0.91,9.4,1.916666667,0,331,193
30/04/1977,120,4642,22,7.8,0.92,8.8,2.416666667,0,331,193
30/04/1977,120,4643,23,7.6,0.91,8.5,2.583333333,0,331,193
01/05/1977,121,4644,24,7.5,0.9,8.3,2.527777778,0,331,194
01/05/1977,121,4645,1,7.5,0.88,8.2,2.611111111,0,331,194
01/05/1977,121,4646,2,7.4,0.87,8,2.5,0,331,194
01/05/1977,121,4647,3,7.3,0.88,7.8,2.916666667,0,331,194
01/05/1977,121,4648,4,7.4,0.9,7.8,3.111111111,0,331,194
01/05/1977,121,4649,5,7.7,0.91,7.9,3.555555556,24.24,331,194
01/05/1977,121,4650,6,8.4,0.91,8.3,4.083333333,101,331,194
01/05/1977,121,4651,7,8.8,0.91,8.7,4.361111111,197.96,331,194
01/05/1977,121,4652,8,9.2,0.89,9,4.027777778,252.5,331,194
01/05/1977,121,4653,9,9.3,0.87,9.2,3.833333333,307.04,331,194
01/05/1977,121,4654,10,8.9,0.86,9,4.166666667,258.56,331,194
01/05/1977,121,4655,11,8.6,0.85,8.9,4.166666667,246.44,331,194
01/05/1977,121,4656,12,8.4,0.85,8.8,4.527777778,197.96,331,194
01/05/1977,121,4657,13,8.2,0.85,8.6,4.694444444,191.9,331,194
01/05/1977,121,4658,14,7.8,0.86,8.4,4.166666667,147.46,331,194
01/05/1977,121,4659,15,7.8,0.86,8.4,3.194444444,169.68,331,194
01/05/1977,121,4660,16,7.9,0.84,8.4,1.805555556,129.28,331,194
01/05/1977,121,4661,17,8.1,0.82,8.5,1,141.4,331,194
01/05/1977,121,4662,18,8.2,0.82,8.6,1.222222222,90.9,331,194
01/05/1977,121,4663,19,7.7,0.86,8.2,2.166666667,24.24,331,194
01/05/1977,121,4664,20,7.3,0.89,7.8,2.944444444,0,331,194
01/05/1977,121,4665,21,6.6,0.92,7.4,3.361111111,0,331,194
01/05/1977,121,4666,22,6.1,0.94,7,3.972222222,0,331,194
01/05/1977,121,4667,23,5.9,0.94,6.8,4.444444444,0,331,194
02/05/1977,122,4668,24,6,0.94,6.7,4.611111111,0,331,195
02/05/1977,122,4669,1,6.1,0.93,6.7,4.388888889,0,331,195
02/05/1977,122,4670,2,6.2,0.93,6.7,4.111111111,0,331,195
02/05/1977,122,4671,3,5.8,0.94,6.5,3.611111111,0,331,195
02/05/1977,122,4672,4,5.5,0.95,6.3,3.166666667,0,331,195
02/05/1977,122,4673,5,5.4,0.95,6.2,3.277777778,42.42,331,195
02/05/1977,122,4674,6,6.4,0.94,6.8,3.555555556,242.4,331,195
02/05/1977,122,4675,7,8.3,0.89,8,4,531.26,331,195
02/05/1977,122,4676,8,9.8,0.77,9.1,4.027777778,761.54,331,195
02/05/1977,122,4677,9,10.9,0.7,10.2,3.972222222,904.96,331,195
02/05/1977,122,4678,10,12.1,0.64,11.3,4,953.44,331,195
02/05/1977,122,4679,11,13,0.59,12,3.944444444,1074.64,331,195
02/05/1977,122,4680,12,13.8,0.55,12.4,3.861111111,1102.92,331,195
02/05/1977,122,4681,13,14.3,0.53,12.6,3.666666667,842.34,331,195
02/05/1977,122,4682,14,14.9,0.51,13,3.361111111,803.96,331,195
02/05/1977,122,4683,15,15,0.51,13,2.472222222,904.96,331,195
02/05/1977,122,4684,16,14.8,0.56,12.7,2.5,632.26,331,195
02/05/1977,122,4685,17,14.6,0.59,12.6,2.833333333,480.76,331,195
02/05/1977,122,4686,18,13.5,0.65,12,3.611111111,250.48,331,195
02/05/1977,122,4687,19,11.9,0.68,11,4.166666667,62.62,331,195
02/05/1977,122,4688,20,11.2,0.69,10.4,5.027777778,0,331,195
02/05/1977,122,4689,21,10.8,0.7,10,5.694444444,0,331,195
02/05/1977,122,4690,22,10.6,0.7,9.7,5.861111111,0,331,195
02/05/1977,122,4691,23,10.8,0.7,9.7,5.916666667,0,331,195
03/05/1977,123,4692,24,11,0.72,9.7,6.305555556,0,331,196
03/05/1977,123,4693,1,11.1,0.74,9.7,6.666666667,0,331,196
03/05/1977,123,4694,2,11,0.76,9.7,6.416666667,0,331,196
03/05/1977,123,4695,3,10.7,0.78,9.6,6.166666667,0,331,196
03/05/1977,123,4696,4,10.4,0.8,9.5,5.777777778,0,331,196
03/05/1977,123,4697,5,10.1,0.83,9.5,5.222222222,42.42,331,196
03/05/1977,123,4698,6,10.6,0.83,9.7,5.027777778,193.92,331,196
03/05/1977,123,4699,7,11.8,0.82,10.4,4.611111111,375.72,331,196
03/05/1977,123,4700,8,12.9,0.79,11.2,4,561.56,331,196
03/05/1977,123,4701,9,13.6,0.74,12.1,3.666666667,719.12,331,196
03/05/1977,123,4702,10,14,0.72,12.8,2.888888889,775.68,331,196
03/05/1977,123,4703,11,14.8,0.68,13.9,3.027777778,1001.92,331,196
03/05/1977,123,4704,12,14.9,0.65,14.2,3.388888889,1104.94,331,196
03/05/1977,123,4705,13,14.6,0.65,14,3.166666667,739.32,331,196
03/05/1977,123,4706,14,14.5,0.63,13.8,2.611111111,626.2,331,196
03/05/1977,123,4707,15,14.6,0.62,13.8,2.194444444,646.4,331,196
03/05/1977,123,4708,16,14.5,0.62,13.5,2.222222222,581.76,331,196
03/05/1977,123,4709,17,14.1,0.66,13.1,1.5,309.06,331,196
03/05/1977,123,4710,18,13.5,0.7,12.6,0.583333333,163.62,331,196
03/05/1977,123,4711,19,13.1,0.75,12,1.611111111,70.7,331,196
03/05/1977,123,4712,20,12,0.8,11.3,2.166666667,0,331,196
03/05/1977,123,4713,21,11.6,0.82,11,2.166666667,0,331,196
03/05/1977,123,4714,22,11.2,0.84,10.7,3,0,331,196
03/05/1977,123,4715,23,10.7,0.87,10.5,2.916666667,0,331,196
04/05/1977,124,4716,24,10.6,0.86,10.4,3.666666667,0,331,197
04/05/1977,124,4717,1,10.6,0.88,10.3,4.638888889,0,331,197
04/05/1977,124,4718,2,10.3,0.9,10.2,5.222222222,0,331,197
04/05/1977,124,4719,3,9.9,0.9,10,5.5,0,331,197
04/05/1977,124,4720,4,9.5,0.9,9.9,5.944444444,0,331,197
04/05/1977,124,4721,5,9.4,0.9,9.8,5.638888889,8.08,331,197
04/05/1977,124,4722,6,9.5,0.9,9.8,5.277777778,46.46,331,197
04/05/1977,124,4723,7,10.6,0.92,10.1,4.944444444,153.52,331,197
04/05/1977,124,4724,8,10.8,0.92,10.4,4.805555556,175.74,331,197
04/05/1977,124,4725,9,11.3,0.91,10.8,4.861111111,303,331,197
04/05/1977,124,4726,10,11.7,0.9,11.2,4.166666667,321.18,331,197
04/05/1977,124,4727,11,12.4,0.88,11.8,4.361111111,422.18,331,197
04/05/1977,124,4728,12,12.7,0.88,12.3,4.5,440.36,331,197
04/05/1977,124,4729,13,12.7,0.89,12.5,3.888888889,430.26,331,197
04/05/1977,124,4730,14,12.6,0.89,12.6,3.222222222,406.02,331,197
04/05/1977,124,4731,15,12.3,0.89,12.6,3.027777778,353.5,331,197
04/05/1977,124,4732,16,11.7,0.89,12.3,3.805555556,264.62,331,197
04/05/1977,124,4733,17,10.8,0.9,11.7,3.861111111,153.52,331,197
04/05/1977,124,4734,18,10.2,0.91,11.2,3.805555556,107.06,331,197
04/05/1977,124,4735,19,10.6,0.94,10.9,3.833333333,34.34,331,197
04/05/1977,124,4736,20,10.1,0.94,10.7,3.916666667,0,331,197
04/05/1977,124,4737,21,9.7,0.94,10.4,3.722222222,0,331,197
04/05/1977,124,4738,22,9.5,0.94,10.2,3.722222222,0,331,197
04/05/1977,124,4739,23,9.2,0.94,10,3.5,0,331,197
05/05/1977,125,4740,24,9,0.93,9.8,3.555555556,0,331,198
05/05/1977,125,4741,1,9,0.93,9.7,4.111111111,0,331,198
05/05/1977,125,4742,2,8.8,0.92,9.6,4.888888889,0,331,198
05/05/1977,125,4743,3,8.7,0.92,9.5,5.222222222,0,331,198
05/05/1977,125,4744,4,8.6,0.92,9.4,5.166666667,0,331,198
05/05/1977,125,4745,5,8.7,0.9,9.3,5.111111111,16.16,331,198
05/05/1977,125,4746,6,8.9,0.87,9.4,5.722222222,74.74,331,198
05/05/1977,125,4747,7,9.1,0.83,9.7,5.805555556,212.1,331,198
05/05/1977,125,4748,8,9.3,0.82,9.8,6.305555556,216.14,331,198
05/05/1977,125,4749,9,9.5,0.8,9.9,6.472222222,260.58,331,198
05/05/1977,125,4750,10,10,0.77,10.2,6.861111111,286.84,331,198
05/05/1977,125,4751,11,10.6,0.75,10.7,6.583333333,444.4,331,198
05/05/1977,125,4752,12,11,0.75,11,6.083333333,563.58,331,198
05/05/1977,125,4753,13,11.6,0.72,11.5,5.722222222,559.54,331,198
05/05/1977,125,4754,14,11.8,0.7,11.7,4.944444444,599.94,331,198
05/05/1977,125,4755,15,11.5,0.71,11.5,4.361111111,373.7,331,198
05/05/1977,125,4756,16,11.2,0.72,11.3,3.944444444,325.22,331,198
05/05/1977,125,4757,17,11,0.73,11.2,3.555555556,189.88,331,198
05/05/1977,125,4758,18,10.6,0.76,10.8,3.333333333,129.28,331,198
05/05/1977,125,4759,19,9.5,0.84,10.2,2.777777778,30.3,331,198
05/05/1977,125,4760,20,9,0.87,9.7,2.611111111,0,331,198
05/05/1977,125,4761,21,8.5,0.89,9.3,3.138888889,0,331,198
05/05/1977,125,4762,22,8.2,0.9,9,3.666666667,0,331,198
05/05/1977,125,4763,23,8.2,0.89,8.9,3.75,0,331,198
06/05/1977,126,4764,24,8,0.89,8.7,4.194444444,0,331,199
06/05/1977,126,4765,1,7.6,0.9,8.5,4.638888889,0,331,199
06/05/1977,126,4766,2,7.3,0.91,8.3,5,0,331,199
06/05/1977,126,4767,3,6.9,0.92,8,5.416666667,0,331,199
06/05/1977,126,4768,4,6.6,0.93,7.7,5.472222222,0,331,199
06/05/1977,126,4769,5,6.7,0.93,7.7,5.666666667,42.42,331,199
06/05/1977,126,4770,6,7.3,0.91,8.1,5.972222222,204.02,331,199
06/05/1977,126,4771,7,8.7,0.84,8.9,6.583333333,391.88,331,199
06/05/1977,126,4772,8,9.9,0.75,9.7,6.305555556,626.2,331,199
06/05/1977,126,4773,9,10.8,0.67,10.5,5.972222222,896.88,331,199
06/05/1977,126,4774,10,11.5,0.66,11.4,5.777777778,981.72,331,199
06/05/1977,126,4775,11,12.1,0.67,12.2,5.527777778,1177.66,331,199
06/05/1977,126,4776,12,12.8,0.68,13,5.194444444,1383.7,331,199
06/05/1977,126,4777,13,13.3,0.68,13.6,4.944444444,1262.5,331,199
06/05/1977,126,4778,14,13.4,0.69,13.9,4.722222222,1203.92,331,199
06/05/1977,126,4779,15,13.3,0.69,13.8,4.388888889,995.86,331,199
06/05/1977,126,4780,16,12.9,0.69,13.5,3.888888889,775.68,331,199
06/05/1977,126,4781,17,11.7,0.72,12.6,3.444444444,458.54,331,199
06/05/1977,126,4782,18,11.1,0.74,11.7,1.75,294.92,331,199
06/05/1977,126,4783,19,10.4,0.74,10.7,2.055555556,70.7,331,199
06/05/1977,126,4784,20,9.3,0.81,9.8,2.388888889,0,331,199
06/05/1977,126,4785,21,8.4,0.85,9.1,2.583333333,0,331,199
06/05/1977,126,4786,22,7.9,0.88,8.6,2.25,0,331,199
06/05/1977,126,4787,23,7.3,0.9,8.2,2.277777778,0,331,199
07/05/1977,127,4788,24,7.1,0.9,8,2.416666667,0,331,200
07/05/1977,127,4789,1,6.7,0.91,7.7,2.527777778,0,331,200
07/05/1977,127,4790,2,6.4,0.92,7.5,2.666666667,0,331,200
07/05/1977,127,4791,3,6.1,0.93,7.3,2.861111111,0,331,200
07/05/1977,127,4792,4,5.8,0.93,7.1,2.944444444,0,331,200
07/05/1977,127,4793,5,5.9,0.93,7.1,3.138888889,66.66,331,200
07/05/1977,127,4794,6,7.2,0.9,7.8,3.138888889,292.9,331,200
07/05/1977,127,4795,7,8.8,0.84,9,3.194444444,577.72,331,200
07/05/1977,127,4796,8,10.1,0.78,10.2,3.388888889,866.58,331,200
07/05/1977,127,4797,9,11.2,0.68,11.4,3.888888889,1135.24,331,200
07/05/1977,127,4798,10,11.9,0.65,12.2,4.166666667,1121.1,331,200
07/05/1977,127,4799,11,12.5,0.67,12.8,4.027777778,1161.5,331,200
07/05/1977,127,4800,12,12.7,0.7,13.3,3.888888889,1268.56,331,200
07/05/1977,127,4801,13,13,0.7,13.8,3.861111111,1310.98,331,200
07/05/1977,127,4802,14,13,0.7,13.8,3.722222222,1155.44,331,200
07/05/1977,127,4803,15,12.5,0.69,13.4,3.722222222,911.02,331,200
07/05/1977,127,4804,16,12,0.69,12.8,3.777777778,743.36,331,200
07/05/1977,127,4805,17,11.5,0.7,12.2,3.527777778,472.68,331,200
07/05/1977,127,4806,18,10.8,0.75,11.5,2.444444444,214.12,331,200
07/05/1977,127,4807,19,10,0.83,10.8,1.583333333,58.58,331,200
07/05/1977,127,4808,20,9.2,0.88,10,2,0,331,200
07/05/1977,127,4809,21,8.4,0.91,9.5,2.111111111,0,331,200
07/05/1977,127,4810,22,8,0.93,9.1,2.611111111,0,331,200
07/05/1977,127,4811,23,7.7,0.94,8.8,2.555555556,0,331,200
08/05/1977,128,4812,24,7.3,0.95,8.6,2.722222222,0,331,201
08/05/1977,128,4813,1,7.2,0.95,8.4,2.833333333,0,331,201
08/05/1977,128,4814,2,6.9,0.96,8.2,2.972222222,0,331,201
08/05/1977,128,4815,3,6.7,0.96,8,2.833333333,0,331,201
08/05/1977,128,4816,4,6.6,0.96,7.9,2.722222222,0,331,201
08/05/1977,128,4817,5,6.7,0.96,7.9,2.916666667,46.46,331,201
08/05/1977,128,4818,6,7.3,0.93,8.3,2.916666667,179.78,331,201
08/05/1977,128,4819,7,8.1,0.9,8.9,2.805555556,393.9,331,201
08/05/1977,128,4820,8,9.1,0.89,9.9,2.222222222,658.52,331,201
08/05/1977,128,4821,9,10.2,0.87,11.1,1.972222222,834.26,331,201
08/05/1977,128,4822,10,11.1,0.84,12.2,2.027777778,1036.26,331,201
08/05/1977,128,4823,11,11.7,0.83,12.9,1.972222222,1100.9,331,201
08/05/1977,128,4824,12,12.2,0.81,13.6,1.777777778,1193.82,331,201
08/05/1977,128,4825,13,12.3,0.78,13.9,1.472222222,1068.58,331,201
08/05/1977,128,4826,14,12.5,0.75,14,1.111111111,925.16,331,201
08/05/1977,128,4827,15,12.4,0.73,13.6,1.222222222,686.8,331,201
08/05/1977,128,4828,16,12.4,0.71,13.2,1.388888889,551.46,331,201
08/05/1977,128,4829,17,11.9,0.69,12.6,2.388888889,387.84,331,201
08/05/1977,128,4830,18,11.2,0.75,11.7,2.5,266.64,331,201
08/05/1977,128,4831,19,10.3,0.8,10.9,2.583333333,68.68,331,201
08/05/1977,128,4832,20,9.4,0.85,10.1,2.5,0,331,201
08/05/1977,128,4833,21,8.9,0.88,9.6,2.222222222,0,331,201
08/05/1977,128,4834,22,8.3,0.91,9.1,2.138888889,0,331,201
08/05/1977,128,4835,23,7.8,0.93,8.8,2.583333333,0,331,201
09/05/1977,129,4836,24,6.9,0.96,8.3,1.916666667,0,331,202
09/05/1977,129,4837,1,7.8,0.94,7.5,0.694444444,0,331,202
09/05/1977,129,4838,2,7.7,0.95,6.8,0.722222222,0,331,202
09/05/1977,129,4839,3,5.4,1,6.5,1.194444444,0,331,202
09/05/1977,129,4840,4,5.3,1,6.7,1.111111111,0,331,202
09/05/1977,129,4841,5,5.5,1,7.3,0.75,46.46,331,202
09/05/1977,129,4842,6,6.5,0.98,8.7,0.888888889,185.84,331,202
09/05/1977,129,4843,7,8.4,0.96,9.9,1.416666667,383.8,331,202
09/05/1977,129,4844,8,9.2,0.91,10.8,1.638888889,591.86,331,202
09/05/1977,129,4845,9,10.9,0.8,12,1.916666667,961.52,331,202
09/05/1977,129,4846,10,12.1,0.7,12.8,2.277777778,1094.84,331,202
09/05/1977,129,4847,11,12.7,0.64,13,3.055555556,1169.58,331,202
09/05/1977,129,4848,12,13,0.62,13.2,3.972222222,1135.24,331,202
09/05/1977,129,4849,13,13.1,0.62,13.3,4.305555556,1143.32,331,202
09/05/1977,129,4850,14,13.2,0.61,13.3,3.888888889,967.58,331,202
09/05/1977,129,4851,15,13.2,0.61,13.1,4.027777778,731.24,331,202
09/05/1977,129,4852,16,13.1,0.61,12.9,3.888888889,571.66,331,202
09/05/1977,129,4853,17,12.7,0.65,12.3,2.583333333,339.36,331,202
09/05/1977,129,4854,18,12.1,0.68,11.8,1.694444444,189.88,331,202
09/05/1977,129,4855,19,11.4,0.72,11.2,1.861111111,58.58,331,202
09/05/1977,129,4856,20,10.8,0.76,10.7,2.444444444,2.02,331,202
09/05/1977,129,4857,21,10.4,0.8,10.4,3.277777778,0,331,202
09/05/1977,129,4858,22,10.1,0.83,10.2,3.472222222,0,331,202
09/05/1977,129,4859,23,9.8,0.86,10,3.388888889,0,331,202
10/05/1977,130,4860,24,9.7,0.86,9.8,3.361111111,0,331,203
10/05/1977,130,4861,1,9.5,0.88,9.7,3.444444444,0,331,203
10/05/1977,130,4862,2,9.4,0.89,9.6,3.722222222,0,331,203
10/05/1977,130,4863,3,9.3,0.91,9.5,4.194444444,0,331,203
10/05/1977,130,4864,4,9.4,0.9,9.5,4.805555556,0,331,203
10/05/1977,130,4865,5,9.5,0.89,9.5,5.222222222,34.34,331,203
10/05/1977,130,4866,6,9.7,0.88,9.5,5.444444444,107.06,331,203
10/05/1977,130,4867,7,10.1,0.89,9.8,5.694444444,86.86,331,203
10/05/1977,130,4868,8,10.3,0.87,9.9,6.361111111,86.86,331,203
10/05/1977,130,4869,9,10.5,0.87,10.1,7.055555556,131.3,331,203
10/05/1977,130,4870,10,11.1,0.85,10.4,7.083333333,214.12,331,203
10/05/1977,130,4871,11,12.2,0.78,11.1,6.333333333,482.78,331,203
10/05/1977,130,4872,12,13,0.72,11.7,7.138888889,595.9,331,203
10/05/1977,130,4873,13,13.1,0.73,12.1,7.388888889,636.3,331,203
10/05/1977,130,4874,14,13,0.76,12.3,6.833333333,561.56,331,203
10/05/1977,130,4875,15,12.6,0.81,12.4,5.916666667,547.42,331,203
10/05/1977,130,4876,16,12.5,0.83,12.3,5.388888889,567.62,331,203
10/05/1977,130,4877,17,12.6,0.84,12.2,5,414.1,331,203
10/05/1977,130,4878,18,12.3,0.84,11.9,4.527777778,282.8,331,203
10/05/1977,130,4879,19,11.3,0.87,11.3,3.722222222,86.86,331,203
10/05/1977,130,4880,20,10.7,0.9,10.7,3.166666667,2.02,331,203
10/05/1977,130,4881,21,10.3,0.91,10.3,3.111111111,0,331,203
10/05/1977,130,4882,22,10.4,0.9,10.1,3.138888889,0,331,203
10/05/1977,130,4883,23,10.4,0.9,10.1,2.694444444,0,331,203
11/05/1977,131,4884,24,10.2,0.89,10,2.555555556,0,331,204
11/05/1977,131,4885,1,9.5,0.91,9.6,2.805555556,0,331,204
11/05/1977,131,4886,2,8.8,0.92,9.2,3.111111111,0,331,204
11/05/1977,131,4887,3,8.3,0.93,8.9,3.416666667,0,331,204
11/05/1977,131,4888,4,7.8,0.94,8.6,3.555555556,0,331,204
11/05/1977,131,4889,5,7.8,0.93,8.5,3.638888889,68.68,331,204
11/05/1977,131,4890,6,8.9,0.9,9.2,3.972222222,256.54,331,204
11/05/1977,131,4891,7,10.4,0.87,10.3,5.027777778,529.24,331,204
11/05/1977,131,4892,8,11.6,0.82,11.3,5.333333333,644.38,331,204
11/05/1977,131,4893,9,12.6,0.78,12.1,5.555555556,668.62,331,204
11/05/1977,131,4894,10,13.3,0.77,12.6,5.527777778,614.08,331,204
11/05/1977,131,4895,11,13.7,0.79,12.9,5.972222222,539.34,331,204
11/05/1977,131,4896,12,13.8,0.82,12.9,6.25,351.48,331,204
11/05/1977,131,4897,13,13.8,0.83,12.7,6.305555556,264.62,331,204
11/05/1977,131,4898,14,14.2,0.83,12.7,5.555555556,133.32,331,204
11/05/1977,131,4899,15,14.8,0.81,12.9,6.5,357.54,331,204
11/05/1977,131,4900,16,15,0.8,13.3,6.861111111,454.5,331,204
11/05/1977,131,4901,17,14.1,0.8,12.9,6.888888889,298.96,331,204
11/05/1977,131,4902,18,13.5,0.78,12.6,7.944444444,244.42,331,204
11/05/1977,131,4903,19,13.2,0.77,12.2,7.777777778,64.64,331,204
11/05/1977,131,4904,20,12.5,0.78,11.8,7.361111111,2.02,331,204
11/05/1977,131,4905,21,12.4,0.81,11.5,7.25,0,331,204
11/05/1977,131,4906,22,12.2,0.82,11.3,7.333333333,0,331,204
11/05/1977,131,4907,23,12.1,0.83,11.2,7.305555556,0,331,204
12/05/1977,132,4908,24,12,0.84,11.2,7,0,331,205
12/05/1977,132,4909,1,12.1,0.85,11.2,6.444444444,0,331,205
12/05/1977,132,4910,2,12,0.86,11.2,5.25,0,331,205
12/05/1977,132,4911,3,11.8,0.87,11.1,4.333333333,0,331,205
12/05/1977,132,4912,4,11.6,0.9,11,4.25,0,331,205
12/05/1977,132,4913,5,11.4,0.92,11,4.472222222,20.2,331,205
12/05/1977,132,4914,6,11.2,0.93,10.9,4.527777778,44.44,331,205
12/05/1977,132,4915,7,11.5,0.93,10.9,4.75,32.32,331,205
12/05/1977,132,4916,8,11.4,0.91,10.9,4.972222222,88.88,331,205
12/05/1977,132,4917,9,11.2,0.91,10.9,5.416666667,125.24,331,205
12/05/1977,132,4918,10,11.1,0.86,10.9,5.611111111,214.12,331,205
12/05/1977,132,4919,11,10.6,0.85,10.7,7.138888889,171.7,331,205
12/05/1977,132,4920,12,11.2,0.79,11.1,8.222222222,422.18,331,205
12/05/1977,132,4921,13,11.9,0.78,11.7,8.083333333,678.72,331,205
12/05/1977,132,4922,14,12.3,0.76,11.8,7.583333333,624.18,331,205
12/05/1977,132,4923,15,13.3,0.78,12.2,7.333333333,721.14,331,205
12/05/1977,132,4924,16,13.3,0.78,12.6,7,676.7,331,205
12/05/1977,132,4925,17,12.5,0.77,12.2,7.055555556,412.08,331,205
12/05/1977,132,4926,18,12.2,0.77,11.7,6.305555556,290.88,331,205
12/05/1977,132,4927,19,11.1,0.75,11.1,5.527777778,105.04,331,205
12/05/1977,132,4928,20,10.2,0.78,10.4,4.888888889,2.02,331,205
12/05/1977,132,4929,21,9.4,0.82,9.9,4.694444444,0,331,205
12/05/1977,132,4930,22,9.1,0.84,9.5,3.972222222,0,331,205
12/05/1977,132,4931,23,8.6,0.87,9.2,3.777777778,0,331,205
13/05/1977,133,4932,24,8.5,0.88,9,3.5,0,331,206
13/05/1977,133,4933,1,8.4,0.89,8.9,3.388888889,0,331,206
13/05/1977,133,4934,2,8.2,0.9,8.8,3.444444444,0,331,206
13/05/1977,133,4935,3,8,0.91,8.7,3.555555556,0,331,206
13/05/1977,133,4936,4,7.8,0.92,8.5,3.75,0,331,206
13/05/1977,133,4937,5,8,0.92,8.6,3.888888889,60.6,331,206
13/05/1977,133,4938,6,9,0.88,9.2,4.027777778,246.44,331,206
13/05/1977,133,4939,7,9.4,0.91,9.8,4.194444444,377.74,331,206
13/05/1977,133,4940,8,10.3,0.9,10.5,4.5,565.6,331,206
13/05/1977,133,4941,9,11.1,0.89,11.3,4.472222222,702.96,331,206
13/05/1977,133,4942,10,11.7,0.85,12,5.638888889,884.76,331,206
13/05/1977,133,4943,11,12.2,0.83,12.7,5.222222222,1119.08,331,206
13/05/1977,133,4944,12,12.1,0.79,13,4.194444444,1141.3,331,206
13/05/1977,133,4945,13,12,0.79,13,3.916666667,1169.58,331,206
13/05/1977,133,4946,14,12.1,0.8,13.1,3.638888889,965.56,331,206
13/05/1977,133,4947,15,12.2,0.81,13.1,3.722222222,848.4,331,206
13/05/1977,133,4948,16,11.6,0.79,12.9,4.5,601.96,331,206
13/05/1977,133,4949,17,10.6,0.76,12.1,4.305555556,454.5,331,206
13/05/1977,133,4950,18,9.8,0.81,11.2,3.555555556,197.96,331,206
13/05/1977,133,4951,19,9.1,0.83,10.5,3.611111111,76.76,331,206
13/05/1977,133,4952,20,8.5,0.85,9.8,3.222222222,2.02,331,206
13/05/1977,133,4953,21,8.2,0.87,9.4,2.777777778,0,331,206
13/05/1977,133,4954,22,7.9,0.89,9.3,2.888888889,0,331,206
13/05/1977,133,4955,23,7.4,0.92,9,4.25,0,331,206
14/05/1977,134,4956,24,7,0.91,8.8,5.166666667,0,331,207
14/05/1977,134,4957,1,6.6,0.89,8.4,5.638888889,0,331,207
14/05/1977,134,4958,2,6.2,0.87,8.1,4.611111111,0,331,207
14/05/1977,134,4959,3,6,0.85,7.8,3.75,0,331,207
14/05/1977,134,4960,4,5.9,0.83,7.6,2.833333333,0,331,207
14/05/1977,134,4961,5,6,0.85,7.5,2.555555556,58.58,331,207
14/05/1977,134,4962,6,6.7,0.81,7.9,2.722222222,208.06,331,207
14/05/1977,134,4963,7,7.5,0.74,8.8,3.583333333,480.76,331,207
14/05/1977,134,4964,8,7.9,0.72,9.2,3.583333333,660.54,331,207
14/05/1977,134,4965,9,8.2,0.7,9.6,3.611111111,783.76,331,207
14/05/1977,134,4966,10,8.8,0.67,10.5,3.916666667,917.08,331,207
14/05/1977,134,4967,11,9.4,0.66,11.1,3.916666667,1042.32,331,207
14/05/1977,134,4968,12,10.1,0.68,11.9,4.222222222,1181.7,331,207
14/05/1977,134,4969,13,10.6,0.68,12.6,4.444444444,1375.62,331,207
14/05/1977,134,4970,14,11,0.68,12.9,4.194444444,1308.96,331,207
14/05/1977,134,4971,15,11.1,0.67,13,4.416666667,1032.22,331,207
14/05/1977,134,4972,16,10.4,0.64,12.3,4.805555556,662.56,331,207
14/05/1977,134,4973,17,9.7,0.66,11.4,4.694444444,543.38,331,207
14/05/1977,134,4974,18,9.2,0.7,10.7,4.194444444,309.06,331,207
14/05/1977,134,4975,19,8.3,0.69,9.8,3.555555556,111.1,331,207
14/05/1977,134,4976,20,7.6,0.72,9,3.111111111,4.04,331,207
14/05/1977,134,4977,21,6.9,0.75,8.4,3.25,0,331,207
14/05/1977,134,4978,22,6.3,0.78,7.9,3.416666667,0,331,207
14/05/1977,134,4979,23,5.7,0.8,7.4,3.333333333,0,331,207
15/05/1977,135,4980,24,5.3,0.81,7,3.166666667,0,331,208
15/05/1977,135,4981,1,4.9,0.82,6.7,3.055555556,0,331,208
15/05/1977,135,4982,2,4.6,0.83,6.4,2.972222222,0,331,208
15/05/1977,135,4983,3,4.3,0.83,6.2,3,0,331,208
15/05/1977,135,4984,4,4,0.85,5.9,3.277777778,2.02,331,208
15/05/1977,135,4985,5,4.5,0.84,6.1,3.611111111,103.02,331,208
15/05/1977,135,4986,6,5.8,0.78,6.9,3.861111111,343.4,331,208
15/05/1977,135,4987,7,7.3,0.76,8.2,4.166666667,630.24,331,208
15/05/1977,135,4988,8,8.8,0.71,9.5,4.194444444,904.96,331,208
15/05/1977,135,4989,9,10,0.62,10.8,4.25,1161.5,331,208
15/05/1977,135,4990,10,10.8,0.56,11.5,4.027777778,1149.38,331,208
15/05/1977,135,4991,11,11.5,0.52,12.3,3.888888889,1323.1,331,208
15/05/1977,135,4992,12,12.1,0.5,12.8,3.666666667,1345.32,331,208
15/05/1977,135,4993,13,12.3,0.5,12.7,3.722222222,1066.56,331,208
15/05/1977,135,4994,14,12.6,0.49,12.9,3.972222222,955.46,331,208
15/05/1977,135,4995,15,12.9,0.48,12.8,4.25,882.74,331,208
15/05/1977,135,4996,16,13,0.48,12.7,4.416666667,741.34,331,208
15/05/1977,135,4997,17,12.7,0.52,12.2,4.305555556,500.96,331,208
15/05/1977,135,4998,18,11.8,0.58,11.6,3.916666667,303,331,208
15/05/1977,135,4999,19,11,0.64,10.9,4.277777778,125.24,331,208
15/05/1977,135,5000,20,9.7,0.68,10,5.083333333,6.06,331,208
15/05/1977,135,5001,21,9,0.7,9.5,5.638888889,0,331,208
15/05/1977,135,5002,22,8.5,0.71,9.1,5.611111111,0,331,208
15/05/1977,135,5003,23,8.1,0.72,8.8,5.5,0,331,208
16/05/1977,136,5004,24,7.7,0.75,8.5,5.472222222,0,331,209
16/05/1977,136,5005,1,7.6,0.76,8.3,5.333333333,0,331,209
16/05/1977,136,5006,2,7.5,0.77,8.2,5.277777778,0,331,209
16/05/1977,136,5007,3,7.4,0.77,8,5.361111111,0,331,209
16/05/1977,136,5008,4,7.2,0.76,7.9,5.583333333,2.02,331,209
16/05/1977,136,5009,5,7.5,0.74,8,6,80.8,331,209
16/05/1977,136,5010,6,7.9,0.74,8.4,6.083333333,254.52,331,209
16/05/1977,136,5011,7,8.1,0.77,8.9,6.527777778,464.6,331,209
16/05/1977,136,5012,8,8.5,0.78,9.3,6.694444444,591.86,331,209
16/05/1977,136,5013,9,9.1,0.8,9.8,6.75,771.64,331,209
16/05/1977,136,5014,10,10.1,0.79,10.6,7.388888889,1005.96,331,209
16/05/1977,136,5015,11,10.4,0.78,10.7,7.166666667,812.04,331,209
16/05/1977,136,5016,12,10.9,0.77,11,6.944444444,894.86,331,209
16/05/1977,136,5017,13,11.1,0.74,10.9,6.611111111,573.68,331,209
16/05/1977,136,5018,14,10.8,0.77,10.4,6.222222222,303,331,209
16/05/1977,136,5019,15,11.2,0.75,10.4,6.472222222,488.84,331,209
16/05/1977,136,5020,16,11.7,0.73,10.6,6.777777778,377.74,331,209
16/05/1977,136,5021,17,11.7,0.71,10.7,7.111111111,333.3,331,209
16/05/1977,136,5022,18,11.4,0.7,10.5,7.583333333,204.02,331,209
16/05/1977,136,5023,19,10.7,0.75,10.2,7.527777778,68.68,331,209
16/05/1977,136,5024,20,10.4,0.73,10,7.333333333,2.02,331,209
16/05/1977,136,5025,21,10,0.71,9.8,7.027777778,0,331,209
16/05/1977,136,5026,22,9.7,0.71,9.5,6.944444444,0,331,209
16/05/1977,136,5027,23,9.3,0.72,9.3,6.638888889,0,331,209
17/05/1977,137,5028,24,8.7,0.75,9,6.361111111,0,331,210
17/05/1977,137,5029,1,8.4,0.78,8.7,6.222222222,0,331,210
17/05/1977,137,5030,2,8.1,0.8,8.5,6.138888889,0,331,210
17/05/1977,137,5031,3,8,0.81,8.3,6,0,331,210
17/05/1977,137,5032,4,7.8,0.82,8.2,6.083333333,2.02,331,210
17/05/1977,137,5033,5,8.1,0.83,8.2,6.083333333,50.5,331,210
17/05/1977,137,5034,6,8.7,0.82,8.5,5.861111111,185.84,331,210
17/05/1977,137,5035,7,9.9,0.73,9.2,6.222222222,535.3,331,210
17/05/1977,137,5036,8,11.3,0.68,10.3,6.444444444,775.68,331,210
17/05/1977,137,5037,9,12.7,0.63,11.6,6.361111111,1042.32,331,210
17/05/1977,137,5038,10,13.9,0.58,12.8,6.861111111,1266.54,331,210
17/05/1977,137,5039,11,14.7,0.56,13.7,6.5,1422.08,331,210
17/05/1977,137,5040,12,15.4,0.54,14.5,6.583333333,1470.56,331,210
17/05/1977,137,5041,13,15.9,0.55,15.1,6.694444444,1607.92,331,210
17/05/1977,137,5042,14,16,0.56,15.4,6.972222222,1440.26,331,210
17/05/1977,137,5043,15,15.8,0.57,15.1,7.111111111,1175.64,331,210
17/05/1977,137,5044,16,15.3,0.6,14.6,7.083333333,876.68,331,210
17/05/1977,137,5045,17,14.4,0.66,13.9,6.611111111,541.36,331,210
17/05/1977,137,5046,18,13.3,0.69,13.2,6.75,315.12,331,210
17/05/1977,137,5047,19,12.1,0.72,12.3,6.722222222,117.16,331,210
17/05/1977,137,5048,20,11,0.72,11.5,6.611111111,8.08,331,210
17/05/1977,137,5049,21,10.3,0.71,10.9,6.166666667,0,331,210
17/05/1977,137,5050,22,9.9,0.7,10.5,6,0,331,210
17/05/1977,137,5051,23,9.5,0.71,10.1,5.777777778,0,331,210
18/05/1977,138,5052,24,9.2,0.74,9.8,5.444444444,0,331,211
18/05/1977,138,5053,1,9,0.78,9.6,4.833333333,0,331,211
18/05/1977,138,5054,2,8.9,0.83,9.3,4.583333333,0,331,211
18/05/1977,138,5055,3,8.8,0.85,9.2,4.194444444,0,331,211
18/05/1977,138,5056,4,8.8,0.86,9,4.055555556,4.04,331,211
18/05/1977,138,5057,5,9.3,0.84,9.3,4.305555556,107.06,331,211
18/05/1977,138,5058,6,10.7,0.8,10.1,4.472222222,321.18,331,211
18/05/1977,138,5059,7,12.2,0.75,11.3,4.555555556,638.32,331,211
18/05/1977,138,5060,8,13.8,0.71,12.7,4.638888889,860.52,331,211
18/05/1977,138,5061,9,15.3,0.66,14,4.888888889,1199.88,331,211
18/05/1977,138,5062,10,16.3,0.58,15.1,5.861111111,1456.42,331,211
18/05/1977,138,5063,11,16.8,0.53,15.6,6.583333333,1555.4,331,211
18/05/1977,138,5064,12,17.2,0.5,16,6.75,1383.7,331,211
18/05/1977,138,5065,13,17.5,0.49,16.3,6.666666667,1440.26,331,211
18/05/1977,138,5066,14,17.8,0.48,16.3,6.583333333,1323.1,331,211
18/05/1977,138,5067,15,17.8,0.47,16.2,6.694444444,917.08,331,211
18/05/1977,138,5068,16,17.5,0.5,15.8,6.361111111,620.14,331,211
18/05/1977,138,5069,17,16.9,0.54,15.3,5.777777778,432.28,331,211
18/05/1977,138,5070,18,16.1,0.59,14.6,5.527777778,276.74,331,211
18/05/1977,138,5071,19,14.8,0.63,13.8,5.305555556,143.42,331,211
18/05/1977,138,5072,20,13.5,0.68,13,5.083333333,10.1,331,211
18/05/1977,138,5073,21,12.6,0.72,12.3,4.944444444,0,331,211
18/05/1977,138,5074,22,11.9,0.75,11.8,5.111111111,0,331,211
18/05/1977,138,5075,23,11.6,0.75,11.5,5.333333333,0,331,211
19/05/1977,139,5076,24,11.4,0.71,11.2,5.444444444,0,331,212
19/05/1977,139,5077,1,10.9,0.69,10.9,5.111111111,0,331,212
19/05/1977,139,5078,2,10.2,0.69,10.5,4.916666667,0,331,212
19/05/1977,139,5079,3,9.5,0.71,10.1,4.972222222,0,331,212
19/05/1977,139,5080,4,8.8,0.73,9.8,5.166666667,4.04,331,212
19/05/1977,139,5081,5,8.8,0.73,9.7,5.416666667,115.14,331,212
19/05/1977,139,5082,6,9.5,0.72,10.2,5.277777778,361.58,331,212
19/05/1977,139,5083,7,10.9,0.69,11.2,5.555555556,658.52,331,212
19/05/1977,139,5084,8,12.3,0.67,12.4,5.666666667,975.66,331,212
19/05/1977,139,5085,9,13.7,0.67,13.7,5.861111111,1250.38,331,212
19/05/1977,139,5086,10,15,0.65,14.9,6.25,1472.58,331,212
19/05/1977,139,5087,11,16,0.61,15.8,6.833333333,1613.98,331,212
19/05/1977,139,5088,12,16.6,0.58,16.3,7.138888889,1595.8,331,212
19/05/1977,139,5089,13,17.1,0.56,16.8,7.027777778,1626.1,331,212
19/05/1977,139,5090,14,17.3,0.54,16.9,7.111111111,1494.8,331,212
19/05/1977,139,5091,15,17.2,0.52,16.8,7.166666667,1292.8,331,212
19/05/1977,139,5092,16,16.9,0.5,16.4,7.138888889,1026.16,331,212
19/05/1977,139,5093,17,16.3,0.53,15.8,6.472222222,721.14,331,212
19/05/1977,139,5094,18,15.4,0.55,14.9,6.277777778,412.08,331,212
19/05/1977,139,5095,19,14.1,0.58,14,6.444444444,151.5,331,212
19/05/1977,139,5096,20,13,0.59,13.1,6.861111111,10.1,331,212
19/05/1977,139,5097,21,12.1,0.59,12.4,7.055555556,0,331,212
19/05/1977,139,5098,22,11.2,0.6,11.8,6.583333333,0,331,212
19/05/1977,139,5099,23,10.4,0.62,11.3,6.75,0,331,212
20/05/1977,140,5100,24,9.8,0.64,10.9,6.833333333,0,331,213
20/05/1977,140,5101,1,9.2,0.68,10.5,7.388888889,0,331,213
20/05/1977,140,5102,2,8.8,0.73,10.2,7.472222222,0,331,213
20/05/1977,140,5103,3,8.4,0.78,9.9,7.361111111,0,331,213
20/05/1977,140,5104,4,8.4,0.81,9.8,7.694444444,4.04,331,213
20/05/1977,140,5105,5,8.7,0.82,9.9,7.583333333,86.86,331,213
20/05/1977,140,5106,6,9.2,0.82,10.2,9.583333333,210.08,331,213
20/05/1977,140,5107,7,9.9,0.79,10.6,9.333333333,193.92,331,213
20/05/1977,140,5108,8,10.4,0.78,11,9.055555556,323.2,331,213
20/05/1977,140,5109,9,10.7,0.76,11.2,9,327.24,331,213
20/05/1977,140,5110,10,11.2,0.73,11.4,8.694444444,361.58,331,213
20/05/1977,140,5111,11,11.6,0.71,11.6,8.416666667,365.62,331,213
20/05/1977,140,5112,12,12.3,0.65,12,8.277777778,418.14,331,213
20/05/1977,140,5113,13,13,0.61,12.3,8.416666667,377.74,331,213
20/05/1977,140,5114,14,13.6,0.58,12.7,7.972222222,490.86,331,213
20/05/1977,140,5115,15,14,0.56,13,7.472222222,446.42,331,213
20/05/1977,140,5116,16,14,0.56,13.1,7.361111111,345.42,331,213
20/05/1977,140,5117,17,13.5,0.58,12.8,7.611111111,307.04,331,213
20/05/1977,140,5118,18,12.9,0.59,12.5,7.666666667,288.86,331,213
20/05/1977,140,5119,19,11.6,0.59,11.8,7.333333333,72.72,331,213
20/05/1977,140,5120,20,11,0.59,11.3,7.472222222,8.08,331,213
20/05/1977,140,5121,21,10.3,0.59,10.8,7.416666667,0,331,213
20/05/1977,140,5122,22,9.8,0.6,10.5,7.777777778,0,331,213
20/05/1977,140,5123,23,9.4,0.61,10.1,7.638888889,0,331,213
21/05/1977,141,5124,24,9.2,0.61,9.9,7.388888889,0,331,214
21/05/1977,141,5125,1,9,0.61,9.7,7.111111111,0,331,214
21/05/1977,141,5126,2,8.8,0.61,9.6,6.916666667,0,331,214
21/05/1977,141,5127,3,8.5,0.61,9.3,6.861111111,0,331,214
21/05/1977,141,5128,4,8.4,0.62,9.1,6.75,4.04,331,214
21/05/1977,141,5129,5,8.5,0.64,9.1,6.805555556,109.08,331,214
21/05/1977,141,5130,6,9,0.64,9.5,6.611111111,335.32,331,214
21/05/1977,141,5131,7,9.7,0.64,10,7.333333333,446.42,331,214
21/05/1977,141,5132,8,10.5,0.6,10.6,8.055555556,573.68,331,214
21/05/1977,141,5133,9,11.1,0.57,11.2,8.222222222,692.86,331,214
21/05/1977,141,5134,10,11.7,0.55,11.7,8.055555556,805.98,331,214
21/05/1977,141,5135,11,12.5,0.53,12.4,7.666666667,1003.94,331,214
21/05/1977,141,5136,12,13.1,0.52,12.8,6.972222222,989.8,331,214
21/05/1977,141,5137,13,13.6,0.52,13.1,7.027777778,842.34,331,214
21/05/1977,141,5138,14,14.1,0.53,13.4,7.027777778,892.84,331,214
21/05/1977,141,5139,15,14.5,0.52,13.5,6.916666667,767.6,331,214
21/05/1977,141,5140,16,14.7,0.54,13.5,6.638888889,535.3,331,214
21/05/1977,141,5141,17,14.4,0.57,13.3,6.583333333,385.82,331,214
21/05/1977,141,5142,18,13.9,0.59,12.9,6.777777778,248.46,331,214
21/05/1977,141,5143,19,13.1,0.58,12.3,6.666666667,137.36,331,214
21/05/1977,141,5144,20,12.2,0.59,11.6,6.361111111,12.12,331,214
21/05/1977,141,5145,21,11.5,0.61,11.1,5.888888889,0,331,214
21/05/1977,141,5146,22,10.8,0.65,10.6,5.444444444,0,331,214
21/05/1977,141,5147,23,10,0.69,10.2,4.25,0,331,214
22/05/1977,142,5148,24,9.3,0.74,9.7,3.388888889,0,331,215
22/05/1977,142,5149,1,8.8,0.8,9.3,2.833333333,0,331,215
22/05/1977,142,5150,2,8.2,0.86,8.9,2.472222222,0,331,215
22/05/1977,142,5151,3,7.9,0.9,8.6,2.277777778,0,331,215
22/05/1977,142,5152,4,7.6,0.92,8.3,2.111111111,6.06,331,215
22/05/1977,142,5153,5,7.9,0.93,8.5,2.055555556,123.22,331,215
22/05/1977,142,5154,6,10.2,0.89,9.9,1.638888889,369.66,331,215
22/05/1977,142,5155,7,11.6,0.78,11.5,1.555555556,670.64,331,215
22/05/1977,142,5156,8,13.3,0.66,13.1,1.638888889,977.68,331,215
22/05/1977,142,5157,9,14.6,0.57,14.5,2.027777778,1240.28,331,215
22/05/1977,142,5158,10,15.7,0.54,15.6,2.5,1460.46,331,215
22/05/1977,142,5159,11,16.4,0.54,16.6,3.111111111,1607.92,331,215
22/05/1977,142,5160,12,17,0.54,17.2,3.527777778,1656.4,331,215
22/05/1977,142,5161,13,17.3,0.51,17.3,4.027777778,1260.48,331,215
22/05/1977,142,5162,14,17.2,0.51,16.9,4.166666667,878.7,331,215
22/05/1977,142,5163,15,16.9,0.54,16.5,4.333333333,890.82,331,215
22/05/1977,142,5164,16,16.5,0.6,16.1,4.805555556,797.9,331,215
22/05/1977,142,5165,17,16,0.67,15.6,4.972222222,614.08,331,215
22/05/1977,142,5166,18,15.2,0.72,15,4.694444444,381.78,331,215
22/05/1977,142,5167,19,14,0.76,14,4.444444444,147.46,331,215
22/05/1977,142,5168,20,12.7,0.81,13.1,4.388888889,14.14,331,215
22/05/1977,142,5169,21,11.8,0.85,12.3,4.083333333,0,331,215
22/05/1977,142,5170,22,11,0.87,11.7,3.777777778,0,331,215
22/05/1977,142,5171,23,10.4,0.89,11.3,3.416666667,0,331,215
23/05/1977,143,5172,24,9.9,0.9,10.9,3.166666667,0,331,216
23/05/1977,143,5173,1,9.4,0.91,10.5,2.722222222,0,331,216
23/05/1977,143,5174,2,8.9,0.93,10.1,2.638888889,0,331,216
23/05/1977,143,5175,3,8.5,0.93,9.7,2.583333333,0,331,216
23/05/1977,143,5176,4,8.2,0.95,9.5,2.666666667,6.06,331,216
23/05/1977,143,5177,5,8.7,0.94,9.7,3,123.22,331,216
23/05/1977,143,5178,6,10.1,0.89,10.6,2.777777778,357.54,331,216
23/05/1977,143,5179,7,11.9,0.82,12.1,2.694444444,658.52,331,216
23/05/1977,143,5180,8,13.5,0.75,13.5,2.777777778,963.54,331,216
23/05/1977,143,5181,9,15,0.69,15,2.777777778,1240.28,331,216
23/05/1977,143,5182,10,16.4,0.63,16.3,2.972222222,1456.42,331,216
23/05/1977,143,5183,11,17.2,0.58,17.2,3.194444444,1533.18,331,216
23/05/1977,143,5184,12,17.9,0.54,17.8,3.111111111,1500.86,331,216
23/05/1977,143,5185,13,18.2,0.52,18,3.111111111,1238.26,331,216
23/05/1977,143,5186,14,18,0.53,17.5,3.388888889,890.82,331,216
23/05/1977,143,5187,15,17.8,0.55,17.2,3.777777778,838.3,331,216
23/05/1977,143,5188,16,17.7,0.57,17.1,3.916666667,717.1,331,216
23/05/1977,143,5189,17,17,0.65,16.4,4.194444444,525.2,331,216
23/05/1977,143,5190,18,16.2,0.7,15.8,4.583333333,339.36,331,216
23/05/1977,143,5191,19,15.1,0.71,14.8,4.722222222,149.48,331,216
23/05/1977,143,5192,20,14,0.74,13.9,4.666666667,14.14,331,216
23/05/1977,143,5193,21,13.2,0.76,13.3,4.305555556,0,331,216
23/05/1977,143,5194,22,12.4,0.78,12.7,4.111111111,0,331,216
23/05/1977,143,5195,23,11.8,0.8,12.2,3.916666667,0,331,216
24/05/1977,144,5196,24,11.1,0.81,11.7,3.916666667,0,331,217
24/05/1977,144,5197,1,10.5,0.81,11.3,3.861111111,0,331,217
24/05/1977,144,5198,2,10,0.82,10.9,3.722222222,0,331,217
24/05/1977,144,5199,3,9.6,0.84,10.6,3.611111111,0,331,217
24/05/1977,144,5200,4,9.4,0.86,10.3,3.444444444,8.08,331,217
24/05/1977,144,5201,5,9.9,0.86,10.6,3.5,129.28,331,217
24/05/1977,144,5202,6,11.4,0.82,11.5,3.5,371.68,331,217
24/05/1977,144,5203,7,13.4,0.78,13,3.444444444,666.6,331,217
24/05/1977,144,5204,8,15.2,0.74,14.5,3.361111111,971.62,331,217
24/05/1977,144,5205,9,16.8,0.69,16,3.361111111,1248.36,331,217
24/05/1977,144,5206,10,18.2,0.63,17.3,4.333333333,1468.54,331,217
24/05/1977,144,5207,11,19.2,0.55,18.3,4.527777778,1609.94,331,217
24/05/1977,144,5208,12,19.5,0.51,18.6,4.805555556,1476.62,331,217
24/05/1977,144,5209,13,19.9,0.49,18.8,4.75,1444.3,331,217
24/05/1977,144,5210,14,19.9,0.48,18.7,4.75,1335.22,331,217
24/05/1977,144,5211,15,20,0.48,18.7,4.472222222,1181.7,331,217
24/05/1977,144,5212,16,19.8,0.49,18.5,4.333333333,1010,331,217
24/05/1977,144,5213,17,19.3,0.53,18,4.138888889,715.08,331,217
24/05/1977,144,5214,18,18.2,0.6,17.1,4.111111111,424.2,331,217
24/05/1977,144,5215,19,16.6,0.62,16,4.25,169.68,331,217
24/05/1977,144,5216,20,15.1,0.66,14.9,4.444444444,18.18,331,217
24/05/1977,144,5217,21,14.1,0.68,14.1,4.25,0,331,217
24/05/1977,144,5218,22,13.3,0.69,13.5,3.972222222,0,331,217
24/05/1977,144,5219,23,12.5,0.71,12.9,3.916666667,0,331,217
25/05/1977,145,5220,24,11.8,0.73,12.4,3.805555556,0,331,218
25/05/1977,145,5221,1,11.2,0.76,11.9,3.833333333,0,331,218
25/05/1977,145,5222,2,10.6,0.78,11.5,3.666666667,0,331,218
25/05/1977,145,5223,3,10.1,0.8,11.1,3.611111111,0,331,218
25/05/1977,145,5224,4,9.8,0.82,10.8,3.972222222,8.08,331,218
25/05/1977,145,5225,5,10.4,0.81,11.1,4.305555556,139.38,331,218
25/05/1977,145,5226,6,11.9,0.77,12,4.277777778,389.86,331,218
25/05/1977,145,5227,7,14.1,0.71,13.4,4.305555556,692.86,331,218
25/05/1977,145,5228,8,16.1,0.66,14.9,4.138888889,1003.94,331,218
25/05/1977,145,5229,9,17.9,0.61,16.4,4.333333333,1280.68,331,218
25/05/1977,145,5230,10,19.4,0.56,17.7,5.138888889,1496.82,331,218
25/05/1977,145,5231,11,20.5,0.51,18.8,5.111111111,1632.16,331,218
25/05/1977,145,5232,12,21.2,0.48,19.5,4.916666667,1682.66,331,218
25/05/1977,145,5233,13,21.8,0.46,20,4.944444444,1642.26,331,218
25/05/1977,145,5234,14,22,0.45,20.2,5.027777778,1510.96,331,218
25/05/1977,145,5235,15,22,0.45,20,5.222222222,1292.8,331,218
25/05/1977,145,5236,16,21.8,0.46,19.7,5.222222222,1034.24,331,218
25/05/1977,145,5237,17,21.3,0.49,19.1,4.888888889,729.22,331,218
25/05/1977,145,5238,18,20.3,0.55,18.4,4.944444444,426.22,331,218
25/05/1977,145,5239,19,18.5,0.61,17.3,5.25,169.68,331,218
25/05/1977,145,5240,20,17.3,0.65,16.4,5.611111111,18.18,331,218
25/05/1977,145,5241,21,16.6,0.66,15.7,5.916666667,0,331,218
25/05/1977,145,5242,22,16.1,0.66,15.3,6.055555556,0,331,218
25/05/1977,145,5243,23,15.5,0.66,14.9,6.083333333,0,331,218
26/05/1977,146,5244,24,14.7,0.68,14.4,6.277777778,0,331,219
26/05/1977,146,5245,1,13.7,0.69,14,6.444444444,0,331,219
26/05/1977,146,5246,2,12.7,0.67,13.5,6.416666667,0,331,219
26/05/1977,146,5247,3,11.6,0.63,12.9,6.222222222,0,331,219
26/05/1977,146,5248,4,10.6,0.61,12.4,6.416666667,8.08,331,219
26/05/1977,146,5249,5,10.1,0.6,12,6.833333333,135.34,331,219
26/05/1977,146,5250,6,10.1,0.58,12.1,7.333333333,383.8,331,219
26/05/1977,146,5251,7,11.4,0.6,12.9,7.416666667,678.72,331,219
26/05/1977,146,5252,8,12.6,0.59,13.9,7.222222222,989.8,331,219
26/05/1977,146,5253,9,14,0.57,15,7.222222222,1276.64,331,219
26/05/1977,146,5254,10,15.3,0.53,16.1,7.833333333,1506.92,331,219
26/05/1977,146,5255,11,16.4,0.47,17,8.027777778,1658.42,331,219
26/05/1977,146,5256,12,17.2,0.42,17.7,8.027777778,1719.02,331,219
26/05/1977,146,5257,13,17.7,0.4,18.1,8.083333333,1682.66,331,219
26/05/1977,146,5258,14,17.9,0.39,18.2,8.111111111,1551.36,331,219
26/05/1977,146,5259,15,17.8,0.39,18.1,8.055555556,1339.26,331,219
26/05/1977,146,5260,16,17.5,0.38,17.7,8,1066.56,331,219
26/05/1977,146,5261,17,16.9,0.4,17,7.638888889,759.52,331,219
26/05/1977,146,5262,18,16,0.42,16.2,7.305555556,452.48,331,219
26/05/1977,146,5263,19,14.8,0.44,15.2,7.166666667,183.82,331,219
26/05/1977,146,5264,20,13.8,0.46,14.3,7.083333333,20.2,331,219
26/05/1977,146,5265,21,13.2,0.48,13.7,6.888888889,0,331,219
26/05/1977,146,5266,22,12.6,0.51,13.2,6.444444444,0,331,219
26/05/1977,146,5267,23,12,0.53,12.7,6.305555556,0,331,219
27/05/1977,147,5268,24,11.4,0.56,12.3,5.805555556,0,331,220
27/05/1977,147,5269,1,10.9,0.58,11.9,5.638888889,0,331,220
27/05/1977,147,5270,2,10.3,0.6,11.5,5.527777778,0,331,220
27/05/1977,147,5271,3,9.8,0.61,11.1,5.638888889,0,331,220
27/05/1977,147,5272,4,9.4,0.64,10.8,5.777777778,10.1,331,220
27/05/1977,147,5273,5,9.6,0.64,10.8,5.75,145.44,331,220
27/05/1977,147,5274,6,10.4,0.62,11.4,5.444444444,401.98,331,220
27/05/1977,147,5275,7,12.3,0.56,12.5,5.694444444,702.96,331,220
27/05/1977,147,5276,8,13.9,0.51,13.8,5.611111111,1012.02,331,220
27/05/1977,147,5277,9,15.4,0.48,15.1,5.75,1284.72,331,220
27/05/1977,147,5278,10,16.6,0.48,16.4,5.833333333,1496.82,331,220
27/05/1977,147,5279,11,17.6,0.48,17.4,5.694444444,1632.16,331,220
27/05/1977,147,5280,12,18.4,0.48,18.3,5.333333333,1676.6,331,220
27/05/1977,147,5281,13,19,0.48,18.9,5.277777778,1632.16,331,220
27/05/1977,147,5282,14,19.4,0.46,19.2,5.527777778,1502.88,331,220
27/05/1977,147,5283,15,19.4,0.46,19,5.388888889,1212,331,220
27/05/1977,147,5284,16,19,0.47,18.4,5.305555556,812.04,331,220
27/05/1977,147,5285,17,18.1,0.53,17.6,5.527777778,480.76,331,220
27/05/1977,147,5286,18,16.9,0.58,16.7,5.833333333,294.92,331,220
27/05/1977,147,5287,19,15.5,0.61,15.7,5.972222222,175.74,331,220
27/05/1977,147,5288,20,14.1,0.63,14.7,5.388888889,20.2,331,220
27/05/1977,147,5289,21,13.1,0.65,13.9,4.527777778,0,331,220
27/05/1977,147,5290,22,12.2,0.67,13.2,4.25,0,331,220
27/05/1977,147,5291,23,11.4,0.69,12.6,3.694444444,0,331,220
28/05/1977,148,5292,24,10.7,0.72,12,3.25,0,331,221
28/05/1977,148,5293,1,10.1,0.75,11.5,2.916666667,0,331,221
28/05/1977,148,5294,2,9.5,0.79,11,2.5,0,331,221
28/05/1977,148,5295,3,8.9,0.84,10.5,2.222222222,0,331,221
28/05/1977,148,5296,4,8.4,0.88,10.1,1.916666667,10.1,331,221
28/05/1977,148,5297,5,9.1,0.88,10.4,2.111111111,143.42,331,221
28/05/1977,148,5298,6,11.3,0.79,11.9,1.666666667,393.9,331,221
28/05/1977,148,5299,7,12.9,0.72,13.4,1.5,686.8,331,221
28/05/1977,148,5300,8,14.7,0.65,15.1,1.722222222,989.8,331,221
28/05/1977,148,5301,9,16.4,0.59,16.7,2.388888889,1264.52,331,221
28/05/1977,148,5302,10,17.6,0.54,17.8,3.111111111,1480.66,331,221
28/05/1977,148,5303,11,18.3,0.51,18.7,3.5,1624.08,331,221
28/05/1977,148,5304,12,18.8,0.49,19.4,3.638888889,1688.72,331,221
28/05/1977,148,5305,13,19,0.48,19.8,3.833333333,1670.54,331,221
28/05/1977,148,5306,14,19,0.48,19.9,3.916666667,1547.32,331,221
28/05/1977,148,5307,15,18.8,0.49,19.7,4,1335.22,331,221
28/05/1977,148,5308,16,18.4,0.51,19.1,4.111111111,1050.4,331,221
28/05/1977,148,5309,17,17.5,0.55,18.3,4,749.42,331,221
28/05/1977,148,5310,18,16.4,0.61,17.3,3.611111111,446.42,331,221
28/05/1977,148,5311,19,15.3,0.66,16.1,3.111111111,183.82,331,221
28/05/1977,148,5312,20,13.9,0.71,14.9,2.777777778,22.22,331,221
28/05/1977,148,5313,21,12.8,0.76,13.9,2.277777778,0,331,221
28/05/1977,148,5314,22,11.8,0.82,13,2,0,331,221
28/05/1977,148,5315,23,10.5,0.89,12.2,2.333333333,0,331,221
29/05/1977,149,5316,24,10.7,0.86,11.2,1.972222222,0,331,222
29/05/1977,149,5317,1,11.3,0.84,10.4,1.361111111,0,331,222
29/05/1977,149,5318,2,11,0.87,9.7,0.694444444,0,331,222
29/05/1977,149,5319,3,10.6,0.89,9.1,0.666666667,0,331,222
29/05/1977,149,5320,4,8.2,0.95,8.7,1.388888889,12.12,331,222
29/05/1977,149,5321,5,8.2,0.96,9.5,1.888888889,151.5,331,222
29/05/1977,149,5322,6,12,0.81,11.6,1.833333333,397.94,331,222
29/05/1977,149,5323,7,14,0.66,13.5,2.444444444,704.98,331,222
29/05/1977,149,5324,8,15.5,0.54,14.9,3.194444444,1018.08,331,222
29/05/1977,149,5325,9,16.4,0.53,16.2,3.916666667,1284.72,331,222
29/05/1977,149,5326,10,16.7,0.57,17.2,4.722222222,1478.64,331,222
29/05/1977,149,5327,11,16.5,0.62,17.9,5.416666667,1575.6,331,222
29/05/1977,149,5328,12,16,0.66,18.2,5.722222222,1559.44,331,222
29/05/1977,149,5329,13,15.4,0.67,18.3,5.972222222,1569.54,331,222
29/05/1977,149,5330,14,14.9,0.65,18,6.194444444,1456.42,331,222
29/05/1977,149,5331,15,14.4,0.63,17.6,6.583333333,1268.56,331,222
29/05/1977,149,5332,16,13.7,0.63,16.9,7.083333333,1022.12,331,222
29/05/1977,149,5333,17,12.7,0.65,16,7.25,729.22,331,222
29/05/1977,149,5334,18,11.7,0.67,14.9,7.222222222,428.24,331,222
29/05/1977,149,5335,19,10.2,0.68,13.6,6.888888889,163.62,331,222
29/05/1977,149,5336,20,9.6,0.68,12.7,6.388888889,20.2,331,222
29/05/1977,149,5337,21,9.3,0.68,12,6.194444444,0,331,222
29/05/1977,149,5338,22,9.1,0.68,11.6,6.416666667,0,331,222
29/05/1977,149,5339,23,9,0.67,11.3,6.305555556,0,331,222
30/05/1977,150,5340,24,9.1,0.65,11.1,6.111111111,0,331,223
30/05/1977,150,5341,1,9.1,0.63,11,6.138888889,0,331,223
30/05/1977,150,5342,2,8.9,0.63,10.8,6.25,0,331,223
30/05/1977,150,5343,3,8.9,0.62,10.7,6.222222222,0,331,223
30/05/1977,150,5344,4,8.9,0.62,10.6,5.916666667,6.06,331,223
30/05/1977,150,5345,5,9,0.59,10.6,6.027777778,64.64,331,223
30/05/1977,150,5346,6,9.2,0.58,10.8,6,145.44,331,223
30/05/1977,150,5347,7,9.5,0.57,10.9,5.916666667,214.12,331,223
30/05/1977,150,5348,8,10,0.55,11.4,6.055555556,397.94,331,223
30/05/1977,150,5349,9,10.7,0.52,11.8,6.444444444,529.24,331,223
30/05/1977,150,5350,10,11.4,0.51,12.5,6.333333333,674.68,331,223
30/05/1977,150,5351,11,11.8,0.5,13,6.444444444,840.32,331,223
30/05/1977,150,5352,12,12,0.52,13.3,6.861111111,799.92,331,223
30/05/1977,150,5353,13,12.4,0.52,13.6,7.027777778,900.92,331,223
30/05/1977,150,5354,14,12.7,0.52,14,7.222222222,858.5,331,223
30/05/1977,150,5355,15,12.5,0.54,13.7,7.111111111,668.62,331,223
30/05/1977,150,5356,16,12.3,0.56,13.6,6.916666667,634.28,331,223
30/05/1977,150,5357,17,12.1,0.59,13.2,6.694444444,410.06,331,223
30/05/1977,150,5358,18,11.9,0.6,12.8,6.416666667,294.92,331,223
30/05/1977,150,5359,19,11,0.64,12.2,5.472222222,143.42,331,223
30/05/1977,150,5360,20,10.2,0.68,11.4,4.555555556,22.22,331,223
30/05/1977,150,5361,21,9.7,0.71,10.9,3.861111111,0,331,223
30/05/1977,150,5362,22,9.1,0.74,10.3,3.305555556,0,331,223
30/05/1977,150,5363,23,8.6,0.77,9.8,3.166666667,0,331,223
31/05/1977,151,5364,24,8.2,0.79,9.4,3.166666667,0,331,224
31/05/1977,151,5365,1,7.7,0.81,8.9,3.194444444,0,331,224
31/05/1977,151,5366,2,7.3,0.82,8.6,3.166666667,0,331,224
31/05/1977,151,5367,3,7.1,0.83,8.3,2.916666667,0,331,224
31/05/1977,151,5368,4,6.9,0.84,8.2,2.722222222,14.14,331,224
31/05/1977,151,5369,5,7.7,0.81,8.5,3.111111111,153.52,331,224
31/05/1977,151,5370,6,9.3,0.73,9.6,3.527777778,406.02,331,224
31/05/1977,151,5371,7,10.5,0.7,11,3.972222222,680.74,331,224
31/05/1977,151,5372,8,11.5,0.63,12.3,4.166666667,943.34,331,224
31/05/1977,151,5373,9,12.6,0.56,13.5,4.25,1209.98,331,224
31/05/1977,151,5374,10,13.2,0.51,14.3,4.388888889,1262.5,331,224
31/05/1977,151,5375,11,13.9,0.46,15.1,4.527777778,1228.16,331,224
31/05/1977,151,5376,12,14.2,0.43,15.3,4.361111111,1209.98,331,224
31/05/1977,151,5377,13,14.6,0.42,15.5,4.333333333,1064.54,331,224
31/05/1977,151,5378,14,14.9,0.4,15.7,4.527777778,1121.1,331,224
31/05/1977,151,5379,15,15,0.39,15.7,4.888888889,1056.46,331,224
31/05/1977,151,5380,16,14.9,0.39,15.5,5.25,898.9,331,224
31/05/1977,151,5381,17,14.4,0.4,14.9,5.694444444,642.36,331,224
31/05/1977,151,5382,18,13.5,0.45,14.1,6,454.5,331,224
31/05/1977,151,5383,19,12.1,0.5,13.1,5.916666667,195.94,331,224
31/05/1977,151,5384,20,11,0.54,12.1,5.444444444,28.28,331,224
31/05/1977,151,5385,21,10.1,0.58,11.3,4.888888889,0,331,224
31/05/1977,151,5386,22,9.3,0.62,10.7,4.583333333,0,331,224
31/05/1977,151,5387,23,8.6,0.67,10.1,4.111111111,0,331,224
01/06/1977,152,5388,24,8,0.71,9.6,3.777777778,0,331,225
01/06/1977,152,5389,1,7.5,0.75,9.1,3.277777778,0,331,225
01/06/1977,152,5390,2,7,0.78,8.7,2.833333333,0,331,225
01/06/1977,152,5391,3,6.7,0.82,8.3,2.472222222,0,331,225
01/06/1977,152,5392,4,6.5,0.85,8.1,2.333333333,14.14,331,225
01/06/1977,152,5393,5,7.4,0.84,8.5,2.777777778,151.5,331,225
01/06/1977,152,5394,6,9.2,0.76,9.7,2.944444444,399.96,331,225
01/06/1977,152,5395,7,10.8,0.7,11.2,3.25,662.56,331,225
01/06/1977,152,5396,8,11.8,0.62,12.5,3.416666667,939.3,331,225
01/06/1977,152,5397,9,12.5,0.57,13.6,4,1163.52,331,225
01/06/1977,152,5398,10,13.1,0.53,14.4,4.416666667,1175.64,331,225
01/06/1977,152,5399,11,13.3,0.52,14.9,4.944444444,1218.06,331,225
01/06/1977,152,5400,12,13.4,0.53,15.1,5.111111111,1209.98,331,225
01/06/1977,152,5401,13,13.6,0.53,15.4,5.222222222,1058.48,331,225
01/06/1977,152,5402,14,13.2,0.55,15,5.111111111,951.42,331,225
01/06/1977,152,5403,15,13.3,0.55,15,5.138888889,921.12,331,225
01/06/1977,152,5404,16,12.9,0.57,14.5,5.055555556,541.36,331,225
01/06/1977,152,5405,17,12.6,0.6,14,5.194444444,430.26,331,225
01/06/1977,152,5406,18,12.1,0.63,13.4,5.138888889,303,331,225
01/06/1977,152,5407,19,11.5,0.64,12.7,5.111111111,139.38,331,225
01/06/1977,152,5408,20,11.2,0.68,12.1,4.638888889,22.22,331,225
01/06/1977,152,5409,21,11,0.71,11.7,4.222222222,0,331,225
01/06/1977,152,5410,22,11,0.75,11.6,4.027777778,0,331,225
01/06/1977,152,5411,23,11,0.78,11.4,4.527777778,0,331,225
02/06/1977,153,5412,24,10.9,0.8,11.3,4.611111111,0,331,226
02/06/1977,153,5413,1,10.8,0.81,11.2,4.305555556,0,331,226
02/06/1977,153,5414,2,10.8,0.81,11.1,3.916666667,0,331,226
02/06/1977,153,5415,3,10.6,0.82,11,3.805555556,0,331,226
02/06/1977,153,5416,4,10.4,0.83,10.9,3.694444444,6.06,331,226
02/06/1977,153,5417,5,10.7,0.82,11,3.611111111,68.68,331,226
02/06/1977,153,5418,6,11.2,0.77,11.4,4.222222222,181.8,331,226
02/06/1977,153,5419,7,11.8,0.72,11.9,4.777777778,254.52,331,226
02/06/1977,153,5420,8,12.6,0.67,12.6,5.055555556,492.88,331,226
02/06/1977,153,5421,9,13,0.66,12.9,5.25,426.22,331,226
02/06/1977,153,5422,10,13.5,0.66,13.4,4.972222222,541.36,331,226
02/06/1977,153,5423,11,13.9,0.66,13.8,4.916666667,630.24,331,226
02/06/1977,153,5424,12,14.5,0.65,14.4,4.944444444,791.84,331,226
02/06/1977,153,5425,13,14.9,0.65,14.9,4.861111111,850.42,331,226
02/06/1977,153,5426,14,15.3,0.64,15.3,4.916666667,793.86,331,226
02/06/1977,153,5427,15,15.2,0.65,15.3,4.861111111,727.2,331,226
02/06/1977,153,5428,16,14.9,0.67,15.2,5.416666667,662.56,331,226
02/06/1977,153,5429,17,14.3,0.71,14.8,5.805555556,446.42,331,226
02/06/1977,153,5430,18,13.8,0.74,14.3,5.222222222,284.82,331,226
02/06/1977,153,5431,19,12.5,0.75,13.5,4.611111111,153.52,331,226
02/06/1977,153,5432,20,11.5,0.8,12.6,4.694444444,28.28,331,226
02/06/1977,153,5433,21,10.8,0.82,11.9,4.805555556,0,331,226
02/06/1977,153,5434,22,10.5,0.83,11.5,4.805555556,0,331,226
02/06/1977,153,5435,23,10.2,0.84,11.1,4.527777778,0,331,226
03/06/1977,154,5436,24,10.2,0.83,11,4.305555556,0,331,227
03/06/1977,154,5437,1,10.2,0.83,10.9,4.527777778,0,331,227
03/06/1977,154,5438,2,10.3,0.82,11,4.222222222,0,331,227
03/06/1977,154,5439,3,10.4,0.82,11,4.027777778,0,331,227
03/06/1977,154,5440,4,10.7,0.81,11,3.944444444,6.06,331,227
03/06/1977,154,5441,5,11.2,0.81,11.3,4.305555556,52.52,331,227
03/06/1977,154,5442,6,11.8,0.81,11.6,4.888888889,88.88,331,227
03/06/1977,154,5443,7,12,0.85,11.7,5.722222222,46.46,331,227
03/06/1977,154,5444,8,12.1,0.87,11.8,6.388888889,56.56,331,227
03/06/1977,154,5445,9,12.5,0.85,12,7.111111111,115.14,331,227
03/06/1977,154,5446,10,12.8,0.83,12.4,7.472222222,278.76,331,227
03/06/1977,154,5447,11,13.4,0.77,12.9,7.916666667,505,331,227
03/06/1977,154,5448,12,13.7,0.72,13.5,8.111111111,840.32,331,227
03/06/1977,154,5449,13,13.7,0.71,13.9,8.25,816.08,331,227
03/06/1977,154,5450,14,13.8,0.7,14.3,8.111111111,902.94,331,227
03/06/1977,154,5451,15,13.8,0.7,14.5,7.666666667,846.38,331,227
03/06/1977,154,5452,16,13.6,0.71,14.5,7.388888889,747.4,331,227
03/06/1977,154,5453,17,13.3,0.71,14.3,7.083333333,527.22,331,227
03/06/1977,154,5454,18,12.7,0.73,13.8,6.777777778,333.3,331,227
03/06/1977,154,5455,19,12.1,0.73,13.1,6.166666667,151.5,331,227
03/06/1977,154,5456,20,11.8,0.75,12.5,5.638888889,26.26,331,227
03/06/1977,154,5457,21,11.4,0.8,12,4.916666667,0,331,227
03/06/1977,154,5458,22,11.3,0.84,11.7,4.611111111,0,331,227
03/06/1977,154,5459,23,11.6,0.86,11.7,4.055555556,0,331,227
04/06/1977,155,5460,24,11.8,0.87,11.8,4.138888889,0,331,228
04/06/1977,155,5461,1,11.8,0.88,11.8,4.472222222,0,331,228
04/06/1977,155,5462,2,11.8,0.86,11.8,4.472222222,0,331,228
04/06/1977,155,5463,3,11.6,0.84,11.7,4.5,0,331,228
04/06/1977,155,5464,4,11.5,0.83,11.7,4.638888889,6.06,331,228
04/06/1977,155,5465,5,11.8,0.81,11.8,5.166666667,70.7,331,228
04/06/1977,155,5466,6,12.3,0.79,12.1,5.055555556,191.9,331,228
04/06/1977,155,5467,7,12.7,0.79,12.6,4.75,232.3,331,228
04/06/1977,155,5468,8,13.3,0.78,13.2,4.555555556,416.12,331,228
04/06/1977,155,5469,9,14.1,0.74,13.9,4.444444444,553.48,331,228
04/06/1977,155,5470,10,14.5,0.72,14.4,4.888888889,672.66,331,228
04/06/1977,155,5471,11,14.7,0.71,14.7,4.888888889,751.44,331,228
04/06/1977,155,5472,12,14.5,0.72,14.7,5.027777778,694.88,331,228
04/06/1977,155,5473,13,14.1,0.74,14.6,4.833333333,624.18,331,228
04/06/1977,155,5474,14,13.9,0.76,14.5,4.861111111,511.06,331,228
04/06/1977,155,5475,15,13.5,0.78,14.2,4.722222222,416.12,331,228
04/06/1977,155,5476,16,13.2,0.8,13.9,4.388888889,298.96,331,228
04/06/1977,155,5477,17,12.9,0.8,13.7,3.944444444,230.28,331,228
04/06/1977,155,5478,18,12.5,0.81,13.4,3.638888889,163.62,331,228
04/06/1977,155,5479,19,11.8,0.83,12.8,3.305555556,52.52,331,228
04/06/1977,155,5480,20,11.3,0.82,12.3,2.805555556,14.14,331,228
04/06/1977,155,5481,21,10.8,0.82,11.9,2.416666667,0,331,228
04/06/1977,155,5482,22,10.2,0.84,11.3,2.5,0,331,228
04/06/1977,155,5483,23,9.6,0.86,10.8,1.833333333,0,331,228
05/06/1977,156,5484,24,8.7,0.9,10.2,1.777777778,0,331,229
05/06/1977,156,5485,1,8.3,0.92,9.7,1.833333333,0,331,229
05/06/1977,156,5486,2,8.3,0.93,9.4,2.111111111,0,331,229
05/06/1977,156,5487,3,8.5,0.93,9.5,2.833333333,0,331,229
05/06/1977,156,5488,4,8.7,0.93,9.5,3.888888889,10.1,331,229
05/06/1977,156,5489,5,9.4,0.92,9.9,4.333333333,92.92,331,229
05/06/1977,156,5490,6,10.5,0.88,10.6,4.916666667,173.72,331,229
05/06/1977,156,5491,7,11.5,0.83,11.3,5.333333333,141.4,331,229
05/06/1977,156,5492,8,13.1,0.75,12.3,7.388888889,408.04,331,229
05/06/1977,156,5493,9,13.8,0.7,12.8,8,521.16,331,229
05/06/1977,156,5494,10,14.6,0.65,13.4,8.361111111,440.36,331,229
05/06/1977,156,5495,11,14.5,0.68,13.7,9.222222222,525.2,331,229
05/06/1977,156,5496,12,13.7,0.79,13.5,9.25,563.58,331,229
05/06/1977,156,5497,13,13.2,0.85,13.1,9.055555556,185.84,331,229
05/06/1977,156,5498,14,12.9,0.89,12.7,8.388888889,125.24,331,229
05/06/1977,156,5499,15,12.6,0.89,12.4,8.111111111,111.1,331,229
05/06/1977,156,5500,16,12.4,0.86,12.1,7.083333333,72.72,331,229
05/06/1977,156,5501,17,12.2,0.85,11.9,6.972222222,111.1,331,229
05/06/1977,156,5502,18,11.9,0.85,11.8,6.972222222,145.44,331,229
05/06/1977,156,5503,19,11.4,0.82,11.6,6.555555556,90.9,331,229
05/06/1977,156,5504,20,10.6,0.82,11.1,5.555555556,24.24,331,229
05/06/1977,156,5505,21,10,0.81,10.6,4.861111111,0,331,229
05/06/1977,156,5506,22,9.5,0.8,10.3,4.527777778,0,331,229
05/06/1977,156,5507,23,9,0.8,9.9,4.805555556,0,331,229
06/06/1977,157,5508,24,8.4,0.8,9.5,4.666666667,0,331,230
06/06/1977,157,5509,1,8.1,0.79,9.2,4.5,0,331,230
06/06/1977,157,5510,2,8,0.78,9,4.166666667,0,331,230
06/06/1977,157,5511,3,7.6,0.78,8.7,3.583333333,0,331,230
06/06/1977,157,5512,4,7.5,0.8,8.5,3.333333333,14.14,331,230
06/06/1977,157,5513,5,8,0.8,8.8,3.25,131.3,331,230
06/06/1977,157,5514,6,9.2,0.73,9.8,3.111111111,284.82,331,230
06/06/1977,157,5515,7,10,0.67,10.5,2.75,284.82,331,230
06/06/1977,157,5516,8,10.5,0.65,11.2,2.333333333,365.62,331,230
06/06/1977,157,5517,9,11.2,0.62,12.1,2.333333333,436.32,331,230
06/06/1977,157,5518,10,12.2,0.57,12.9,3.055555556,569.64,331,230
06/06/1977,157,5519,11,13.1,0.56,13.6,4.194444444,797.9,331,230
06/06/1977,157,5520,12,13.4,0.57,13.6,4.944444444,884.76,331,230
06/06/1977,157,5521,13,13.7,0.58,13.7,5.944444444,636.3,331,230
06/06/1977,157,5522,14,14.3,0.56,13.9,6.138888889,816.08,331,230
06/06/1977,157,5523,15,14.4,0.55,13.7,6.25,500.96,331,230
06/06/1977,157,5524,16,14,0.57,13.4,6.027777778,363.6,331,230
06/06/1977,157,5525,17,13.7,0.6,13.1,5.638888889,206.04,331,230
06/06/1977,157,5526,18,13.8,0.61,12.9,6,135.34,331,230
06/06/1977,157,5527,19,12.4,0.78,12.5,6.916666667,42.42,331,230
06/06/1977,157,5528,20,11.7,0.86,12,7.611111111,6.06,331,230
06/06/1977,157,5529,21,11.6,0.88,11.6,7.694444444,0,331,230
06/06/1977,157,5530,22,11.7,0.88,11.5,7.416666667,0,331,230
06/06/1977,157,5531,23,11.6,0.89,11.4,7.138888889,0,331,230
07/06/1977,158,5532,24,11.5,0.89,11.3,6.694444444,0,331,231
07/06/1977,158,5533,1,11.4,0.91,11.2,6.416666667,0,331,231
07/06/1977,158,5534,2,11.2,0.9,11.1,6.833333333,0,331,231
07/06/1977,158,5535,3,11.1,0.89,10.9,6.666666667,0,331,231
07/06/1977,158,5536,4,10.8,0.89,10.8,6.75,10.1,331,231
07/06/1977,158,5537,5,10.8,0.87,10.7,7.111111111,76.76,331,231
07/06/1977,158,5538,6,11.1,0.86,10.9,7.388888889,171.7,331,231
07/06/1977,158,5539,7,11.2,0.86,11.1,7.611111111,298.96,331,231
07/06/1977,158,5540,8,12.1,0.82,11.8,7.75,593.88,331,231
07/06/1977,158,5541,9,13.3,0.78,12.9,7.972222222,947.38,331,231
07/06/1977,158,5542,10,14,0.75,13.8,8.361111111,1179.68,331,231
07/06/1977,158,5543,11,14.7,0.72,14.4,8.805555556,1058.48,331,231
07/06/1977,158,5544,12,14.9,0.72,14.7,9.083333333,1094.84,331,231
07/06/1977,158,5545,13,14.7,0.71,14.9,9.277777778,1072.62,331,231
07/06/1977,158,5546,14,13.9,0.67,14.7,9.638888889,1108.98,331,231
07/06/1977,158,5547,15,13.6,0.64,14.3,9.666666667,902.94,331,231
07/06/1977,158,5548,16,13.5,0.62,14.2,9.694444444,709.02,331,231
07/06/1977,158,5549,17,13.2,0.62,13.8,9.083333333,462.58,331,231
07/06/1977,158,5550,18,12.5,0.65,13.2,8,276.74,331,231
07/06/1977,158,5551,19,10.9,0.73,12.4,6.805555556,133.32,331,231
07/06/1977,158,5552,20,10.3,0.77,11.7,5.555555556,28.28,331,231
07/06/1977,158,5553,21,10,0.79,11.2,5.166666667,0,331,231
07/06/1977,158,5554,22,9.7,0.8,10.8,5.083333333,0,331,231
07/06/1977,158,5555,23,9.7,0.79,10.6,5.5,0,331,231
08/06/1977,159,5556,24,9.5,0.78,10.3,5.916666667,0,331,232
08/06/1977,159,5557,1,9.4,0.77,10.2,6.361111111,0,331,232
08/06/1977,159,5558,2,9.3,0.76,10,6.722222222,0,331,232
08/06/1977,159,5559,3,9.1,0.76,9.9,6.805555556,0,331,232
08/06/1977,159,5560,4,9,0.78,9.8,6.611111111,14.14,331,232
08/06/1977,159,5561,5,9.4,0.78,9.9,6.472222222,125.24,331,232
08/06/1977,159,5562,6,10.2,0.76,10.5,6.75,313.1,331,232
08/06/1977,159,5563,7,11,0.72,11.4,7.555555556,591.86,331,232
08/06/1977,159,5564,8,12.1,0.64,12.3,7.277777778,892.84,331,232
08/06/1977,159,5565,9,13.1,0.58,13.1,7.222222222,1108.98,331,232
08/06/1977,159,5566,10,13.8,0.55,13.9,7,1238.26,331,232
08/06/1977,159,5567,11,14.2,0.53,14.2,6.888888889,1185.74,331,232
08/06/1977,159,5568,12,14.8,0.51,14.8,6.5,1173.62,331,232
08/06/1977,159,5569,13,15.1,0.5,15,6.305555556,1090.8,331,232
08/06/1977,159,5570,14,15.3,0.5,15.1,6.027777778,1012.02,331,232
08/06/1977,159,5571,15,15.4,0.5,15,5.222222222,801.94,331,232
08/06/1977,159,5572,16,15.4,0.51,14.9,4.194444444,603.98,331,232
08/06/1977,159,5573,17,15.1,0.55,14.7,2.916666667,547.42,331,232
08/06/1977,159,5574,18,14.8,0.59,14.4,1.694444444,399.96,331,232
08/06/1977,159,5575,19,13.8,0.75,13.7,1.222222222,187.86,331,232
08/06/1977,159,5576,20,12.3,0.79,12.6,1.527777778,36.36,331,232
08/06/1977,159,5577,21,11.5,0.82,11.9,1.972222222,0,331,232
08/06/1977,159,5578,22,11.1,0.82,11.4,1.972222222,0,331,232
08/06/1977,159,5579,23,11.1,0.82,11.2,1.75,0,331,232
09/06/1977,160,5580,24,11.2,0.82,11.2,1.833333333,0,331,233
09/06/1977,160,5581,1,11.4,0.81,11.2,2,0,331,233
09/06/1977,160,5582,2,11,0.83,11,2.388888889,0,331,233
09/06/1977,160,5583,3,10.8,0.83,10.8,2.333333333,0,331,233
09/06/1977,160,5584,4,10.8,0.85,10.8,2.333333333,14.14,331,233
09/06/1977,160,5585,5,11.1,0.87,11,1.916666667,78.78,331,233
09/06/1977,160,5586,6,12,0.82,11.6,2.111111111,135.34,331,233
09/06/1977,160,5587,7,12.4,0.86,11.9,2.555555556,137.36,331,233
09/06/1977,160,5588,8,13.8,0.82,13,2.805555556,329.26,331,233
09/06/1977,160,5589,9,15.6,0.78,14.5,3.138888889,555.5,331,233
09/06/1977,160,5590,10,16.9,0.75,15.8,3.611111111,575.7,331,233
09/06/1977,160,5591,11,17.9,0.73,16.5,4.222222222,818.1,331,233
09/06/1977,160,5592,12,18.6,0.73,17.1,4.722222222,1151.4,331,233
09/06/1977,160,5593,13,19,0.72,17.6,5.111111111,824.16,331,233
09/06/1977,160,5594,14,19.1,0.72,17.4,5.416666667,737.3,331,233
09/06/1977,160,5595,15,19.5,0.7,17.6,5.527777778,888.8,331,233
09/06/1977,160,5596,16,20,0.67,17.7,5.75,777.7,331,233
09/06/1977,160,5597,17,20.1,0.68,17.6,5.75,450.46,331,233
09/06/1977,160,5598,18,19.7,0.72,17.3,5.25,305.02,331,233
09/06/1977,160,5599,19,18.6,0.78,16.7,5.222222222,66.66,331,233
09/06/1977,160,5600,20,17.8,0.83,16,5.027777778,12.12,331,233
09/06/1977,160,5601,21,17.3,0.87,15.6,4.916666667,0,331,233
09/06/1977,160,5602,22,16.5,0.9,15.2,5.944444444,0,331,233
09/06/1977,160,5603,23,15.9,0.93,14.8,5.888888889,0,331,233
10/06/1977,161,5604,24,15.6,0.93,14.6,5.527777778,0,331,234
10/06/1977,161,5605,1,15.6,0.94,14.5,5.416666667,0,331,234
10/06/1977,161,5606,2,15.6,0.94,14.5,5.055555556,0,331,234
10/06/1977,161,5607,3,15.3,0.95,14.4,4.305555556,0,331,234
10/06/1977,161,5608,4,15,0.96,14.2,3.833333333,12.12,331,234
10/06/1977,161,5609,5,15,0.96,14.3,3.055555556,76.76,331,234
10/06/1977,161,5610,6,15.4,0.95,14.6,2.611111111,167.66,331,234
10/06/1977,161,5611,7,15.3,0.9,15.2,1.916666667,391.88,331,234
10/06/1977,161,5612,8,16.2,0.81,16.2,1.138888889,668.62,331,234
10/06/1977,161,5613,9,17.3,0.74,17.5,2,961.52,331,234
10/06/1977,161,5614,10,18.4,0.68,18.3,2.972222222,1064.54,331,234
10/06/1977,161,5615,11,19.2,0.65,18.5,4.25,955.46,331,234
10/06/1977,161,5616,12,19.2,0.7,18.4,4.888888889,688.82,331,234
10/06/1977,161,5617,13,19.1,0.73,17.9,5.138888889,559.54,331,234
10/06/1977,161,5618,14,19.8,0.73,18.3,5.638888889,836.28,331,234
10/06/1977,161,5619,15,19.8,0.77,18.1,4.916666667,525.2,331,234
10/06/1977,161,5620,16,19.1,0.86,17.6,5.944444444,208.06,331,234
10/06/1977,161,5621,17,18.4,0.89,17.2,8.611111111,129.28,331,234
10/06/1977,161,5622,18,16.3,0.89,16.4,9.333333333,153.52,331,234
10/06/1977,161,5623,19,13.3,0.87,15.2,9.222222222,86.86,331,234
10/06/1977,161,5624,20,12.2,0.85,14.2,7.444444444,30.3,331,234
10/06/1977,161,5625,21,11.7,0.84,13.6,5.888888889,0,331,234
10/06/1977,161,5626,22,11,0.86,13,5.333333333,0,331,234
10/06/1977,161,5627,23,10.5,0.87,12.5,4.361111111,0,331,234
11/06/1977,162,5628,24,10,0.89,12,3.638888889,0,331,235
11/06/1977,162,5629,1,9.8,0.91,11.7,3.555555556,0,331,235
11/06/1977,162,5630,2,9.7,0.92,11.4,3.722222222,0,331,235
11/06/1977,162,5631,3,9.6,0.93,11.2,3.805555556,0,331,235
11/06/1977,162,5632,4,9.7,0.93,11.1,3.722222222,18.18,331,235
11/06/1977,162,5633,5,10.4,0.91,11.4,3.833333333,157.56,331,235
11/06/1977,162,5634,6,11.7,0.86,12.3,3.611111111,397.94,331,235
11/06/1977,162,5635,7,13.6,0.82,13.5,3.833333333,672.66,331,235
11/06/1977,162,5636,8,15,0.76,14.8,3.638888889,977.68,331,235
11/06/1977,162,5637,9,16.4,0.68,16.1,4.138888889,1248.36,331,235
11/06/1977,162,5638,10,17.3,0.6,16.9,5.055555556,1193.82,331,235
11/06/1977,162,5639,11,17.9,0.55,17.4,5.277777778,1262.5,331,235
11/06/1977,162,5640,12,18,0.53,17.4,4.972222222,1161.5,331,235
11/06/1977,162,5641,13,18.5,0.51,17.9,4.361111111,1296.84,331,235
11/06/1977,162,5642,14,18.7,0.5,18,3.805555556,1046.36,331,235
11/06/1977,162,5643,15,19,0.5,18,4.111111111,923.14,331,235
11/06/1977,162,5644,16,19.1,0.5,18,3.888888889,872.64,331,235
11/06/1977,162,5645,17,18.8,0.53,17.5,3.555555556,527.22,331,235
11/06/1977,162,5646,18,18.3,0.57,17,1.833333333,369.66,331,235
11/06/1977,162,5647,19,15.8,0.74,16.1,0.694444444,155.54,331,235
11/06/1977,162,5648,20,14.6,0.8,15,1.305555556,36.36,331,235
11/06/1977,162,5649,21,13.7,0.85,14.1,2.166666667,0,331,235
11/06/1977,162,5650,22,13.3,0.84,13.6,2.416666667,0,331,235
11/06/1977,162,5651,23,12.9,0.83,13.1,2.666666667,0,331,235
12/06/1977,163,5652,24,12.6,0.82,12.8,2.555555556,0,331,236
12/06/1977,163,5653,1,12.2,0.83,12.5,2.222222222,0,331,236
12/06/1977,163,5654,2,11.7,0.86,12.2,2.277777778,0,331,236
12/06/1977,163,5655,3,10.8,0.9,11.7,2.222222222,0,331,236
12/06/1977,163,5656,4,11.7,0.85,11.1,1.638888889,18.18,331,236
12/06/1977,163,5657,5,11.1,0.91,11.6,1.277777778,157.56,331,236
12/06/1977,163,5658,6,14.1,0.83,13.6,1.305555556,393.9,331,236
12/06/1977,163,5659,7,16.3,0.76,15.2,1.861111111,676.7,331,236
12/06/1977,163,5660,8,18,0.68,16.6,2.527777778,981.72,331,236
12/06/1977,163,5661,9,19.3,0.63,17.9,3.166666667,1254.42,331,236
12/06/1977,163,5662,10,20.5,0.58,19,3.444444444,1464.5,331,236
12/06/1977,163,5663,11,21.2,0.56,19.8,3.388888889,1418.04,331,236
12/06/1977,163,5664,12,21.6,0.53,20.2,3.416666667,1347.34,331,236
12/06/1977,163,5665,13,22.2,0.51,20.7,3.694444444,1492.78,331,236
12/06/1977,163,5666,14,22.5,0.49,20.7,4.166666667,1357.44,331,236
12/06/1977,163,5667,15,22.7,0.48,20.6,4.388888889,1096.86,331,236
12/06/1977,163,5668,16,22.2,0.52,20.1,4.527777778,854.46,331,236
12/06/1977,163,5669,17,21.9,0.56,19.8,4.611111111,622.16,331,236
12/06/1977,163,5670,18,21,0.59,19.2,5.194444444,410.06,331,236
12/06/1977,163,5671,19,19.5,0.62,18.2,5.638888889,191.9,331,236
12/06/1977,163,5672,20,18.2,0.64,17.3,5.694444444,42.42,331,236
12/06/1977,163,5673,21,17.3,0.66,16.6,5.555555556,0,331,236
12/06/1977,163,5674,22,16.6,0.69,16,5.111111111,0,331,236
12/06/1977,163,5675,23,16.1,0.72,15.6,4.861111111,0,331,236
13/06/1977,164,5676,24,15.6,0.75,15.3,4.75,0,331,237
13/06/1977,164,5677,1,15.1,0.8,15,4.805555556,0,331,237
13/06/1977,164,5678,2,14.7,0.84,14.7,4.694444444,0,331,237
13/06/1977,164,5679,3,14.4,0.88,14.5,4.416666667,0,331,237
13/06/1977,164,5680,4,14.3,0.9,14.4,4.222222222,18.18,331,237
13/06/1977,164,5681,5,14.9,0.9,14.7,4.222222222,149.48,331,237
13/06/1977,164,5682,6,16.1,0.87,15.5,4.305555556,375.72,331,237
13/06/1977,164,5683,7,18.5,0.81,16.8,4.305555556,648.42,331,237
13/06/1977,164,5684,8,20.2,0.77,18.3,4.222222222,919.1,331,237
13/06/1977,164,5685,9,21.8,0.73,19.7,4.416666667,1181.7,331,237
13/06/1977,164,5686,10,23.3,0.71,21.1,5,1379.66,331,237
13/06/1977,164,5687,11,24.7,0.67,22.2,5.305555556,1533.18,331,237
13/06/1977,164,5688,12,25.8,0.63,23.1,5.611111111,1616,331,237
13/06/1977,164,5689,13,26.6,0.6,23.6,5.5,1589.74,331,237
13/06/1977,164,5690,14,27.3,0.58,24,5.388888889,1474.6,331,237
13/06/1977,164,5691,15,27.6,0.56,24.1,5.111111111,1296.84,331,237
13/06/1977,164,5692,16,27.6,0.57,23.9,5.083333333,1038.28,331,237
13/06/1977,164,5693,17,27.2,0.61,23.5,4.694444444,753.46,331,237
13/06/1977,164,5694,18,26.2,0.64,22.9,4.527777778,464.6,331,237
13/06/1977,164,5695,19,24.9,0.68,22,4.527777778,212.1,331,237
13/06/1977,164,5696,20,23.5,0.72,21,4.75,42.42,331,237
13/06/1977,164,5697,21,22.6,0.73,20.3,5.083333333,0,331,237
13/06/1977,164,5698,22,21.9,0.72,19.8,4.75,0,331,237
13/06/1977,164,5699,23,21.2,0.72,19.3,4.5,0,331,237
14/06/1977,165,5700,24,20.4,0.74,18.9,4,0,331,238
14/06/1977,165,5701,1,19.8,0.75,18.5,3.5,0,331,238
14/06/1977,165,5702,2,19.2,0.78,18.2,2.861111111,0,331,238
14/06/1977,165,5703,3,18.6,0.8,17.8,2.416666667,0,331,238
14/06/1977,165,5704,4,18.2,0.83,17.6,2.472222222,18.18,331,238
14/06/1977,165,5705,5,18.5,0.83,17.7,2.222222222,149.48,331,238
14/06/1977,165,5706,6,19.4,0.82,18.4,2.611111111,355.52,331,238
14/06/1977,165,5707,7,18.5,0.87,19,3.5,502.98,331,238
14/06/1977,165,5708,8,18.8,0.84,19.4,4.166666667,676.7,331,238
14/06/1977,165,5709,9,19.3,0.78,20,4.861111111,840.32,331,238
14/06/1977,165,5710,10,19.8,0.75,20.4,4.027777778,890.82,331,238
14/06/1977,165,5711,11,20.5,0.71,21.3,4,1216.04,331,238
14/06/1977,165,5712,12,20.7,0.7,21.6,3.777777778,1181.7,331,238
14/06/1977,165,5713,13,21,0.68,22,3.583333333,1040.3,331,238
14/06/1977,165,5714,14,21.4,0.66,22,3.388888889,836.28,331,238
14/06/1977,165,5715,15,20.8,0.67,21.5,3.861111111,725.18,331,238
14/06/1977,165,5716,16,20.3,0.67,20.9,4.194444444,533.28,331,238
14/06/1977,165,5717,17,19.5,0.69,20.2,4.916666667,434.3,331,238
14/06/1977,165,5718,18,18.7,0.72,19.5,4.805555556,204.02,331,238
14/06/1977,165,5719,19,17.7,0.72,18.7,4.5,123.22,331,238
14/06/1977,165,5720,20,16.8,0.75,17.9,3.944444444,26.26,331,238
14/06/1977,165,5721,21,16,0.8,17.3,3.305555556,0,331,238
14/06/1977,165,5722,22,15.3,0.86,16.7,2.944444444,0,331,238
14/06/1977,165,5723,23,14.8,0.9,16.3,3.416666667,0,331,238
15/06/1977,166,5724,24,14.5,0.93,16,3.5,0,331,239
15/06/1977,166,5725,1,14.1,0.95,15.7,3.444444444,0,331,239
15/06/1977,166,5726,2,14,0.96,15.6,3.333333333,0,331,239
15/06/1977,166,5727,3,13.9,0.96,15.4,3.305555556,0,331,239
15/06/1977,166,5728,4,14,0.96,15.3,2.972222222,12.12,331,239
15/06/1977,166,5729,5,14.3,0.95,15.4,3.277777778,96.96,331,239
15/06/1977,166,5730,6,15.1,0.93,15.8,2.888888889,226.24,331,239
15/06/1977,166,5731,7,16.1,0.91,16.3,2.694444444,298.96,331,239
15/06/1977,166,5732,8,17.2,0.87,17,2.777777778,300.98,331,239
15/06/1977,166,5733,9,18,0.85,17.5,3.027777778,286.84,331,239
15/06/1977,166,5734,10,19.4,0.79,18.7,2.861111111,614.08,331,239
15/06/1977,166,5735,11,20.5,0.76,20,3.305555556,977.68,331,239
15/06/1977,166,5736,12,21.7,0.72,21.2,3.916666667,1094.84,331,239
15/06/1977,166,5737,13,22.3,0.71,21.9,4.25,1179.68,331,239
15/06/1977,166,5738,14,22.6,0.72,22.1,4.305555556,1240.28,331,239
15/06/1977,166,5739,15,22.5,0.73,22.1,4.75,1048.38,331,239
15/06/1977,166,5740,16,21.8,0.76,21.9,5.194444444,951.42,331,239
15/06/1977,166,5741,17,20.5,0.8,21.2,5.083333333,690.84,331,239
15/06/1977,166,5742,18,19.1,0.84,20.2,5.138888889,363.6,331,239
15/06/1977,166,5743,19,17.1,0.87,18.9,5.333333333,191.9,331,239
15/06/1977,166,5744,20,15.9,0.9,17.8,5.388888889,38.38,331,239
15/06/1977,166,5745,21,15,0.92,16.9,5.083333333,0,331,239
15/06/1977,166,5746,22,14.6,0.92,16.4,4.944444444,0,331,239
15/06/1977,166,5747,23,14.4,0.93,16,4.861111111,0,331,239
16/06/1977,167,5748,24,14.1,0.93,15.6,4.861111111,0,331,240
16/06/1977,167,5749,1,14,0.93,15.4,4.694444444,0,331,240
16/06/1977,167,5750,2,14,0.92,15.3,4.861111111,0,331,240
16/06/1977,167,5751,3,13.7,0.93,15,4.694444444,0,331,240
16/06/1977,167,5752,4,13.7,0.93,14.9,4.694444444,16.16,331,240
16/06/1977,167,5753,5,14.1,0.9,15.1,5.527777778,121.2,331,240
16/06/1977,167,5754,6,14.8,0.85,15.6,5.694444444,313.1,331,240
16/06/1977,167,5755,7,15.5,0.85,16.2,5.5,381.78,331,240
16/06/1977,167,5756,8,16.3,0.83,17,5.388888889,618.12,331,240
16/06/1977,167,5757,9,16.7,0.81,17.6,5.305555556,749.42,331,240
16/06/1977,167,5758,10,17.1,0.8,18.1,4.75,983.74,331,240
16/06/1977,167,5759,11,17.4,0.79,18.6,4.833333333,1153.42,331,240
16/06/1977,167,5760,12,17.9,0.76,19.2,5.027777778,1308.96,331,240
16/06/1977,167,5761,13,18.4,0.74,19.8,5.25,1177.66,331,240
16/06/1977,167,5762,14,18.2,0.74,19.9,5.861111111,1171.6,331,240
16/06/1977,167,5763,15,17.6,0.74,19.7,5.666666667,933.24,331,240
16/06/1977,167,5764,16,17,0.75,19.3,5.75,810.02,331,240
16/06/1977,167,5765,17,16.3,0.76,18.6,5.805555556,579.74,331,240
16/06/1977,167,5766,18,15.5,0.78,17.8,5.777777778,414.1,331,240
16/06/1977,167,5767,19,14.2,0.83,16.8,5.25,165.64,331,240
16/06/1977,167,5768,20,13.6,0.85,16,5.055555556,32.32,331,240
16/06/1977,167,5769,21,13.2,0.87,15.3,4.833333333,0,331,240
16/06/1977,167,5770,22,12.8,0.89,14.8,4.5,0,331,240
16/06/1977,167,5771,23,12.5,0.9,14.4,4.111111111,0,331,240
17/06/1977,168,5772,24,12.4,0.91,14.1,3.666666667,0,331,241
17/06/1977,168,5773,1,12.4,0.91,14,3.277777778,0,331,241
17/06/1977,168,5774,2,12.3,0.91,13.8,3.25,0,331,241
17/06/1977,168,5775,3,12.4,0.91,13.6,3.25,0,331,241
17/06/1977,168,5776,4,12.4,0.91,13.6,3.555555556,14.14,331,241
17/06/1977,168,5777,5,13,0.89,13.9,3.583333333,105.04,331,241
17/06/1977,168,5778,6,13.8,0.84,14.6,3.555555556,264.62,331,241
17/06/1977,168,5779,7,13.3,0.86,14.9,3.611111111,345.42,331,241
17/06/1977,168,5780,8,14.2,0.82,15.6,3.361111111,484.8,331,241
17/06/1977,168,5781,9,15.1,0.79,16.4,2.833333333,648.42,331,241
17/06/1977,168,5782,10,16.2,0.76,17.6,2,959.5,331,241
17/06/1977,168,5783,11,17.3,0.73,18.8,2.055555556,1159.48,331,241
17/06/1977,168,5784,12,18.1,0.71,19.6,2.388888889,1153.42,331,241
17/06/1977,168,5785,13,18.3,0.71,19.7,2.611111111,1113.02,331,241
17/06/1977,168,5786,14,18.3,0.71,19.7,3,935.26,331,241
17/06/1977,168,5787,15,18.2,0.72,19.7,3.277777778,876.68,331,241
17/06/1977,168,5788,16,17.4,0.75,19.2,3.583333333,644.38,331,241
17/06/1977,168,5789,17,16.3,0.78,18.4,3.611111111,401.98,331,241
17/06/1977,168,5790,18,15.4,0.81,17.6,3.611111111,329.26,331,241
17/06/1977,168,5791,19,14.6,0.8,16.7,3.388888889,92.92,331,241
17/06/1977,168,5792,20,14.1,0.81,16,3.138888889,20.2,331,241
17/06/1977,168,5793,21,13.8,0.83,15.4,3,0,331,241
17/06/1977,168,5794,22,13.7,0.84,15.1,2.5,0,331,241
17/06/1977,168,5795,23,13.5,0.86,14.8,2.361111111,0,331,241
18/06/1977,169,5796,24,13.4,0.86,14.6,2.027777778,0,331,242
18/06/1977,169,5797,1,13.3,0.87,14.5,1.805555556,0,331,242
18/06/1977,169,5798,2,13.3,0.88,14.4,1.5,0,331,242
18/06/1977,169,5799,3,13.3,0.87,14.3,1.555555556,0,331,242
18/06/1977,169,5800,4,13.2,0.88,14.2,1.777777778,6.06,331,242
18/06/1977,169,5801,5,13.4,0.87,14.3,2.111111111,38.38,331,242
18/06/1977,169,5802,6,13.6,0.86,14.5,2.194444444,103.02,331,242
18/06/1977,169,5803,7,13.7,0.81,14.8,1.972222222,218.16,331,242
18/06/1977,169,5804,8,14.2,0.79,15.2,1.777777778,357.54,331,242
18/06/1977,169,5805,9,14.6,0.77,15.7,1.722222222,416.12,331,242
18/06/1977,169,5806,10,15.1,0.76,16.3,2.027777778,575.7,331,242
18/06/1977,169,5807,11,15.7,0.75,16.9,1.861111111,650.44,331,242
18/06/1977,169,5808,12,16.3,0.73,17.4,1.805555556,646.4,331,242
18/06/1977,169,5809,13,16.7,0.73,17.9,1.611111111,702.96,331,242
18/06/1977,169,5810,14,16.9,0.72,18.1,1.833333333,603.98,331,242
18/06/1977,169,5811,15,17.1,0.71,18.1,2.166666667,525.2,331,242
18/06/1977,169,5812,16,16.9,0.73,17.8,2.555555556,395.92,331,242
18/06/1977,169,5813,17,16.4,0.76,17.3,2.833333333,305.02,331,242
18/06/1977,169,5814,18,15.7,0.8,16.8,2.722222222,179.78,331,242
18/06/1977,169,5815,19,14.9,0.79,16.2,2.611111111,76.76,331,242
18/06/1977,169,5816,20,14.5,0.81,15.6,1.972222222,20.2,331,242
18/06/1977,169,5817,21,14.4,0.83,15.3,1.527777778,0,331,242
18/06/1977,169,5818,22,14.3,0.84,15.1,1.527777778,0,331,242
18/06/1977,169,5819,23,14.2,0.86,14.9,1.527777778,0,331,242
19/06/1977,170,5820,24,14.1,0.87,14.7,1.194444444,0,331,243
19/06/1977,170,5821,1,14,0.88,14.6,1.194444444,0,331,243
19/06/1977,170,5822,2,14,0.89,14.5,1.388888889,0,331,243
19/06/1977,170,5823,3,14,0.89,14.4,1.444444444,0,331,243
19/06/1977,170,5824,4,14,0.9,14.4,1.333333333,4.04,331,243
19/06/1977,170,5825,5,14.2,0.9,14.5,1.722222222,26.26,331,243
19/06/1977,170,5826,6,14.6,0.88,14.8,2.444444444,88.88,331,243
19/06/1977,170,5827,7,15,0.85,15.3,3.027777778,165.64,331,243
19/06/1977,170,5828,8,15.1,0.85,15.4,3.722222222,189.88,331,243
19/06/1977,170,5829,9,15.4,0.84,15.8,4.222222222,315.12,331,243
19/06/1977,170,5830,10,15.5,0.84,16,4.5,327.24,331,243
19/06/1977,170,5831,11,15.6,0.84,16.2,5.027777778,331.28,331,243
19/06/1977,170,5832,12,15.3,0.84,16.1,5.333333333,276.74,331,243
19/06/1977,170,5833,13,15,0.84,16,5.333333333,329.26,331,243
19/06/1977,170,5834,14,14.6,0.83,15.9,5.527777778,317.14,331,243
19/06/1977,170,5835,15,14.3,0.81,15.6,5.555555556,252.5,331,243
19/06/1977,170,5836,16,14,0.79,15.4,5.305555556,197.96,331,243
19/06/1977,170,5837,17,13.8,0.78,15,4.972222222,189.88,331,243
19/06/1977,170,5838,18,13.6,0.77,14.8,4.777777778,147.46,331,243
19/06/1977,170,5839,19,13.2,0.79,14.4,4.555555556,32.32,331,243
19/06/1977,170,5840,20,13.1,0.78,14.1,4.472222222,10.1,331,243
19/06/1977,170,5841,21,12.9,0.78,13.9,4.388888889,0,331,243
19/06/1977,170,5842,22,12.7,0.79,13.6,4.638888889,0,331,243
19/06/1977,170,5843,23,12.5,0.8,13.5,4.444444444,0,331,243
20/06/1977,171,5844,24,12.3,0.8,13.3,4.055555556,0,331,244
20/06/1977,171,5845,1,12.2,0.79,13.2,3.722222222,0,331,244
20/06/1977,171,5846,2,12,0.79,13,3.583333333,0,331,244
20/06/1977,171,5847,3,11.8,0.79,12.9,3.611111111,0,331,244
20/06/1977,171,5848,4,11.7,0.79,12.8,3.611111111,8.08,331,244
20/06/1977,171,5849,5,11.7,0.78,12.8,4.027777778,60.6,331,244
20/06/1977,171,5850,6,11.9,0.75,12.9,4.472222222,127.26,331,244
20/06/1977,171,5851,7,11.9,0.73,13.1,4.638888889,199.98,331,244
20/06/1977,171,5852,8,12.1,0.72,13.3,4.333333333,303,331,244
20/06/1977,171,5853,9,12.2,0.72,13.4,3.972222222,387.84,331,244
20/06/1977,171,5854,10,12.6,0.7,13.9,3.694444444,523.18,331,244
20/06/1977,171,5855,11,13,0.69,14.3,3.777777778,622.16,331,244
20/06/1977,171,5856,12,13.4,0.67,14.9,4.055555556,719.12,331,244
20/06/1977,171,5857,13,13.9,0.65,15.6,4.194444444,906.98,331,244
20/06/1977,171,5858,14,14,0.64,15.8,4.027777778,808,331,244
20/06/1977,171,5859,15,14,0.64,15.9,4.027777778,765.58,331,244
20/06/1977,171,5860,16,13.9,0.64,15.8,3.888888889,733.26,331,244
20/06/1977,171,5861,17,13.5,0.64,15.4,3.694444444,567.62,331,244
20/06/1977,171,5862,18,13.2,0.64,14.9,3.583333333,381.78,331,244
20/06/1977,171,5863,19,12.2,0.66,14.1,3.388888889,131.3,331,244
20/06/1977,171,5864,20,11.8,0.68,13.5,2.777777778,34.34,331,244
20/06/1977,171,5865,21,11.4,0.72,12.9,2.194444444,0,331,244
20/06/1977,171,5866,22,11,0.76,12.4,2,0,331,244
20/06/1977,171,5867,23,10.7,0.79,12.1,2.111111111,0,331,244
21/06/1977,172,5868,24,10.6,0.8,11.9,2.75,0,331,245
21/06/1977,172,5869,1,10.7,0.81,11.8,2.944444444,0,331,245
21/06/1977,172,5870,2,10.7,0.82,11.8,3.138888889,0,331,245
21/06/1977,172,5871,3,10.6,0.83,11.7,2.861111111,0,331,245
21/06/1977,172,5872,4,10.9,0.83,11.7,2.611111111,12.12,331,245
21/06/1977,172,5873,5,11.2,0.84,11.9,2.555555556,90.9,331,245
21/06/1977,172,5874,6,12,0.82,12.5,2.416666667,230.28,331,245
21/06/1977,172,5875,7,13.1,0.83,13.3,2.25,315.12,331,245
21/06/1977,172,5876,8,14.1,0.79,14.3,1.833333333,381.78,331,245
21/06/1977,172,5877,9,15.1,0.73,15.3,1.361111111,553.48,331,245
21/06/1977,172,5878,10,15.7,0.71,16,1.833333333,704.98,331,245
21/06/1977,172,5879,11,16.2,0.7,16.5,2.222222222,757.5,331,245
21/06/1977,172,5880,12,16.5,0.7,16.8,2.416666667,787.8,331,245
21/06/1977,172,5881,13,16.8,0.69,17.2,2.583333333,771.64,331,245
21/06/1977,172,5882,14,16.9,0.7,17.2,2.861111111,696.9,331,245
21/06/1977,172,5883,15,16.7,0.72,17.1,3.166666667,565.6,331,245
21/06/1977,172,5884,16,16.7,0.73,17,3.25,505,331,245
21/06/1977,172,5885,17,16.3,0.75,16.6,3.361111111,369.66,331,245
21/06/1977,172,5886,18,15.9,0.78,16.2,3.472222222,254.52,331,245
21/06/1977,172,5887,19,15.2,0.81,15.6,3.25,80.8,331,245
21/06/1977,172,5888,20,14.6,0.85,15.1,3.138888889,24.24,331,245
21/06/1977,172,5889,21,14.2,0.87,14.6,3.111111111,0,331,245
21/06/1977,172,5890,22,13.9,0.89,14.3,3.027777778,0,331,245
21/06/1977,172,5891,23,13.6,0.91,14,2.972222222,0,331,245
22/06/1977,173,5892,24,13.3,0.92,13.8,2.861111111,0,331,246
22/06/1977,173,5893,1,13.1,0.93,13.6,2.972222222,0,331,246
22/06/1977,173,5894,2,12.8,0.95,13.3,2.805555556,0,331,246
22/06/1977,173,5895,3,12.5,0.96,13.1,2.805555556,0,331,246
22/06/1977,173,5896,4,12.3,0.96,12.9,3.111111111,12.12,331,246
22/06/1977,173,5897,5,12.8,0.94,13.1,3.555555556,105.04,331,246
22/06/1977,173,5898,6,13.5,0.89,13.8,3.666666667,266.64,331,246
22/06/1977,173,5899,7,14,0.83,14.5,3.388888889,418.14,331,246
22/06/1977,173,5900,8,14.9,0.78,15.5,3.083333333,646.4,331,246
22/06/1977,173,5901,9,15.5,0.75,16.2,2.888888889,822.14,331,246
22/06/1977,173,5902,10,16.4,0.7,17.2,3.194444444,967.58,331,246
22/06/1977,173,5903,11,16.8,0.68,17.7,3.694444444,993.84,331,246
22/06/1977,173,5904,12,17.1,0.67,18.1,4,943.34,331,246
22/06/1977,173,5905,13,17.7,0.65,18.7,4.111111111,1282.7,331,246
22/06/1977,173,5906,14,18.1,0.64,19.1,4.194444444,1181.7,331,246
22/06/1977,173,5907,15,18.1,0.64,19.2,4.416666667,1308.96,331,246
22/06/1977,173,5908,16,18,0.65,19.1,4.944444444,1074.64,331,246
22/06/1977,173,5909,17,17.2,0.7,18.6,5.25,729.22,331,246
22/06/1977,173,5910,18,15.9,0.75,17.6,5.222222222,464.6,331,246
22/06/1977,173,5911,19,14.8,0.77,16.5,4.833333333,214.12,331,246
22/06/1977,173,5912,20,13.7,0.82,15.5,4.305555556,46.46,331,246
22/06/1977,173,5913,21,12.7,0.86,14.5,3.611111111,0,331,246
22/06/1977,173,5914,22,12,0.88,13.8,3.611111111,0,331,246
22/06/1977,173,5915,23,11.5,0.9,13.2,3.25,0,331,246
23/06/1977,174,5916,24,11.1,0.9,12.8,2.555555556,0,331,247
23/06/1977,174,5917,1,10.9,0.9,12.5,2.222222222,0,331,247
23/06/1977,174,5918,2,10.6,0.91,12.2,2,0,331,247
23/06/1977,174,5919,3,10.3,0.92,11.9,2,0,331,247
23/06/1977,174,5920,4,10.2,0.92,11.8,1.638888889,16.16,331,247
23/06/1977,174,5921,5,10.9,0.9,12.2,1.611111111,127.26,331,247
23/06/1977,174,5922,6,11.9,0.82,13.3,1.722222222,325.22,331,247
23/06/1977,174,5923,7,11.8,0.83,13.9,1.722222222,488.84,331,247
23/06/1977,174,5924,8,12.5,0.81,14.7,1.833333333,644.38,331,247
23/06/1977,174,5925,9,13.4,0.78,15.8,1.916666667,913.04,331,247
23/06/1977,174,5926,10,14.4,0.75,16.9,1.833333333,1161.5,331,247
23/06/1977,174,5927,11,15.3,0.72,17.8,1.972222222,1157.46,331,247
23/06/1977,174,5928,12,16.2,0.69,18.7,2.222222222,1361.48,331,247
23/06/1977,174,5929,13,16.9,0.67,19.4,2.388888889,1381.68,331,247
23/06/1977,174,5930,14,17.2,0.66,19.5,2.333333333,1284.72,331,247
23/06/1977,174,5931,15,17.3,0.66,19.5,2.583333333,1133.22,331,247
23/06/1977,174,5932,16,17.1,0.66,19.1,2.722222222,866.58,331,247
23/06/1977,174,5933,17,16.7,0.68,18.4,2.972222222,654.48,331,247
23/06/1977,174,5934,18,16,0.72,17.5,3.222222222,416.12,331,247
23/06/1977,174,5935,19,14.8,0.76,16.6,3.111111111,165.64,331,247
23/06/1977,174,5936,20,13.9,0.81,15.6,2.694444444,36.36,331,247
23/06/1977,174,5937,21,13.2,0.85,14.7,2.388888889,0,331,247
23/06/1977,174,5938,22,12.8,0.88,14.1,2.277777778,0,331,247
23/06/1977,174,5939,23,12.4,0.9,13.7,1.972222222,0,331,247
24/06/1977,175,5940,24,12.2,0.91,13.3,1.777777778,0,331,248
24/06/1977,175,5941,1,11.8,0.92,12.9,1.861111111,0,331,248
24/06/1977,175,5942,2,11.3,0.93,12.6,2.222222222,0,331,248
24/06/1977,175,5943,3,10.6,0.95,12.1,1.805555556,0,331,248
24/06/1977,175,5944,4,11.1,0.92,11.6,1.194444444,16.16,331,248
24/06/1977,175,5945,5,12.1,0.9,12.2,0.305555556,139.38,331,248
24/06/1977,175,5946,6,13.2,0.85,14.1,0.194444444,359.56,331,248
24/06/1977,175,5947,7,13.2,0.89,15.2,0.944444444,581.76,331,248
24/06/1977,175,5948,8,14.6,0.78,16.3,1.805555556,801.94,331,248
24/06/1977,175,5949,9,16,0.7,17.5,2.916666667,1108.98,331,248
24/06/1977,175,5950,10,17.3,0.64,18.6,2.75,1272.6,331,248
24/06/1977,175,5951,11,17.9,0.63,19.4,2.5,1256.44,331,248
24/06/1977,175,5952,12,18.6,0.62,20.4,2.25,1498.84,331,248
24/06/1977,175,5953,13,19.2,0.61,21.2,2.388888889,1504.9,331,248
24/06/1977,175,5954,14,19.5,0.61,21.5,2.555555556,1512.98,331,248
24/06/1977,175,5955,15,19.4,0.61,21.4,2.833333333,1333.2,331,248
24/06/1977,175,5956,16,19,0.63,20.9,3.111111111,1036.26,331,248
24/06/1977,175,5957,17,18.2,0.65,20.1,3.25,779.72,331,248
24/06/1977,175,5958,18,17.3,0.68,19,2.638888889,484.8,331,248
24/06/1977,175,5959,19,15.9,0.72,17.7,1.916666667,222.2,331,248
24/06/1977,175,5960,20,14.8,0.77,16.5,1.638888889,50.5,331,248
24/06/1977,175,5961,21,13.8,0.82,15.4,1.888888889,0,331,248
24/06/1977,175,5962,22,12.9,0.87,14.6,1.638888889,0,331,248
24/06/1977,175,5963,23,12,0.91,13.8,1.972222222,0,331,248
25/06/1977,176,5964,24,11.5,0.91,13.2,2.194444444,0,331,249
25/06/1977,176,5965,1,11.4,0.91,12.8,2.305555556,0,331,249
25/06/1977,176,5966,2,11.7,0.9,12.7,2.055555556,0,331,249
25/06/1977,176,5967,3,11.9,0.89,12.7,2.472222222,0,331,249
25/06/1977,176,5968,4,12.2,0.88,12.7,3.138888889,14.14,331,249
25/06/1977,176,5969,5,12.9,0.85,13.2,3.583333333,127.26,331,249
25/06/1977,176,5970,6,14,0.8,14,3.611111111,300.98,331,249
25/06/1977,176,5971,7,14.9,0.78,14.9,3.833333333,462.58,331,249
25/06/1977,176,5972,8,15.6,0.74,15.8,3.777777778,678.72,331,249
25/06/1977,176,5973,9,16.1,0.72,16.4,3.861111111,723.16,331,249
25/06/1977,176,5974,10,16.5,0.72,17,4.694444444,1054.44,331,249
25/06/1977,176,5975,11,17.2,0.7,17.7,5.111111111,1250.38,331,249
25/06/1977,176,5976,12,17.2,0.71,17.7,4.777777778,1092.82,331,249
25/06/1977,176,5977,13,17.2,0.71,17.6,4.694444444,995.86,331,249
25/06/1977,176,5978,14,17.6,0.69,18.1,4.722222222,1098.88,331,249
25/06/1977,176,5979,15,17.7,0.67,18.4,4.944444444,1018.08,331,249
25/06/1977,176,5980,16,17.5,0.67,18.3,4.861111111,848.4,331,249
25/06/1977,176,5981,17,17.1,0.67,18,4.916666667,638.32,331,249
25/06/1977,176,5982,18,16.4,0.68,17.3,4.75,442.38,331,249
25/06/1977,176,5983,19,15.3,0.71,16.5,3.722222222,189.88,331,249
25/06/1977,176,5984,20,14.2,0.77,15.5,2.972222222,42.42,331,249
25/06/1977,176,5985,21,13.5,0.82,14.7,2.916666667,0,331,249
25/06/1977,176,5986,22,12.9,0.86,14.1,3.388888889,0,331,249
25/06/1977,176,5987,23,12.5,0.88,13.7,3,0,331,249
26/06/1977,177,5988,24,12.2,0.9,13.4,3.083333333,0,331,250
26/06/1977,177,5989,1,12,0.91,13.1,3.611111111,0,331,250
26/06/1977,177,5990,2,11.9,0.92,13,3.583333333,0,331,250
26/06/1977,177,5991,3,12,0.92,13,3.5,0,331,250
26/06/1977,177,5992,4,12.1,0.93,12.9,3.222222222,10.1,331,250
26/06/1977,177,5993,5,12.7,0.91,13.2,2.916666667,88.88,331,250
26/06/1977,177,5994,6,13.3,0.89,13.7,3.027777778,220.18,331,250
26/06/1977,177,5995,7,14,0.86,14.3,2.916666667,359.56,331,250
26/06/1977,177,5996,8,14.7,0.84,15,3.055555556,585.8,331,250
26/06/1977,177,5997,9,15.4,0.84,15.8,2.916666667,498.94,331,250
26/06/1977,177,5998,10,16,0.83,16.7,3.361111111,555.5,331,250
26/06/1977,177,5999,11,16.9,0.76,17.7,3.666666667,921.12,331,250
26/06/1977,177,6000,12,15.8,0.78,17.5,4.361111111,844.36,331,250
26/06/1977,177,6001,13,15.5,0.8,17.1,5.305555556,933.24,331,250
26/06/1977,177,6002,14,15.8,0.76,16.8,5.527777778,955.46,331,250
26/06/1977,177,6003,15,15.8,0.71,17,5.694444444,729.22,331,250
26/06/1977,177,6004,16,15.6,0.68,17,5.694444444,733.26,331,250
26/06/1977,177,6005,17,15.2,0.68,16.7,5.305555556,573.68,331,250
26/06/1977,177,6006,18,14.5,0.7,16,4.833333333,379.76,331,250
26/06/1977,177,6007,19,13.9,0.72,15.3,4.277777778,149.48,331,250
26/06/1977,177,6008,20,13.1,0.75,14.5,3.722222222,36.36,331,250
26/06/1977,177,6009,21,12.9,0.77,14.1,3.194444444,0,331,250
26/06/1977,177,6010,22,12.9,0.77,13.9,2.583333333,0,331,250
26/06/1977,177,6011,23,12.8,0.78,13.7,2.416666667,0,331,250
27/06/1977,178,6012,24,12.7,0.79,13.6,2.527777778,0,331,251
27/06/1977,178,6013,1,12.5,0.81,13.4,2.694444444,0,331,251
27/06/1977,178,6014,2,12.2,0.84,13.1,2.972222222,0,331,251
27/06/1977,178,6015,3,12,0.85,12.9,3.111111111,0,331,251
27/06/1977,178,6016,4,11.9,0.85,12.8,3.611111111,10.1,331,251
27/06/1977,178,6017,5,12.3,0.85,12.9,3.805555556,101,331,251
27/06/1977,178,6018,6,12.9,0.82,13.4,4.416666667,244.42,331,251
27/06/1977,178,6019,7,13.6,0.76,14.1,4.361111111,440.36,331,251
27/06/1977,178,6020,8,14.5,0.72,15,4.527777778,729.22,331,251
27/06/1977,178,6021,9,15.4,0.67,16.1,5.222222222,1143.32,331,251
27/06/1977,178,6022,10,16.1,0.61,16.7,5.5,1173.62,331,251
27/06/1977,178,6023,11,16.5,0.59,17.3,5.694444444,1165.54,331,251
27/06/1977,178,6024,12,17,0.57,17.8,5.888888889,1280.68,331,251
27/06/1977,178,6025,13,17.3,0.54,18.1,6.305555556,1359.46,331,251
27/06/1977,178,6026,14,17.5,0.53,18.4,6.416666667,1189.78,331,251
27/06/1977,178,6027,15,17.5,0.52,18.3,6.277777778,1111,331,251
27/06/1977,178,6028,16,17.2,0.53,17.9,6.166666667,818.1,331,251
27/06/1977,178,6029,17,16.7,0.55,17.3,5.944444444,535.3,331,251
27/06/1977,178,6030,18,16.2,0.59,16.7,5.5,305.02,331,251
27/06/1977,178,6031,19,14.7,0.68,15.9,5.055555556,119.18,331,251
27/06/1977,178,6032,20,14.4,0.7,15.1,5.138888889,14.14,331,251
27/06/1977,178,6033,21,14.3,0.71,14.5,5.111111111,0,331,251
27/06/1977,178,6034,22,14.1,0.73,14.3,5.305555556,0,331,251
27/06/1977,178,6035,23,14,0.75,14.1,5.305555556,0,331,251
28/06/1977,179,6036,24,13.7,0.77,13.9,5.305555556,0,331,252
28/06/1977,179,6037,1,13.5,0.78,13.7,5.305555556,0,331,252
28/06/1977,179,6038,2,13.2,0.78,13.5,5.222222222,0,331,252
28/06/1977,179,6039,3,12.8,0.81,13.3,4.888888889,0,331,252
28/06/1977,179,6040,4,12.6,0.83,13.2,4.916666667,4.04,331,252
28/06/1977,179,6041,5,12.9,0.84,13.3,5.055555556,54.54,331,252
28/06/1977,179,6042,6,13.2,0.84,13.6,5.111111111,189.88,331,252
28/06/1977,179,6043,7,14.1,0.84,14.4,5.694444444,446.42,331,252
28/06/1977,179,6044,8,14.8,0.83,14.9,5.722222222,614.08,331,252
28/06/1977,179,6045,9,15.5,0.8,15.4,5.722222222,474.7,331,252
28/06/1977,179,6046,10,15.2,0.8,15.3,5.444444444,389.86,331,252
28/06/1977,179,6047,11,14.8,0.84,15.2,5.166666667,422.18,331,252
28/06/1977,179,6048,12,15,0.82,15.1,5.333333333,642.36,331,252
28/06/1977,179,6049,13,16.3,0.75,15.9,5.25,1175.64,331,252
28/06/1977,179,6050,14,17.4,0.67,16.9,5.25,1018.08,331,252
28/06/1977,179,6051,15,17.9,0.62,17.5,5.277777778,949.4,331,252
28/06/1977,179,6052,16,17.9,0.61,17.7,5.083333333,862.54,331,252
28/06/1977,179,6053,17,17.4,0.64,17.3,4.527777778,563.58,331,252
28/06/1977,179,6054,18,16.8,0.68,16.7,3.388888889,327.24,331,252
28/06/1977,179,6055,19,15.7,0.72,16,2.388888889,187.86,331,252
28/06/1977,179,6056,20,14.8,0.76,15.2,2.361111111,40.4,331,252
28/06/1977,179,6057,21,14,0.79,14.4,2.138888889,0,331,252
28/06/1977,179,6058,22,13.2,0.83,13.7,2.444444444,0,331,252
28/06/1977,179,6059,23,13,0.84,13.4,2.472222222,0,331,252
29/06/1977,180,6060,24,12.6,0.85,13.1,2.638888889,0,331,253
29/06/1977,180,6061,1,12.4,0.86,12.9,2.833333333,0,331,253
29/06/1977,180,6062,2,12.5,0.85,12.8,2.944444444,0,331,253
29/06/1977,180,6063,3,12.3,0.86,12.7,2.972222222,0,331,253
29/06/1977,180,6064,4,12.3,0.87,12.7,2.833333333,8.08,331,253
29/06/1977,180,6065,5,12.6,0.88,12.9,2.833333333,88.88,331,253
29/06/1977,180,6066,6,13.5,0.86,13.5,2.916666667,230.28,331,253
29/06/1977,180,6067,7,14.3,0.87,14.3,3.027777778,323.2,331,253
29/06/1977,180,6068,8,15.2,0.86,15.2,2.916666667,513.08,331,253
29/06/1977,180,6069,9,16.2,0.8,16.2,3.111111111,711.04,331,253
29/06/1977,180,6070,10,16.3,0.76,16.9,3.861111111,521.16,331,253
29/06/1977,180,6071,11,15.2,0.81,16.3,4.666666667,822.14,331,253
29/06/1977,180,6072,12,15.4,0.83,16.1,4.916666667,749.42,331,253
29/06/1977,180,6073,13,16,0.81,16.7,4.916666667,951.42,331,253
29/06/1977,180,6074,14,16.4,0.75,17.5,4.666666667,1086.76,331,253
29/06/1977,180,6075,15,16.4,0.69,17.8,4.777777778,1155.44,331,253
29/06/1977,180,6076,16,16.1,0.66,17.6,5.055555556,999.9,331,253
29/06/1977,180,6077,17,15.6,0.67,17,4.944444444,704.98,331,253
29/06/1977,180,6078,18,15,0.69,16.3,4.472222222,438.34,331,253
29/06/1977,180,6079,19,14,0.71,15.4,3.611111111,218.16,331,253
29/06/1977,180,6080,20,13.2,0.75,14.5,2.5,48.48,331,253
29/06/1977,180,6081,21,12.5,0.79,13.7,2.166666667,0,331,253
29/06/1977,180,6082,22,11.5,0.86,13,2.055555556,0,331,253
29/06/1977,180,6083,23,10.8,0.88,12.2,1.777777778,0,331,253
30/06/1977,181,6084,24,10.1,0.9,11.6,1.722222222,0,331,254
30/06/1977,181,6085,1,9.4,0.93,11.1,1.944444444,0,331,254
30/06/1977,181,6086,2,9.2,0.94,10.8,2.333333333,0,331,254
30/06/1977,181,6087,3,9,0.96,10.5,2.333333333,0,331,254
30/06/1977,181,6088,4,9.3,0.95,10.5,2.222222222,14.14,331,254
30/06/1977,181,6089,5,10.4,0.93,11.1,2.805555556,139.38,331,254
30/06/1977,181,6090,6,12.4,0.85,12.3,3,363.6,331,254
30/06/1977,181,6091,7,14,0.81,13.8,3.611111111,577.72,331,254
30/06/1977,181,6092,8,15.3,0.76,15.1,3.833333333,793.86,331,254
30/06/1977,181,6093,9,16.4,0.73,16.3,4.055555556,1064.54,331,254
30/06/1977,181,6094,10,17.5,0.68,17.3,3.916666667,1104.94,331,254
30/06/1977,181,6095,11,18.1,0.66,18.1,4.166666667,1270.58,331,254
30/06/1977,181,6096,12,18.3,0.65,18.4,4.888888889,1195.84,331,254
30/06/1977,181,6097,13,18.5,0.63,18.6,5.527777778,1197.86,331,254
30/06/1977,181,6098,14,18.4,0.62,18.6,5.694444444,1147.36,331,254
30/06/1977,181,6099,15,18.2,0.61,18.4,5.944444444,1072.62,331,254
30/06/1977,181,6100,16,17.7,0.63,18.1,5.666666667,904.96,331,254
30/06/1977,181,6101,17,17.3,0.66,17.5,5.361111111,553.48,331,254
30/06/1977,181,6102,18,17.1,0.68,17.1,4.472222222,420.16,331,254
30/06/1977,181,6103,19,16.3,0.74,16.4,3.611111111,183.82,331,254
30/06/1977,181,6104,20,15.3,0.79,15.6,3.444444444,42.42,331,254
30/06/1977,181,6105,21,14.6,0.82,14.9,3.972222222,0,331,254
30/06/1977,181,6106,22,14,0.85,14.4,4.916666667,0,331,254
30/06/1977,181,6107,23,13.9,0.85,14.1,5.194444444,0,331,254
01/07/1977,182,6108,24,13.8,0.85,14,5.277777778,0,331,255
01/07/1977,182,6109,1,13.7,0.85,13.9,5.444444444,0,331,255
01/07/1977,182,6110,2,13.7,0.85,13.9,5.416666667,0,331,255
01/07/1977,182,6111,3,13.6,0.85,13.8,5.472222222,0,331,255
01/07/1977,182,6112,4,13.7,0.82,13.9,5.805555556,10.1,331,255
01/07/1977,182,6113,5,13.8,0.81,13.9,5.944444444,105.04,331,255
01/07/1977,182,6114,6,14,0.8,14,6.361111111,159.58,331,255
01/07/1977,182,6115,7,14.6,0.81,14.4,7.916666667,228.26,331,255
01/07/1977,182,6116,8,15.3,0.77,14.8,7.75,185.84,331,255
01/07/1977,182,6117,9,16,0.72,15.3,8.388888889,282.8,331,255
01/07/1977,182,6118,10,15.9,0.74,15.5,8.083333333,440.36,331,255
01/07/1977,182,6119,11,15.6,0.78,15.3,8.305555556,408.04,331,255
01/07/1977,182,6120,12,15.6,0.78,15.4,8.277777778,212.1,331,255
01/07/1977,182,6121,13,15.5,0.8,15.2,8.611111111,149.48,331,255
01/07/1977,182,6122,14,15.4,0.82,15,7.611111111,96.96,331,255
01/07/1977,182,6123,15,15.5,0.81,14.9,7.166666667,111.1,331,255
01/07/1977,182,6124,16,15.9,0.8,15,6.833333333,127.26,331,255
01/07/1977,182,6125,17,16.1,0.79,15,7.194444444,88.88,331,255
01/07/1977,182,6126,18,16.1,0.79,14.9,6.944444444,46.46,331,255
01/07/1977,182,6127,19,15.9,0.8,14.8,6.5,16.16,331,255
01/07/1977,182,6128,20,15.9,0.81,14.7,6.027777778,4.04,331,255
01/07/1977,182,6129,21,15.8,0.82,14.6,5.583333333,0,331,255
01/07/1977,182,6130,22,15.7,0.84,14.6,4.833333333,0,331,255
01/07/1977,182,6131,23,15.5,0.86,14.6,4.194444444,0,331,255
02/07/1977,183,6132,24,15.3,0.88,14.6,3.333333333,0,331,256
02/07/1977,183,6133,1,15,0.91,14.5,2.555555556,0,331,256
02/07/1977,183,6134,2,14.6,0.93,14.3,2.027777778,0,331,256
02/07/1977,183,6135,3,14.2,0.95,14.1,1.777777778,0,331,256
02/07/1977,183,6136,4,13.8,0.97,13.9,1.527777778,6.06,331,256
02/07/1977,183,6137,5,13.8,0.98,14,1.638888889,72.72,331,256
02/07/1977,183,6138,6,14.6,0.93,15,1.75,208.06,331,256
02/07/1977,183,6139,7,15,0.88,15.4,1.611111111,327.24,331,256
02/07/1977,183,6140,8,15.5,0.85,15.9,1.277777778,480.76,331,256
02/07/1977,183,6141,9,16.4,0.81,16.9,0.861111111,686.8,331,256
02/07/1977,183,6142,10,17.7,0.73,18.1,0.888888889,838.3,331,256
02/07/1977,183,6143,11,18.5,0.7,18.8,0.805555556,997.88,331,256
02/07/1977,183,6144,12,19,0.68,19.1,1.083333333,1024.14,331,256
02/07/1977,183,6145,13,19.6,0.66,19.6,1.305555556,1060.5,331,256
02/07/1977,183,6146,14,19.9,0.65,19.8,1.222222222,868.6,331,256
02/07/1977,183,6147,15,20.2,0.64,20,1.111111111,906.98,331,256
02/07/1977,183,6148,16,20.1,0.65,19.6,0.805555556,583.78,331,256
02/07/1977,183,6149,17,19.9,0.67,19.3,0.694444444,440.36,331,256
02/07/1977,183,6150,18,19.4,0.7,18.7,0.805555556,303,331,256
02/07/1977,183,6151,19,18.2,0.76,18,1.083333333,143.42,331,256
02/07/1977,183,6152,20,17.2,0.79,17.1,1.5,36.36,331,256
02/07/1977,183,6153,21,16.4,0.83,16.4,1.305555556,0,331,256
02/07/1977,183,6154,22,15.5,0.88,15.7,1.444444444,0,331,256
02/07/1977,183,6155,23,14.4,0.93,15,1.638888889,0,331,256
03/07/1977,184,6156,24,13.8,0.94,14.5,1.666666667,0,331,257
03/07/1977,184,6157,1,13.5,0.95,14.2,1.777777778,0,331,257
03/07/1977,184,6158,2,13.1,0.96,13.9,1.916666667,0,331,257
03/07/1977,184,6159,3,12.8,0.96,13.6,2.027777778,0,331,257
03/07/1977,184,6160,4,12.6,0.96,13.3,1.583333333,12.12,331,257
03/07/1977,184,6161,5,13.5,0.96,13.8,1.75,125.24,331,257
03/07/1977,184,6162,6,16.4,0.89,15.6,1.5,345.42,331,257
03/07/1977,184,6163,7,17.9,0.84,17.2,1.527777778,575.7,331,257
03/07/1977,184,6164,8,19.1,0.78,18.4,1.333333333,836.28,331,257
03/07/1977,184,6165,9,20.2,0.71,19.8,0.833333333,1030.2,331,257
03/07/1977,184,6166,10,21,0.66,20.8,0.861111111,1088.78,331,257
03/07/1977,184,6167,11,21.4,0.63,21.2,1.277777778,1153.42,331,257
03/07/1977,184,6168,12,22.1,0.6,21.9,1.5,1220.08,331,257
03/07/1977,184,6169,13,22.7,0.58,22.5,1.555555556,1226.14,331,257
03/07/1977,184,6170,14,23,0.57,22.8,1.944444444,1353.4,331,257
03/07/1977,184,6171,15,23.1,0.58,23,2.527777778,1177.66,331,257
03/07/1977,184,6172,16,22.9,0.6,22.7,3.277777778,1062.52,331,257
03/07/1977,184,6173,17,22.2,0.63,22,3.694444444,741.34,331,257
03/07/1977,184,6174,18,21.2,0.71,21.1,3.75,468.64,331,257
03/07/1977,184,6175,19,19.8,0.75,20,3.694444444,212.1,331,257
03/07/1977,184,6176,20,18.4,0.8,18.8,3.75,42.42,331,257
03/07/1977,184,6177,21,17.6,0.84,17.9,3.916666667,0,331,257
03/07/1977,184,6178,22,16.9,0.86,17.3,3.833333333,0,331,257
03/07/1977,184,6179,23,16.4,0.87,16.8,3.805555556,0,331,257
04/07/1977,185,6180,24,15.8,0.88,16.3,3.361111111,0,331,258
04/07/1977,185,6181,1,15.3,0.9,15.9,2.972222222,0,331,258
04/07/1977,185,6182,2,14.7,0.9,15.5,2.805555556,0,331,258
04/07/1977,185,6183,3,14.3,0.91,15.1,2.861111111,0,331,258
04/07/1977,185,6184,4,13.9,0.91,14.8,3.027777778,12.12,331,258
04/07/1977,185,6185,5,14.3,0.89,15,3.138888889,141.4,331,258
04/07/1977,185,6186,6,15.7,0.82,15.9,2.861111111,379.76,331,258
04/07/1977,185,6187,7,17.8,0.77,17.3,3.055555556,660.54,331,258
04/07/1977,185,6188,8,19.2,0.72,18.8,3.361111111,961.52,331,258
04/07/1977,185,6189,9,20.5,0.66,20.1,3.666666667,1236.24,331,258
04/07/1977,185,6190,10,21.5,0.61,21.2,4.194444444,1454.4,331,258
04/07/1977,185,6191,11,22.3,0.58,22.1,4.388888889,1603.88,331,258
04/07/1977,185,6192,12,22.9,0.55,22.8,4.388888889,1666.5,331,258
04/07/1977,185,6193,13,23.3,0.55,23.3,4.611111111,1630.14,331,258
04/07/1977,185,6194,14,23.5,0.55,23.5,4.944444444,1517.02,331,258
04/07/1977,185,6195,15,23.5,0.55,23.4,5.222222222,1325.12,331,258
04/07/1977,185,6196,16,23.2,0.57,23,5.527777778,1072.62,331,258
04/07/1977,185,6197,17,22.6,0.61,22.4,5.611111111,783.76,331,258
04/07/1977,185,6198,18,21.7,0.67,21.6,5.333333333,488.84,331,258
04/07/1977,185,6199,19,20.3,0.71,20.5,5.166666667,226.24,331,258
04/07/1977,185,6200,20,18.9,0.75,19.4,4.805555556,46.46,331,258
04/07/1977,185,6201,21,17.8,0.78,18.5,4.472222222,0,331,258
04/07/1977,185,6202,22,16.9,0.82,17.7,4.111111111,0,331,258
04/07/1977,185,6203,23,16.1,0.84,17.1,3.833333333,0,331,258
05/07/1977,186,6204,24,15.3,0.87,16.5,3.888888889,0,331,259
05/07/1977,186,6205,1,14.7,0.89,16.1,4.25,0,331,259
05/07/1977,186,6206,2,14.2,0.9,15.7,3.833333333,0,331,259
05/07/1977,186,6207,3,13.9,0.91,15.3,3.555555556,0,331,259
05/07/1977,186,6208,4,13.7,0.92,15.1,3.666666667,12.12,331,259
05/07/1977,186,6209,5,14.2,0.9,15.3,3.583333333,137.36,331,259
05/07/1977,186,6210,6,15.5,0.86,16.2,3.361111111,365.62,331,259
05/07/1977,186,6211,7,16.9,0.82,17.4,3.333333333,642.36,331,259
05/07/1977,186,6212,8,18.5,0.78,18.8,3.611111111,935.26,331,259
05/07/1977,186,6213,9,20.1,0.72,20.3,3.75,1207.96,331,259
05/07/1977,186,6214,10,21.5,0.65,21.5,4.222222222,1430.16,331,259
05/07/1977,186,6215,11,22.3,0.6,22.4,4.666666667,1589.74,331,259
05/07/1977,186,6216,12,23,0.57,23.1,5.083333333,1638.22,331,259
05/07/1977,186,6217,13,23.5,0.55,23.5,5.527777778,1626.1,331,259
05/07/1977,186,6218,14,23.9,0.53,23.7,5.611111111,1492.78,331,259
05/07/1977,186,6219,15,23.8,0.54,23.5,5.722222222,1127.16,331,259
05/07/1977,186,6220,16,23.2,0.58,23,5.944444444,977.68,331,259
05/07/1977,186,6221,17,22.5,0.63,22.5,5.722222222,751.44,331,259
05/07/1977,186,6222,18,21.7,0.68,21.7,5.277777778,462.58,331,259
05/07/1977,186,6223,19,19.8,0.73,20.6,5.138888889,216.14,331,259
05/07/1977,186,6224,20,18.8,0.77,19.5,4.777777778,42.42,331,259
05/07/1977,186,6225,21,18.2,0.8,18.8,4.694444444,0,331,259
05/07/1977,186,6226,22,17.8,0.82,18.2,4.416666667,0,331,259
05/07/1977,186,6227,23,17.4,0.84,17.8,3.888888889,0,331,259
06/07/1977,187,6228,24,17,0.87,17.4,3.361111111,0,331,260
06/07/1977,187,6229,1,16.6,0.9,17,3.361111111,0,331,260
06/07/1977,187,6230,2,16.3,0.91,16.7,3.611111111,0,331,260
06/07/1977,187,6231,3,16,0.92,16.5,3.694444444,0,331,260
06/07/1977,187,6232,4,15.8,0.93,16.3,3.472222222,10.1,331,260
06/07/1977,187,6233,5,16.1,0.91,16.4,3.472222222,131.3,331,260
06/07/1977,187,6234,6,17.3,0.86,17.3,3.472222222,351.48,331,260
06/07/1977,187,6235,7,18.8,0.79,18.5,3.388888889,624.18,331,260
06/07/1977,187,6236,8,20.2,0.73,19.9,3.444444444,921.12,331,260
06/07/1977,187,6237,9,21.5,0.68,21.2,3.722222222,1189.78,331,260
06/07/1977,187,6238,10,22.5,0.66,22.4,4.194444444,1401.88,331,260
06/07/1977,187,6239,11,23.1,0.65,23.4,4.638888889,1561.46,331,260
06/07/1977,187,6240,12,23.5,0.65,24,5.055555556,1541.26,331,260
06/07/1977,187,6241,13,23.7,0.65,24.3,5.527777778,1537.22,331,260
06/07/1977,187,6242,14,23.5,0.64,24.2,5.75,1369.56,331,260
06/07/1977,187,6243,15,23.1,0.62,24,6,1115.04,331,260
06/07/1977,187,6244,16,22.6,0.65,23.3,6,943.34,331,260
06/07/1977,187,6245,17,22,0.67,22.8,5.805555556,711.04,331,260
06/07/1977,187,6246,18,21.1,0.72,21.9,5.416666667,448.44,331,260
06/07/1977,187,6247,19,19.5,0.75,20.8,4.805555556,218.16,331,260
06/07/1977,187,6248,20,18.3,0.81,19.6,4.75,42.42,331,260
06/07/1977,187,6249,21,17.5,0.85,18.8,4.5,0,331,260
06/07/1977,187,6250,22,17,0.87,18.2,4.277777778,0,331,260
06/07/1977,187,6251,23,16.6,0.89,17.7,4.222222222,0,331,260
07/07/1977,188,6252,24,16.4,0.91,17.4,3.916666667,0,331,261
07/07/1977,188,6253,1,16.3,0.92,17.2,3.694444444,0,331,261
07/07/1977,188,6254,2,16.3,0.92,17,3.861111111,0,331,261
07/07/1977,188,6255,3,16.2,0.93,16.9,4.111111111,0,331,261
07/07/1977,188,6256,4,16.3,0.93,16.9,4.166666667,6.06,331,261
07/07/1977,188,6257,5,16.8,0.91,17.1,4,62.62,331,261
07/07/1977,188,6258,6,17.5,0.87,17.7,3.861111111,161.6,331,261
07/07/1977,188,6259,7,18.3,0.82,18.4,4.083333333,347.44,331,261
07/07/1977,188,6260,8,18.9,0.79,19.1,4.583333333,480.76,331,261
07/07/1977,188,6261,9,19.6,0.75,19.9,5.222222222,741.34,331,261
07/07/1977,188,6262,10,20.1,0.72,20.6,5.416666667,913.04,331,261
07/07/1977,188,6263,11,20.4,0.7,20.9,5.472222222,1046.36,331,261
07/07/1977,188,6264,12,20.7,0.68,21.4,5.666666667,1090.8,331,261
07/07/1977,188,6265,13,21,0.66,21.7,5.638888889,1115.04,331,261
07/07/1977,188,6266,14,21,0.66,21.7,5.75,1090.8,331,261
07/07/1977,188,6267,15,21.3,0.64,22,5.833333333,991.82,331,261
07/07/1977,188,6268,16,21,0.64,21.8,5.694444444,854.46,331,261
07/07/1977,188,6269,17,20.8,0.65,21.4,5.472222222,644.38,331,261
07/07/1977,188,6270,18,20.2,0.67,20.8,5,456.52,331,261
07/07/1977,188,6271,19,19.1,0.73,19.9,4.861111111,195.94,331,261
07/07/1977,188,6272,20,18,0.78,19,4.833333333,42.42,331,261
07/07/1977,188,6273,21,17.2,0.84,18.2,4.472222222,0,331,261
07/07/1977,188,6274,22,16.6,0.88,17.6,4.472222222,0,331,261
07/07/1977,188,6275,23,16.1,0.91,17.1,3.666666667,0,331,261
08/07/1977,189,6276,24,15.8,0.93,16.8,3.333333333,0,331,262
08/07/1977,189,6277,1,15.6,0.94,16.5,3.305555556,0,331,262
08/07/1977,189,6278,2,15.5,0.94,16.3,3.333333333,0,331,262
08/07/1977,189,6279,3,15.4,0.94,16.2,3.277777778,0,331,262
08/07/1977,189,6280,4,15.3,0.94,16,3.25,8.08,331,262
08/07/1977,189,6281,5,15.6,0.92,16.1,3.472222222,115.14,331,262
08/07/1977,189,6282,6,16.6,0.85,16.9,3.5,331.28,331,262
08/07/1977,189,6283,7,17.6,0.83,17.9,3.583333333,484.8,331,262
08/07/1977,189,6284,8,18.8,0.76,19.1,3.972222222,820.12,331,262
08/07/1977,189,6285,9,19.9,0.69,20.3,4.666666667,1141.3,331,262
08/07/1977,189,6286,10,20.5,0.64,21.1,4.944444444,1248.36,331,262
08/07/1977,189,6287,11,21.3,0.61,22,4.888888889,1426.12,331,262
08/07/1977,189,6288,12,21.5,0.6,22.5,5.277777778,1401.88,331,262
08/07/1977,189,6289,13,21.5,0.61,22.6,5.805555556,1181.7,331,262
08/07/1977,189,6290,14,21.1,0.63,22.2,6.138888889,965.56,331,262
08/07/1977,189,6291,15,20.5,0.67,21.7,6.527777778,777.7,331,262
08/07/1977,189,6292,16,20,0.7,21.2,6.722222222,606,331,262
08/07/1977,189,6293,17,19.2,0.74,20.5,6.25,438.34,331,262
08/07/1977,189,6294,18,18.4,0.78,19.8,5.527777778,345.42,331,262
08/07/1977,189,6295,19,17.7,0.81,19,5.027777778,84.84,331,262
08/07/1977,189,6296,20,17.2,0.84,18.3,4.805555556,22.22,331,262
08/07/1977,189,6297,21,16.8,0.86,17.8,4.111111111,0,331,262
08/07/1977,189,6298,22,16.6,0.87,17.4,4.694444444,0,331,262
08/07/1977,189,6299,23,16.5,0.87,17.1,4.111111111,0,331,262
09/07/1977,190,6300,24,16.5,0.87,16.9,4.222222222,0,331,263
09/07/1977,190,6301,1,16.7,0.87,16.8,4.25,0,331,263
09/07/1977,190,6302,2,16.9,0.86,16.8,4.194444444,0,331,263
09/07/1977,190,6303,3,17,0.86,16.9,4.194444444,0,331,263
09/07/1977,190,6304,4,17,0.85,16.9,4.194444444,6.06,331,263
09/07/1977,190,6305,5,17.1,0.84,17,4.194444444,94.94,331,263
09/07/1977,190,6306,6,17.4,0.81,17.2,4.75,278.76,331,263
09/07/1977,190,6307,7,18.2,0.8,18,4.805555556,450.46,331,263
09/07/1977,190,6308,8,19,0.74,18.8,4.805555556,686.8,331,263
09/07/1977,190,6309,9,19.8,0.69,19.5,5.055555556,892.84,331,263
09/07/1977,190,6310,10,20.1,0.69,19.8,5.222222222,751.44,331,263
09/07/1977,190,6311,11,20.5,0.67,20.3,5.222222222,836.28,331,263
09/07/1977,190,6312,12,21.2,0.65,21.1,5.111111111,1066.56,331,263
09/07/1977,190,6313,13,21.5,0.64,21.6,5.277777778,1242.3,331,263
09/07/1977,190,6314,14,21.7,0.63,22,5.666666667,1010,331,263
09/07/1977,190,6315,15,21.7,0.64,22,5.916666667,931.22,331,263
09/07/1977,190,6316,16,21.1,0.66,21.6,6,616.1,331,263
09/07/1977,190,6317,17,20.8,0.67,21.1,5.444444444,567.62,331,263
09/07/1977,190,6318,18,20.1,0.71,20.4,5.194444444,311.08,331,263
09/07/1977,190,6319,19,19,0.76,19.7,4.472222222,151.5,331,263
09/07/1977,190,6320,20,18.3,0.8,18.9,4.111111111,30.3,331,263
09/07/1977,190,6321,21,17.6,0.84,18.2,3.638888889,0,331,263
09/07/1977,190,6322,22,16.9,0.87,17.6,4.111111111,0,331,263
09/07/1977,190,6323,23,16.6,0.89,17.3,3.777777778,0,331,263
10/07/1977,191,6324,24,16.3,0.91,17,3.472222222,0,331,264
10/07/1977,191,6325,1,16,0.93,16.7,3.388888889,0,331,264
10/07/1977,191,6326,2,15.7,0.93,16.4,3.194444444,0,331,264
10/07/1977,191,6327,3,15.5,0.94,16.1,3,0,331,264
10/07/1977,191,6328,4,15.2,0.95,15.9,2.777777778,8.08,331,264
10/07/1977,191,6329,5,15.6,0.94,16.1,2.944444444,117.16,331,264
10/07/1977,191,6330,6,16.9,0.88,17.1,3.027777778,339.36,331,264
10/07/1977,191,6331,7,18,0.83,18.4,3.222222222,563.58,331,264
10/07/1977,191,6332,8,19.3,0.77,19.6,3.611111111,830.22,331,264
10/07/1977,191,6333,9,20.3,0.72,20.9,4.194444444,1117.06,331,264
10/07/1977,191,6334,10,20.9,0.69,21.8,5.111111111,1371.58,331,264
10/07/1977,191,6335,11,21.1,0.67,22.3,5.611111111,1339.26,331,264
10/07/1977,191,6336,12,21.4,0.64,22.9,5.638888889,1515,331,264
10/07/1977,191,6337,13,21.4,0.62,23.3,5.694444444,1549.34,331,264
10/07/1977,191,6338,14,21.2,0.62,23.4,5.527777778,1478.64,331,264
10/07/1977,191,6339,15,20.7,0.63,23.1,5.472222222,1274.62,331,264
10/07/1977,191,6340,16,20.1,0.65,22.6,5.472222222,1092.82,331,264
10/07/1977,191,6341,17,19.3,0.68,21.9,5.194444444,795.88,331,264
10/07/1977,191,6342,18,18.3,0.72,20.8,4.916666667,490.86,331,264
10/07/1977,191,6343,19,16.5,0.78,19.5,4.5,214.12,331,264
10/07/1977,191,6344,20,15.6,0.83,18.3,3.694444444,38.38,331,264
10/07/1977,191,6345,21,14.9,0.87,17.3,2.916666667,0,331,264
10/07/1977,191,6346,22,14.5,0.9,16.6,2.666666667,0,331,264
10/07/1977,191,6347,23,14.1,0.92,16,2.444444444,0,331,264
11/07/1977,192,6348,24,13.7,0.93,15.5,2.222222222,0,331,265
11/07/1977,192,6349,1,13.5,0.94,15.2,1.944444444,0,331,265
11/07/1977,192,6350,2,13.3,0.94,14.9,2.166666667,0,331,265
11/07/1977,192,6351,3,13,0.95,14.6,1.944444444,0,331,265
11/07/1977,192,6352,4,12.5,0.96,14.3,1.611111111,6.06,331,265
11/07/1977,192,6353,5,13.1,0.96,14.8,1.416666667,101,331,265
11/07/1977,192,6354,6,14.5,0.9,16.5,1,270.68,331,265
11/07/1977,192,6355,7,15.5,0.85,17.4,0.861111111,347.44,331,265
11/07/1977,192,6356,8,16.2,0.8,18.2,0.944444444,646.4,331,265
11/07/1977,192,6357,9,17.4,0.75,19.6,1.305555556,965.56,331,265
11/07/1977,192,6358,10,18.2,0.73,20.4,1.416666667,1034.24,331,265
11/07/1977,192,6359,11,19.1,0.71,21.5,1.722222222,1169.58,331,265
11/07/1977,192,6360,12,19.9,0.69,22.6,2.194444444,1401.88,331,265
11/07/1977,192,6361,13,20.3,0.68,23.1,2.555555556,1422.08,331,265
11/07/1977,192,6362,14,20.6,0.67,23.4,2.833333333,1426.12,331,265
11/07/1977,192,6363,15,20.8,0.66,23.5,3.138888889,1250.38,331,265
11/07/1977,192,6364,16,20.5,0.67,23.1,3.305555556,1028.18,331,265
11/07/1977,192,6365,17,19.7,0.69,22.2,3.361111111,741.34,331,265
11/07/1977,192,6366,18,18.7,0.72,21.1,3.416666667,454.5,331,265
11/07/1977,192,6367,19,16.6,0.75,19.6,3.194444444,177.76,331,265
11/07/1977,192,6368,20,15.6,0.79,18.3,2.777777778,34.34,331,265
11/07/1977,192,6369,21,14.8,0.83,17.2,2.444444444,0,331,265
11/07/1977,192,6370,22,14.2,0.87,16.5,2.555555556,0,331,265
11/07/1977,192,6371,23,13.8,0.89,15.9,2.166666667,0,331,265
12/07/1977,193,6372,24,13.4,0.91,15.4,1.833333333,0,331,266
12/07/1977,193,6373,1,13.2,0.92,15,1.888888889,0,331,266
12/07/1977,193,6374,2,12.8,0.94,14.7,2.138888889,0,331,266
12/07/1977,193,6375,3,12.5,0.95,14.4,2.277777778,0,331,266
12/07/1977,193,6376,4,12.3,0.95,14.1,2,6.06,331,266
12/07/1977,193,6377,5,12.9,0.95,14.5,1.5,88.88,331,266
12/07/1977,193,6378,6,14.6,0.84,16,1.361111111,270.68,331,266
12/07/1977,193,6379,7,15,0.81,16.7,1.416666667,450.46,331,266
12/07/1977,193,6380,8,15.8,0.78,17.8,1.527777778,579.74,331,266
12/07/1977,193,6381,9,16.6,0.75,18.6,1.972222222,864.56,331,266
12/07/1977,193,6382,10,17.5,0.72,19.7,2.138888889,1012.02,331,266
12/07/1977,193,6383,11,18.7,0.69,21.1,2.527777778,1361.48,331,266
12/07/1977,193,6384,12,19.5,0.67,22,2.666666667,1373.6,331,266
12/07/1977,193,6385,13,20.1,0.65,22.8,2.861111111,1535.2,331,266
12/07/1977,193,6386,14,20.5,0.65,23.1,3.361111111,1440.26,331,266
12/07/1977,193,6387,15,20.5,0.65,23.1,3.833333333,1224.12,331,266
12/07/1977,193,6388,16,20.1,0.67,22.6,4.222222222,1034.24,331,266
12/07/1977,193,6389,17,19.3,0.7,21.7,4.416666667,747.4,331,266
12/07/1977,193,6390,18,18.3,0.74,20.7,4.5,462.58,331,266
12/07/1977,193,6391,19,16.5,0.77,19.3,4.194444444,202,331,266
12/07/1977,193,6392,20,15.5,0.82,18,3.805555556,34.34,331,266
12/07/1977,193,6393,21,14.8,0.85,17.1,3.5,0,331,266
12/07/1977,193,6394,22,14.3,0.87,16.4,3.305555556,0,331,266
12/07/1977,193,6395,23,13.8,0.89,15.8,2.888888889,0,331,266
13/07/1977,194,6396,24,13.5,0.89,15.5,2.805555556,0,331,267
13/07/1977,194,6397,1,13.3,0.89,15.2,2.611111111,0,331,267
13/07/1977,194,6398,2,13.2,0.88,15,2.416666667,0,331,267
13/07/1977,194,6399,3,13.2,0.87,14.9,2.333333333,0,331,267
13/07/1977,194,6400,4,13.3,0.86,14.8,2.444444444,4.04,331,267
13/07/1977,194,6401,5,13.6,0.83,15,2.777777778,72.72,331,267
13/07/1977,194,6402,6,14.1,0.79,15.5,2.805555556,222.2,331,267
13/07/1977,194,6403,7,14.3,0.81,15.9,2.833333333,240.38,331,267
13/07/1977,194,6404,8,14.8,0.79,16.6,3,408.04,331,267
13/07/1977,194,6405,9,15.5,0.76,17.3,3.5,557.52,331,267
13/07/1977,194,6406,10,16.5,0.7,18.2,4.25,828.2,331,267
13/07/1977,194,6407,11,17.6,0.65,19.5,4.472222222,1232.2,331,267
13/07/1977,194,6408,12,18.3,0.62,20.4,4.5,1347.34,331,267
13/07/1977,194,6409,13,18.4,0.62,21.1,4.916666667,1519.04,331,267
13/07/1977,194,6410,14,18.4,0.62,21.4,5.611111111,1452.38,331,267
13/07/1977,194,6411,15,18,0.63,21.2,5.861111111,1232.2,331,267
13/07/1977,194,6412,16,17.3,0.65,20.6,5.888888889,943.34,331,267
13/07/1977,194,6413,17,16.6,0.68,19.8,5.972222222,686.8,331,267
13/07/1977,194,6414,18,15.8,0.72,18.8,6.222222222,387.84,331,267
13/07/1977,194,6415,19,14.6,0.73,17.6,6.222222222,131.3,331,267
13/07/1977,194,6416,20,14.2,0.73,16.8,6,20.2,331,267
13/07/1977,194,6417,21,14.1,0.73,16.3,6.083333333,0,331,267
13/07/1977,194,6418,22,13.9,0.73,16,5.805555556,0,331,267
13/07/1977,194,6419,23,13.8,0.73,15.7,5.694444444,0,331,267
14/07/1977,195,6420,24,13.6,0.74,15.4,5.333333333,0,331,268
14/07/1977,195,6421,1,13.5,0.73,15.2,5.166666667,0,331,268
14/07/1977,195,6422,2,13.4,0.73,15,5.444444444,0,331,268
14/07/1977,195,6423,3,13.2,0.73,14.8,5.055555556,0,331,268
14/07/1977,195,6424,4,13.1,0.73,14.6,5.138888889,2.02,331,268
14/07/1977,195,6425,5,13.1,0.72,14.6,5.305555556,62.62,331,268
14/07/1977,195,6426,6,13.3,0.71,14.7,5.583333333,175.74,331,268
14/07/1977,195,6427,7,13.5,0.68,14.9,5.638888889,270.68,331,268
14/07/1977,195,6428,8,13.9,0.64,15.3,5.916666667,353.5,331,268
14/07/1977,195,6429,9,14.2,0.61,15.7,6.527777778,480.76,331,268
14/07/1977,195,6430,10,14.5,0.57,16.3,6.583333333,612.06,331,268
14/07/1977,195,6431,11,14.4,0.57,16.5,6.583333333,559.54,331,268
14/07/1977,195,6432,12,14.9,0.54,17.1,6.75,1024.14,331,268
14/07/1977,195,6433,13,15,0.53,17.4,6.972222222,836.28,331,268
14/07/1977,195,6434,14,15,0.53,17.3,6.972222222,840.32,331,268
14/07/1977,195,6435,15,15.1,0.53,17.4,7.166666667,715.08,331,268
14/07/1977,195,6436,16,14.8,0.55,17,7.416666667,579.74,331,268
14/07/1977,195,6437,17,14.4,0.56,16.6,7.25,412.08,331,268
14/07/1977,195,6438,18,14.3,0.56,16.2,7.027777778,345.42,331,268
14/07/1977,195,6439,19,13.5,0.59,15.5,6.305555556,165.64,331,268
14/07/1977,195,6440,20,13.1,0.6,14.8,5.777777778,32.32,331,268
14/07/1977,195,6441,21,12.9,0.61,14.4,5.5,0,331,268
14/07/1977,195,6442,22,12.7,0.63,14,5.555555556,0,331,268
14/07/1977,195,6443,23,12.6,0.64,13.8,5.555555556,0,331,268
15/07/1977,196,6444,24,12.6,0.64,13.6,5.333333333,0,331,269
15/07/1977,196,6445,1,12.5,0.64,13.5,5.305555556,0,331,269
15/07/1977,196,6446,2,12.2,0.65,13.3,5.083333333,0,331,269
15/07/1977,196,6447,3,11.9,0.66,13,4.75,0,331,269
15/07/1977,196,6448,4,11.8,0.68,12.8,4.694444444,4.04,331,269
15/07/1977,196,6449,5,12.2,0.67,13,5.166666667,74.74,331,269
15/07/1977,196,6450,6,12.9,0.63,13.4,5.916666667,216.14,331,269
15/07/1977,196,6451,7,13.1,0.64,13.9,6.611111111,363.6,331,269
15/07/1977,196,6452,8,13.8,0.6,14.7,6.638888889,688.82,331,269
15/07/1977,196,6453,9,14.4,0.56,15.5,6.277777778,868.6,331,269
15/07/1977,196,6454,10,14.7,0.54,16.1,6.416666667,900.92,331,269
15/07/1977,196,6455,11,15.2,0.51,16.7,6.222222222,943.34,331,269
15/07/1977,196,6456,12,15.3,0.51,16.9,6.305555556,830.22,331,269
15/07/1977,196,6457,13,15.6,0.51,17.4,6.277777778,906.98,331,269
15/07/1977,196,6458,14,15.6,0.53,17.5,5.861111111,719.12,331,269
15/07/1977,196,6459,15,15.5,0.54,17.4,5.5,747.4,331,269
15/07/1977,196,6460,16,15.3,0.55,16.9,5.277777778,581.76,331,269
15/07/1977,196,6461,17,15.1,0.56,16.6,5.055555556,498.94,331,269
15/07/1977,196,6462,18,14.9,0.56,16.2,4.833333333,327.24,331,269
15/07/1977,196,6463,19,14,0.62,15.4,4.333333333,159.58,331,269
15/07/1977,196,6464,20,13.3,0.65,14.6,3.611111111,28.28,331,269
15/07/1977,196,6465,21,12.6,0.68,13.9,3.138888889,0,331,269
15/07/1977,196,6466,22,12,0.71,13.3,3.361111111,0,331,269
15/07/1977,196,6467,23,11.7,0.74,12.9,3.083333333,0,331,269
16/07/1977,197,6468,24,11.4,0.75,12.5,2.777777778,0,331,270
16/07/1977,197,6469,1,11.4,0.75,12.4,2.583333333,0,331,270
16/07/1977,197,6470,2,11.4,0.76,12.3,2.444444444,0,331,270
16/07/1977,197,6471,3,11.3,0.77,12.2,2.388888889,0,331,270
16/07/1977,197,6472,4,11.2,0.79,12.1,2.75,4.04,331,270
16/07/1977,197,6473,5,11.6,0.79,12.3,3.333333333,80.8,331,270
16/07/1977,197,6474,6,12.5,0.74,13,3.638888889,234.32,331,270
16/07/1977,197,6475,7,13.2,0.71,13.9,4.444444444,412.08,331,270
16/07/1977,197,6476,8,14.2,0.63,14.8,4.611111111,535.3,331,270
16/07/1977,197,6477,9,15.1,0.58,15.5,4.694444444,749.42,331,270
16/07/1977,197,6478,10,16,0.55,16.3,4.527777778,757.5,331,270
16/07/1977,197,6479,11,16.7,0.55,16.8,4.555555556,868.6,331,270
16/07/1977,197,6480,12,17.7,0.52,17.9,4.861111111,1157.46,331,270
16/07/1977,197,6481,13,18.2,0.52,18.3,5.361111111,1001.92,331,270
16/07/1977,197,6482,14,18.1,0.56,18.5,6,1020.1,331,270
16/07/1977,197,6483,15,17.8,0.59,18.4,6.194444444,793.86,331,270
16/07/1977,197,6484,16,17.8,0.61,18.5,6.138888889,739.32,331,270
16/07/1977,197,6485,17,17.4,0.63,18.1,5.777777778,608.02,331,270
16/07/1977,197,6486,18,16.9,0.66,17.6,5.055555556,399.96,331,270
16/07/1977,197,6487,19,15.9,0.73,16.7,4.305555556,179.78,331,270
16/07/1977,197,6488,20,15.1,0.78,15.9,3.611111111,30.3,331,270
16/07/1977,197,6489,21,14.2,0.84,15.1,3.277777778,0,331,270
16/07/1977,197,6490,22,13.8,0.87,14.6,3.722222222,0,331,270
16/07/1977,197,6491,23,13.7,0.87,14.3,3.583333333,0,331,270
17/07/1977,198,6492,24,13.5,0.88,14.1,3.638888889,0,331,271
17/07/1977,198,6493,1,13.5,0.89,13.9,3.638888889,0,331,271
17/07/1977,198,6494,2,13.4,0.9,13.8,3.666666667,0,331,271
17/07/1977,198,6495,3,12.9,0.92,13.5,3.527777778,0,331,271
17/07/1977,198,6496,4,12.6,0.93,13.2,3.444444444,2.02,331,271
17/07/1977,198,6497,5,12.9,0.92,13.3,3.722222222,74.74,331,271
17/07/1977,198,6498,6,14.2,0.85,14.2,3.944444444,248.46,331,271
17/07/1977,198,6499,7,15.4,0.79,15.3,4.305555556,505,331,271
17/07/1977,198,6500,8,16.5,0.7,16.5,4.833333333,771.64,331,271
17/07/1977,198,6501,9,17.3,0.63,17.6,5.75,1054.44,331,271
17/07/1977,198,6502,10,17.9,0.59,18.3,5.916666667,1050.4,331,271
17/07/1977,198,6503,11,18.2,0.56,18.9,6.111111111,1153.42,331,271
17/07/1977,198,6504,12,18.5,0.54,19.4,6.305555556,1393.8,331,271
17/07/1977,198,6505,13,18.2,0.56,19.3,6.138888889,1131.2,331,271
17/07/1977,198,6506,14,18,0.56,19.1,5.444444444,781.74,331,271
17/07/1977,198,6507,15,17.8,0.56,18.8,4.305555556,357.54,331,271
17/07/1977,198,6508,16,17.9,0.57,18.8,3.888888889,620.14,331,271
17/07/1977,198,6509,17,17.7,0.59,18.5,4.472222222,606,331,271
17/07/1977,198,6510,18,17.3,0.63,17.9,5.055555556,351.48,331,271
17/07/1977,198,6511,19,16.4,0.67,17.1,5.5,119.18,331,271
17/07/1977,198,6512,20,15.7,0.72,16.5,5.722222222,18.18,331,271
17/07/1977,198,6513,21,14.9,0.79,16,6.666666667,0,331,271
17/07/1977,198,6514,22,14.6,0.81,15.4,6.944444444,0,331,271
17/07/1977,198,6515,23,14.5,0.81,15.1,6.861111111,0,331,271
18/07/1977,199,6516,24,14.5,0.8,15,6.75,0,331,272
18/07/1977,199,6517,1,14.6,0.78,14.9,7.388888889,0,331,272
18/07/1977,199,6518,2,14.7,0.78,14.9,8.222222222,0,331,272
18/07/1977,199,6519,3,14.5,0.81,14.8,8.194444444,0,331,272
18/07/1977,199,6520,4,14.4,0.84,14.6,8.083333333,0,331,272
18/07/1977,199,6521,5,14.5,0.87,14.6,8.416666667,10.1,331,272
18/07/1977,199,6522,6,14.6,0.89,14.7,8.138888889,52.52,331,272
18/07/1977,199,6523,7,14.7,0.94,14.8,8,103.02,331,272
18/07/1977,199,6524,8,15,0.92,15,7.555555556,218.16,331,272
18/07/1977,199,6525,9,15.6,0.91,15.4,7.5,256.54,331,272
18/07/1977,199,6526,10,16.2,0.86,15.8,6.444444444,494.9,331,272
18/07/1977,199,6527,11,17.2,0.82,16.5,6.194444444,678.72,331,272
18/07/1977,199,6528,12,18,0.79,17.6,6.444444444,953.44,331,272
18/07/1977,199,6529,13,18.6,0.74,18.7,6.444444444,1264.52,331,272
18/07/1977,199,6530,14,18.8,0.69,19.3,6.722222222,1373.6,331,272
18/07/1977,199,6531,15,18.4,0.66,19.2,6.805555556,977.68,331,272
18/07/1977,199,6532,16,18.2,0.63,19,6.916666667,801.94,331,272
18/07/1977,199,6533,17,17.8,0.64,18.5,6.611111111,553.48,331,272
18/07/1977,199,6534,18,17,0.69,17.8,5.722222222,337.34,331,272
18/07/1977,199,6535,19,15.8,0.74,16.8,5,145.44,331,272
18/07/1977,199,6536,20,15.1,0.79,16,4.416666667,24.24,331,272
18/07/1977,199,6537,21,14.6,0.8,15.5,5.083333333,0,331,272
18/07/1977,199,6538,22,14.3,0.8,15.1,5.166666667,0,331,272
18/07/1977,199,6539,23,13.8,0.81,14.7,5.944444444,0,331,272
19/07/1977,200,6540,24,13.8,0.79,14.5,6.722222222,0,331,273
19/07/1977,200,6541,1,13.6,0.81,14.3,6.972222222,0,331,273
19/07/1977,200,6542,2,13.6,0.84,14.2,6.5,0,331,273
19/07/1977,200,6543,3,13.7,0.86,14.1,6.416666667,0,331,273
19/07/1977,200,6544,4,13.8,0.85,14.1,6.777777778,2.02,331,273
19/07/1977,200,6545,5,13.8,0.87,14.1,6.611111111,58.58,331,273
19/07/1977,200,6546,6,14,0.87,14.3,6.222222222,183.82,331,273
19/07/1977,200,6547,7,14.5,0.82,14.8,6.194444444,517.12,331,273
19/07/1977,200,6548,8,15.1,0.77,15.5,5.916666667,650.44,331,273
19/07/1977,200,6549,9,16.1,0.69,16.6,6.194444444,921.12,331,273
19/07/1977,200,6550,10,16.8,0.66,17.3,6.5,951.42,331,273
19/07/1977,200,6551,11,16.9,0.68,17.7,6.416666667,1020.1,331,273
19/07/1977,200,6552,12,17.2,0.68,18,6.916666667,1020.1,331,273
19/07/1977,200,6553,13,17.2,0.68,17.9,7.361111111,696.9,331,273
19/07/1977,200,6554,14,17.4,0.67,17.9,7.555555556,840.32,331,273
19/07/1977,200,6555,15,17.8,0.65,18,7.472222222,900.92,331,273
19/07/1977,200,6556,16,18.1,0.63,18.4,7.027777778,894.86,331,273
19/07/1977,200,6557,17,17.9,0.63,18.1,6.638888889,551.46,331,273
19/07/1977,200,6558,18,17.5,0.65,17.6,5.777777778,323.2,331,273
19/07/1977,200,6559,19,16.6,0.69,17,5.694444444,137.36,331,273
19/07/1977,200,6560,20,15.9,0.71,16.3,5.666666667,18.18,331,273
19/07/1977,200,6561,21,15.5,0.72,15.9,5.916666667,0,331,273
19/07/1977,200,6562,22,15.2,0.73,15.6,6.444444444,0,331,273
19/07/1977,200,6563,23,15.1,0.73,15.4,6.611111111,0,331,273
20/07/1977,201,6564,24,14.8,0.74,15.2,6.611111111,0,331,274
20/07/1977,201,6565,1,14.4,0.76,15,6.611111111,0,331,274
20/07/1977,201,6566,2,14.1,0.78,14.8,6.583333333,0,331,274
20/07/1977,201,6567,3,13.7,0.81,14.6,6.861111111,0,331,274
20/07/1977,201,6568,4,13.7,0.83,14.4,6.972222222,2.02,331,274
20/07/1977,201,6569,5,13.8,0.84,14.5,6.944444444,44.44,331,274
20/07/1977,201,6570,6,14.1,0.85,14.7,6.5,139.38,331,274
20/07/1977,201,6571,7,14.6,0.85,15.1,6.25,290.88,331,274
20/07/1977,201,6572,8,15.2,0.82,15.6,6,612.06,331,274
20/07/1977,201,6573,9,15.9,0.78,16.6,6.138888889,777.7,331,274
20/07/1977,201,6574,10,16.5,0.75,17.4,6.916666667,824.16,331,274
20/07/1977,201,6575,11,16.5,0.75,17.8,6.666666667,937.28,331,274
20/07/1977,201,6576,12,16.2,0.73,17.9,6.333333333,1064.54,331,274
20/07/1977,201,6577,13,16.6,0.73,17.7,5.694444444,1034.24,331,274
20/07/1977,201,6578,14,17.2,0.7,18.5,5.666666667,1183.72,331,274
20/07/1977,201,6579,15,17.2,0.68,18.5,5.722222222,917.08,331,274
20/07/1977,201,6580,16,16.6,0.7,18.1,6.111111111,840.32,331,274
20/07/1977,201,6581,17,15.7,0.74,17.2,5.916666667,551.46,331,274
20/07/1977,201,6582,18,15,0.77,16.4,5.5,315.12,331,274
20/07/1977,201,6583,19,14.7,0.77,15.7,4.805555556,157.56,331,274
20/07/1977,201,6584,20,14,0.82,15.1,4.527777778,18.18,331,274
20/07/1977,201,6585,21,13.6,0.85,14.6,4.111111111,0,331,274
20/07/1977,201,6586,22,13.5,0.86,14.4,4.527777778,0,331,274
20/07/1977,201,6587,23,13.3,0.86,14.1,4.916666667,0,331,274
21/07/1977,202,6588,24,13.1,0.85,13.9,4.333333333,0,331,275
21/07/1977,202,6589,1,12.9,0.85,13.7,3.833333333,0,331,275
21/07/1977,202,6590,2,12.6,0.87,13.4,3.583333333,0,331,275
21/07/1977,202,6591,3,12.4,0.88,13.2,3.555555556,0,331,275
21/07/1977,202,6592,4,12.3,0.88,13.1,3.444444444,2.02,331,275
21/07/1977,202,6593,5,12.7,0.87,13.2,3.527777778,58.58,331,275
21/07/1977,202,6594,6,13.6,0.83,13.8,3.555555556,216.14,331,275
21/07/1977,202,6595,7,14.4,0.79,14.6,3.888888889,480.76,331,275
21/07/1977,202,6596,8,15.3,0.77,15.6,3.972222222,707,331,275
21/07/1977,202,6597,9,16.1,0.74,16.7,4.111111111,957.48,331,275
21/07/1977,202,6598,10,17,0.71,17.9,4.75,1197.86,331,275
21/07/1977,202,6599,11,17.5,0.68,18.7,5.055555556,1266.54,331,275
21/07/1977,202,6600,12,17.7,0.66,19.2,5.055555556,1276.64,331,275
21/07/1977,202,6601,13,17.6,0.64,19.4,5.444444444,1298.86,331,275
21/07/1977,202,6602,14,17.5,0.62,19.3,5.611111111,1119.08,331,275
21/07/1977,202,6603,15,17.4,0.61,19.1,5.527777778,1001.92,331,275
21/07/1977,202,6604,16,17.1,0.61,18.6,5.305555556,755.48,331,275
21/07/1977,202,6605,17,16.8,0.63,18.2,4.666666667,636.3,331,275
21/07/1977,202,6606,18,16.3,0.66,17.6,3.833333333,391.88,331,275
21/07/1977,202,6607,19,15.2,0.73,16.6,2.777777778,147.46,331,275
21/07/1977,202,6608,20,14.6,0.77,15.8,2.111111111,18.18,331,275
21/07/1977,202,6609,21,14,0.82,15.1,2.111111111,0,331,275
21/07/1977,202,6610,22,13.3,0.87,14.4,2.416666667,0,331,275
21/07/1977,202,6611,23,12.8,0.89,13.9,2.416666667,0,331,275
22/07/1977,203,6612,24,12.3,0.92,13.5,2.5,0,331,276
22/07/1977,203,6613,1,12.4,0.93,13.4,2.888888889,0,331,276
22/07/1977,203,6614,2,12.6,0.93,13.4,3.111111111,0,331,276
22/07/1977,203,6615,3,12.9,0.91,13.6,3.222222222,0,331,276
22/07/1977,203,6616,4,13,0.9,13.7,3.5,0,331,276
22/07/1977,203,6617,5,13.3,0.89,13.8,3.805555556,52.52,331,276
22/07/1977,203,6618,6,14,0.85,14.2,3.833333333,141.4,331,276
22/07/1977,203,6619,7,14.8,0.83,14.9,3.972222222,228.26,331,276
22/07/1977,203,6620,8,15.9,0.79,15.8,4.111111111,452.48,331,276
22/07/1977,203,6621,9,16.7,0.75,16.7,4.333333333,727.2,331,276
22/07/1977,203,6622,10,17.5,0.7,17.5,4.5,993.84,331,276
22/07/1977,203,6623,11,18.3,0.66,18.2,4.638888889,1032.22,331,276
22/07/1977,203,6624,12,18.8,0.63,18.7,4.611111111,947.38,331,276
22/07/1977,203,6625,13,19.5,0.58,19.3,4.361111111,1078.68,331,276
22/07/1977,203,6626,14,19.6,0.57,19.4,4.611111111,955.46,331,276
22/07/1977,203,6627,15,19.5,0.59,19.4,4.611111111,747.4,331,276
22/07/1977,203,6628,16,19,0.65,19.1,4.694444444,551.46,331,276
22/07/1977,203,6629,17,18.8,0.67,18.9,4.722222222,488.84,331,276
22/07/1977,203,6630,18,18.1,0.73,18.3,4.611111111,260.58,331,276
22/07/1977,203,6631,19,17.1,0.77,17.6,4.722222222,64.64,331,276
22/07/1977,203,6632,20,16.7,0.8,17.1,4.555555556,6.06,331,276
22/07/1977,203,6633,21,16.5,0.82,16.7,4.444444444,0,331,276
22/07/1977,203,6634,22,16.3,0.84,16.5,4.194444444,0,331,276
22/07/1977,203,6635,23,16.2,0.86,16.3,3.944444444,0,331,276
23/07/1977,204,6636,24,16,0.88,16.1,3.638888889,0,331,277
23/07/1977,204,6637,1,15.9,0.89,16,3.5,0,331,277
23/07/1977,204,6638,2,15.7,0.92,15.8,3.527777778,0,331,277
23/07/1977,204,6639,3,15.9,0.92,15.8,3.75,0,331,277
23/07/1977,204,6640,4,15.9,0.93,15.8,3.833333333,0,331,277
23/07/1977,204,6641,5,16.2,0.93,15.9,3.972222222,24.24,331,277
23/07/1977,204,6642,6,16.8,0.91,16.3,4.027777778,76.76,331,277
23/07/1977,204,6643,7,18,0.88,16.9,4.583333333,163.62,331,277
23/07/1977,204,6644,8,18.7,0.86,17.4,4.694444444,220.18,331,277
23/07/1977,204,6645,9,19.3,0.84,17.9,4.583333333,315.12,331,277
23/07/1977,204,6646,10,19.9,0.83,18.4,4.75,303,331,277
23/07/1977,204,6647,11,20.6,0.81,19.2,4.472222222,527.22,331,277
23/07/1977,204,6648,12,21.3,0.78,19.9,4.666666667,688.82,331,277
23/07/1977,204,6649,13,22.1,0.75,20.2,4.694444444,785.78,331,277
23/07/1977,204,6650,14,22.4,0.73,20.6,4.638888889,767.6,331,277
23/07/1977,204,6651,15,22.3,0.74,20.7,4.888888889,620.14,331,277
23/07/1977,204,6652,16,21.9,0.76,20.6,5.194444444,601.96,331,277
23/07/1977,204,6653,17,21.5,0.78,20.2,5.527777778,430.26,331,277
23/07/1977,204,6654,18,21.2,0.78,19.9,5.805555556,266.64,331,277
23/07/1977,204,6655,19,19.8,0.86,19.3,5.805555556,119.18,331,277
23/07/1977,204,6656,20,19,0.86,18.6,5.944444444,14.14,331,277
23/07/1977,204,6657,21,18.4,0.86,18.1,6.361111111,0,331,277
23/07/1977,204,6658,22,17.8,0.85,17.7,6.5,0,331,277
23/07/1977,204,6659,23,17.2,0.83,17.4,7.5,0,331,277
24/07/1977,205,6660,24,16.6,0.83,17,7.916666667,0,331,278
24/07/1977,205,6661,1,16.3,0.85,16.7,8,0,331,278
24/07/1977,205,6662,2,16.1,0.87,16.5,8.083333333,0,331,278
24/07/1977,205,6663,3,16,0.87,16.4,8.083333333,0,331,278
24/07/1977,205,6664,4,16,0.88,16.3,8.25,0,331,278
24/07/1977,205,6665,5,16.2,0.88,16.4,8.5,46.46,331,278
24/07/1977,205,6666,6,16.3,0.88,16.5,9.361111111,96.96,331,278
24/07/1977,205,6667,7,16.3,0.87,16.6,10.36111111,163.62,331,278
24/07/1977,205,6668,8,16.2,0.87,16.6,10.38888889,240.38,331,278
24/07/1977,205,6669,9,16.3,0.87,16.7,9.75,327.24,331,278
24/07/1977,205,6670,10,16.3,0.83,16.7,9.055555556,385.82,331,278
24/07/1977,205,6671,11,15.8,0.79,16.4,7.75,424.2,331,278
24/07/1977,205,6672,12,15.4,0.82,16.1,7.166666667,288.86,331,278
24/07/1977,205,6673,13,15.1,0.81,15.7,6.972222222,288.86,331,278
24/07/1977,205,6674,14,15.2,0.78,15.6,6.805555556,294.92,331,278
24/07/1977,205,6675,15,15.7,0.73,15.9,7,294.92,331,278
24/07/1977,205,6676,16,16.1,0.7,16.3,7.027777778,335.32,331,278
24/07/1977,205,6677,17,16.3,0.69,16.6,7.583333333,393.9,331,278
24/07/1977,205,6678,18,16.1,0.69,16.4,7,288.86,331,278
24/07/1977,205,6679,19,14.9,0.78,15.9,6.361111111,143.42,331,278
24/07/1977,205,6680,20,14.3,0.81,15.2,5.888888889,18.18,331,278
24/07/1977,205,6681,21,13.9,0.83,14.8,5.805555556,0,331,278
24/07/1977,205,6682,22,13.7,0.85,14.5,5.722222222,0,331,278
24/07/1977,205,6683,23,13.5,0.87,14.3,5.611111111,0,331,278
25/07/1977,206,6684,24,13.4,0.87,14.1,5.25,0,331,279
25/07/1977,206,6685,1,13.2,0.89,14,5.277777778,0,331,279
25/07/1977,206,6686,2,13.3,0.89,14,5.333333333,0,331,279
25/07/1977,206,6687,3,13,0.91,13.9,5.527777778,0,331,279
25/07/1977,206,6688,4,12.6,0.91,13.7,5.055555556,0,331,279
25/07/1977,206,6689,5,12.5,0.91,13.7,4.611111111,28.28,331,279
25/07/1977,206,6690,6,12.6,0.91,13.7,4.416666667,98.98,331,279
25/07/1977,206,6691,7,13.4,0.93,14.1,3.75,212.1,331,279
25/07/1977,206,6692,8,14,0.91,14.5,3.333333333,333.3,331,279
25/07/1977,206,6693,9,14.7,0.9,15.2,3.111111111,521.16,331,279
25/07/1977,206,6694,10,15.7,0.88,16.2,2.694444444,652.46,331,279
25/07/1977,206,6695,11,16.3,0.79,17,2.694444444,874.66,331,279
25/07/1977,206,6696,12,16.1,0.76,17.4,3.444444444,1038.28,331,279
25/07/1977,206,6697,13,15.5,0.81,17.1,4,678.72,331,279
25/07/1977,206,6698,14,15.9,0.81,17.1,4,838.3,331,279
25/07/1977,206,6699,15,16.1,0.78,17.2,4.277777778,779.72,331,279
25/07/1977,206,6700,16,16,0.76,17,4.361111111,686.8,331,279
25/07/1977,206,6701,17,15.6,0.74,16.7,4.527777778,442.38,331,279
25/07/1977,206,6702,18,15.2,0.74,16.1,4.416666667,276.74,331,279
25/07/1977,206,6703,19,14.1,0.77,15.4,4.083333333,105.04,331,279
25/07/1977,206,6704,20,13.5,0.79,14.7,3.666666667,12.12,331,279
25/07/1977,206,6705,21,13.2,0.82,14.2,3.527777778,0,331,279
25/07/1977,206,6706,22,12.6,0.85,13.8,3.694444444,0,331,279
25/07/1977,206,6707,23,12.4,0.86,13.5,3.694444444,0,331,279
26/07/1977,207,6708,24,12.4,0.87,13.4,3.638888889,0,331,280
26/07/1977,207,6709,1,12.3,0.88,13.3,3.805555556,0,331,280
26/07/1977,207,6710,2,12.2,0.88,13.2,4.055555556,0,331,280
26/07/1977,207,6711,3,11.9,0.9,13,4.388888889,0,331,280
26/07/1977,207,6712,4,12,0.89,12.9,4.527777778,0,331,280
26/07/1977,207,6713,5,12,0.88,12.8,4.666666667,54.54,331,280
26/07/1977,207,6714,6,12.7,0.85,13.1,5.25,202,331,280
26/07/1977,207,6715,7,12.9,0.84,13.7,5.666666667,418.14,331,280
26/07/1977,207,6716,8,13.8,0.83,14.4,5.805555556,711.04,331,280
26/07/1977,207,6717,9,14.5,0.82,15.2,6,852.44,331,280
26/07/1977,207,6718,10,15.4,0.8,16.1,6.416666667,937.28,331,280
26/07/1977,207,6719,11,15.9,0.78,16.6,6.916666667,935.26,331,280
26/07/1977,207,6720,12,16.4,0.76,17.2,7.527777778,1238.26,331,280
26/07/1977,207,6721,13,15.2,0.78,17,7.25,917.08,331,280
26/07/1977,207,6722,14,14.6,0.84,16.1,7.611111111,414.1,331,280
26/07/1977,207,6723,15,14.7,0.86,15.7,7.888888889,359.56,331,280
26/07/1977,207,6724,16,15.1,0.85,15.8,8.166666667,466.62,331,280
26/07/1977,207,6725,17,14.4,0.83,15.4,8,325.22,331,280
26/07/1977,207,6726,18,14.2,0.81,14.9,7.694444444,228.26,331,280
26/07/1977,207,6727,19,13.7,0.81,14.4,6.888888889,66.66,331,280
26/07/1977,207,6728,20,13.5,0.82,14,5.833333333,10.1,331,280
26/07/1977,207,6729,21,13.2,0.83,13.7,5.527777778,0,331,280
26/07/1977,207,6730,22,12.7,0.85,13.4,6,0,331,280
26/07/1977,207,6731,23,12.7,0.85,13.2,6,0,331,280
27/07/1977,208,6732,24,12.8,0.84,13.2,5.833333333,0,331,281
27/07/1977,208,6733,1,12.8,0.84,13.1,5.166666667,0,331,281
27/07/1977,208,6734,2,12.7,0.85,13.1,4.694444444,0,331,281
27/07/1977,208,6735,3,12.4,0.88,13,4.25,0,331,281
27/07/1977,208,6736,4,12.3,0.9,12.9,4.055555556,0,331,281
27/07/1977,208,6737,5,12.4,0.91,12.9,4.111111111,36.36,331,281
27/07/1977,208,6738,6,12.8,0.9,13.1,4.111111111,145.44,331,281
27/07/1977,208,6739,7,13.7,0.88,13.6,4.388888889,262.6,331,281
27/07/1977,208,6740,8,14.6,0.86,14.5,4.222222222,486.82,331,281
27/07/1977,208,6741,9,15.3,0.84,15.2,4.25,660.54,331,281
27/07/1977,208,6742,10,15.8,0.81,15.8,4.527777778,822.14,331,281
27/07/1977,208,6743,11,16.4,0.77,16.5,4.861111111,929.2,331,281
27/07/1977,208,6744,12,16.9,0.73,17.2,4.75,1161.5,331,281
27/07/1977,208,6745,13,17.2,0.7,17.8,4.583333333,1092.82,331,281
27/07/1977,208,6746,14,16.5,0.69,17.7,4.472222222,884.76,331,281
27/07/1977,208,6747,15,16.6,0.66,17.4,4.444444444,725.18,331,281
27/07/1977,208,6748,16,16.3,0.66,17,4.25,674.68,331,281
27/07/1977,208,6749,17,16.1,0.66,16.8,4.194444444,519.14,331,281
27/07/1977,208,6750,18,15.8,0.68,16.3,3.333333333,337.34,331,281
27/07/1977,208,6751,19,14.7,0.75,15.5,2.222222222,117.16,331,281
27/07/1977,208,6752,20,14,0.79,14.8,2,10.1,331,281
27/07/1977,208,6753,21,13.3,0.84,14.2,1.75,0,331,281
27/07/1977,208,6754,22,12.2,0.9,13.4,1.5,0,331,281
27/07/1977,208,6755,23,11.6,0.91,12.8,1.527777778,0,331,281
28/07/1977,209,6756,24,11.3,0.91,12.4,1.527777778,0,331,282
28/07/1977,209,6757,1,11.2,0.91,12,1.916666667,0,331,282
28/07/1977,209,6758,2,11.3,0.91,11.8,1.694444444,0,331,282
28/07/1977,209,6759,3,12.1,0.89,11.5,1.444444444,0,331,282
28/07/1977,209,6760,4,12.2,0.89,11.5,1.305555556,0,331,282
28/07/1977,209,6761,5,12.1,0.9,11.5,1.138888889,56.56,331,282
28/07/1977,209,6762,6,12.4,0.93,12.7,0.805555556,222.2,331,282
28/07/1977,209,6763,7,13.8,0.86,15.1,0.638888889,412.08,331,282
28/07/1977,209,6764,8,15,0.78,16.1,0.527777778,644.38,331,282
28/07/1977,209,6765,9,16,0.72,17.1,0.694444444,870.62,331,282
28/07/1977,209,6766,10,16.5,0.72,17.7,1.944444444,902.94,331,282
28/07/1977,209,6767,11,17.4,0.72,19,2.277777778,1329.16,331,282
28/07/1977,209,6768,12,17.8,0.68,19.3,2.416666667,1216.04,331,282
28/07/1977,209,6769,13,17.4,0.69,18.9,2.833333333,937.28,331,282
28/07/1977,209,6770,14,17.7,0.68,18.8,3.527777778,947.38,331,282
28/07/1977,209,6771,15,17,0.71,18.3,4.277777778,731.24,331,282
28/07/1977,209,6772,16,16.5,0.74,17.5,4.833333333,587.82,331,282
28/07/1977,209,6773,17,16.4,0.74,17,4.722222222,329.26,331,282
28/07/1977,209,6774,18,16.1,0.75,16.6,4.611111111,189.88,331,282
28/07/1977,209,6775,19,15.3,0.79,16,4.666666667,64.64,331,282
28/07/1977,209,6776,20,14.9,0.81,15.5,4.75,6.06,331,282
28/07/1977,209,6777,21,14.6,0.82,15.1,4.722222222,0,331,282
28/07/1977,209,6778,22,14.3,0.82,14.9,4.944444444,0,331,282
28/07/1977,209,6779,23,14.1,0.83,14.7,5.138888889,0,331,282
29/07/1977,210,6780,24,13.8,0.83,14.5,5.361111111,0,331,283
29/07/1977,210,6781,1,13.6,0.84,14.3,5.388888889,0,331,283
29/07/1977,210,6782,2,13.4,0.84,14.1,5.444444444,0,331,283
29/07/1977,210,6783,3,13.2,0.85,13.9,5.75,0,331,283
29/07/1977,210,6784,4,13.1,0.84,13.8,6.027777778,0,331,283
29/07/1977,210,6785,5,13.1,0.84,13.7,6.055555556,24.24,331,283
29/07/1977,210,6786,6,13.4,0.83,13.8,6,92.92,331,283
29/07/1977,210,6787,7,13.4,0.85,13.9,6.111111111,78.78,331,283
29/07/1977,210,6788,8,13.9,0.85,14.1,6,228.26,331,283
29/07/1977,210,6789,9,14.7,0.8,14.5,6.25,488.84,331,283
29/07/1977,210,6790,10,15.4,0.78,14.9,6.222222222,535.3,331,283
29/07/1977,210,6791,11,16.7,0.74,15.8,6.722222222,620.14,331,283
29/07/1977,210,6792,12,18.1,0.69,17.1,5.777777778,674.68,331,283
29/07/1977,210,6793,13,18.9,0.68,18.1,5.111111111,818.1,331,283
29/07/1977,210,6794,14,19.2,0.68,18.5,6.083333333,933.24,331,283
29/07/1977,210,6795,15,19.2,0.69,18.6,6.472222222,977.68,331,283
29/07/1977,210,6796,16,18.5,0.72,18.4,6.111111111,749.42,331,283
29/07/1977,210,6797,17,17.4,0.77,17.5,5.722222222,460.56,331,283
29/07/1977,210,6798,18,16.6,0.78,16.9,5.472222222,242.4,331,283
29/07/1977,210,6799,19,15.8,0.81,16.2,5.555555556,64.64,331,283
29/07/1977,210,6800,20,15.2,0.82,15.6,5.805555556,4.04,331,283
29/07/1977,210,6801,21,14.7,0.82,15.2,5.666666667,0,331,283
29/07/1977,210,6802,22,14.5,0.82,14.8,5.25,0,331,283
29/07/1977,210,6803,23,14.3,0.82,14.6,5.111111111,0,331,283
30/07/1977,211,6804,24,14.2,0.82,14.4,4.805555556,0,331,284
30/07/1977,211,6805,1,14.1,0.84,14.3,4.611111111,0,331,284
30/07/1977,211,6806,2,13.9,0.87,14.2,4.555555556,0,331,284
30/07/1977,211,6807,3,13.9,0.88,14.1,4.694444444,0,331,284
30/07/1977,211,6808,4,13.9,0.88,14,4.666666667,0,331,284
30/07/1977,211,6809,5,14,0.89,14,4.916666667,34.34,331,284
30/07/1977,211,6810,6,14.6,0.88,14.4,4.833333333,159.58,331,284
30/07/1977,211,6811,7,15.7,0.87,15.1,4.833333333,391.88,331,284
30/07/1977,211,6812,8,17,0.81,16.1,5.527777778,474.7,331,284
30/07/1977,211,6813,9,18.3,0.76,17.2,5.666666667,789.82,331,284
30/07/1977,211,6814,10,19.2,0.74,18.4,5.416666667,1161.5,331,284
30/07/1977,211,6815,11,20,0.71,19.4,5.638888889,1387.74,331,284
30/07/1977,211,6816,12,21,0.67,20.4,5.638888889,1531.16,331,284
30/07/1977,211,6817,13,21.5,0.64,21,5.611111111,1446.32,331,284
30/07/1977,211,6818,14,21.8,0.62,21.3,5.722222222,1395.82,331,284
30/07/1977,211,6819,15,21.7,0.62,21.3,5.944444444,1209.98,331,284
30/07/1977,211,6820,16,21,0.64,20.9,6.388888889,981.72,331,284
30/07/1977,211,6821,17,20,0.69,20.2,6.611111111,692.86,331,284
30/07/1977,211,6822,18,18.7,0.73,19.3,6.694444444,399.96,331,284
30/07/1977,211,6823,19,17.3,0.74,18.2,6.5,137.36,331,284
30/07/1977,211,6824,20,16.2,0.76,17.2,5.972222222,10.1,331,284
30/07/1977,211,6825,21,15.4,0.77,16.5,5.361111111,0,331,284
30/07/1977,211,6826,22,14.8,0.79,15.9,4.861111111,0,331,284
30/07/1977,211,6827,23,14.4,0.8,15.5,5.305555556,0,331,284
31/07/1977,212,6828,24,13.9,0.84,15.1,5.472222222,0,331,285
31/07/1977,212,6829,1,13.6,0.86,14.8,5.555555556,0,331,285
31/07/1977,212,6830,2,13.4,0.87,14.5,6.138888889,0,331,285
31/07/1977,212,6831,3,13.2,0.87,14.3,6.25,0,331,285
31/07/1977,212,6832,4,13,0.88,14.1,5.75,0,331,285
31/07/1977,212,6833,5,13.1,0.88,14.1,5.777777778,52.52,331,285
31/07/1977,212,6834,6,13.7,0.82,14.5,6.555555556,236.34,331,285
31/07/1977,212,6835,7,14.9,0.72,15.3,6.75,422.18,331,285
31/07/1977,212,6836,8,15.5,0.68,15.9,6.555555556,591.86,331,285
31/07/1977,212,6837,9,16,0.66,16.4,6.416666667,715.08,331,285
31/07/1977,212,6838,10,16.4,0.64,16.8,6.194444444,670.64,331,285
31/07/1977,212,6839,11,17,0.63,17.4,6.416666667,777.7,331,285
31/07/1977,212,6840,12,17.2,0.66,17.6,6.805555556,828.2,331,285
31/07/1977,212,6841,13,17,0.7,17.6,7.611111111,660.54,331,285
31/07/1977,212,6842,14,16.8,0.72,17.5,7.916666667,628.22,331,285
31/07/1977,212,6843,15,16.6,0.73,17.4,7.861111111,707,331,285
31/07/1977,212,6844,16,16.4,0.71,17.3,7.416666667,529.24,331,285
31/07/1977,212,6845,17,16,0.68,17.1,7.166666667,505,331,285
31/07/1977,212,6846,18,15.6,0.67,16.6,6.527777778,298.96,331,285
31/07/1977,212,6847,19,14.6,0.69,15.8,5.722222222,101,331,285
31/07/1977,212,6848,20,14.3,0.7,15.3,5.388888889,8.08,331,285
31/07/1977,212,6849,21,14,0.75,14.9,5.222222222,0,331,285
31/07/1977,212,6850,22,13.9,0.76,14.7,5.277777778,0,331,285
31/07/1977,212,6851,23,13.8,0.76,14.5,5.194444444,0,331,285
